Team,name,player_id,batting_position,runs,balls,fours,sixes,strike_rate,overs_bowled,overs,total_balls,dots,maidens,conceded,fours_conceded,sixes_conceded,wickets,LBW,Bowled,noballs,wides,economy_rate,catches,stumping,direct_hit,indirect_hit,strike_rate_fp,batting_fp,bowling_fp,fielding_fp,total_fp,age,batting,bowling,all_rounder,bowling_style,batting_style
Jamaica Tallawahs,CAK Walton,bbff906c,1,13,19,2,0,68.42,[],0.0,0,0,0,0,0,0,0,0,0,0,0,0.0,0,0,0,0,-2,19,0,0,19,39,True,False,False,,Right-hand bat
Jamaica Tallawahs,CH Gayle,db584dad,2,108,53,6,11,203.77,[],0.0,0,0,0,0,0,0,0,0,0,0,0,0.0,0,0,0,0,6,220,0,0,220,45,True,False,True,Right-arm offbreak,Left-hand bat
Jamaica Tallawahs,KC Sangakkara,6b71e6cf,3,20,14,1,1,142.86,[],0.0,0,0,0,0,0,0,0,0,0,0,0,0.0,2,0,0,0,2,32,0,16,48,47,True,True,False,Right-arm offbreak,Left-hand bat
Jamaica Tallawahs,AD Russell,bbd41817,4,24,18,2,1,133.33,[],0.0,0,0,0,0,0,0,0,0,0,0,0,0.0,0,0,0,0,2,40,0,0,40,36,True,False,True,Right-arm fast,Right-hand bat
Jamaica Tallawahs,R Powell,650d5e49,5,12,6,1,1,200.0,"[9, 11, 13, 15]",4.0,24,4,0,27,2,0,0,0,0,0,1,6.75,0,0,0,0,0,22,6,0,28,31,True,False,False,Right-arm medium-fast,Right-hand bat
Jamaica Tallawahs,Shakib Al Hasan,7dc35884,5,0,0,0,0,0.0,"[2, 4]",2.0,12,7,0,26,2,3,0,0,0,0,0,13.0,0,0,0,0,0,0,1,0,1,38,True,False,True,Slow left-arm orthodox,Left-hand bat
Jamaica Tallawahs,Imad Wasim,9cb8d7a6,6,0,0,0,0,0.0,"[1, 3, 6]",3.0,18,7,0,18,2,0,1,0,1,0,0,6.0,0,0,0,0,0,0,42,0,42,36,True,False,True,Slow left-arm orthodox,Left-hand bat
Jamaica Tallawahs,AM McCarthy,7f148ce7,7,0,0,0,0,0.0,[],0.0,0,0,0,0,0,0,0,0,0,0,0,0.0,0,0,0,0,0,0,0,0,0,37,True,False,False,Right-arm offbreak,Right-hand bat
Jamaica Tallawahs,DW Steyn,8fd1a8f5,8,0,0,0,0,0.0,"[5, 7, 17, 19]",4.0,24,3,0,56,5,3,1,0,0,0,4,14.0,0,0,0,0,0,0,22,0,22,41,True,False,False,Right-arm fast,Right-hand bat
Jamaica Tallawahs,KOK Williams,78cb83f3,9,0,0,0,0,0.0,"[8, 10, 18, 20]",4.0,24,9,0,34,5,1,1,0,0,0,0,8.5,0,0,0,0,0,0,34,0,34,35,True,False,False,Right-arm fast-medium,Right-hand bat
Jamaica Tallawahs,JL Jaggesar,2b85c8e6,10,0,0,0,0,0.0,"[12, 14, 16]",3.0,18,2,0,26,2,0,0,0,0,0,0,8.67,0,0,0,0,0,0,2,0,2,39,True,False,False,Right-arm offbreak,Right-hand bat
Trinbago Knight Riders,HM Amla,e798611a,1,74,52,6,3,142.31,[],0.0,0,0,0,0,0,0,0,0,0,0,0,0.0,0,0,0,0,2,126,0,0,126,41,True,False,False,Right-arm offbreak,Right-hand bat
Trinbago Knight Riders,BB McCullum,b8a55852,2,35,18,3,3,194.44,[],0.0,0,0,0,0,0,0,0,0,0,0,0,0.0,1,0,0,0,6,75,0,8,83,43,True,True,False,Right-arm offbreak,Right-hand bat
Trinbago Knight Riders,C Munro,af2c687b,3,55,39,5,1,141.03,[],0.0,0,0,0,0,0,0,0,0,0,0,0,0.0,0,0,0,0,2,91,0,0,91,38,True,False,False,Right-arm medium-fast,Left-hand bat
Trinbago Knight Riders,DJ Bravo,87e562a9,4,10,8,2,0,125.0,"[6, 8, 15, 17]",4.0,24,6,0,35,2,2,1,0,0,0,1,8.75,0,0,0,0,0,18,31,0,49,41,True,False,True,Right-arm medium,Right-hand bat
Trinbago Knight Riders,DM Bravo,14b14cd8,5,0,0,0,0,0.0,[],0.0,0,0,0,0,0,0,0,0,0,0,0,0.0,0,0,0,0,0,0,0,0,0,36,True,False,False,Right-arm medium,Left-hand bat
Trinbago Knight Riders,JPR Scantlebury-Searles,99ed60f8,5,8,3,2,0,266.67,"[9, 11]",2.0,12,1,0,35,2,3,0,0,0,0,2,17.5,0,0,0,0,0,16,-5,0,11,38,True,False,True,Right-arm fast-medium,Right-hand bat
Trinbago Knight Riders,KK Cooper,557153ca,6,0,0,0,0,0.0,"[5, 7, 12, 18]",4.0,24,5,0,43,4,2,0,0,0,0,2,10.75,0,0,0,0,0,0,3,0,3,36,True,False,True,Right-arm medium,Right-hand bat
Trinbago Knight Riders,SP Narine,9d430b40,7,0,0,0,0,0.0,"[2, 4, 10, 14]",4.0,24,19,0,9,0,0,1,0,1,0,4,2.25,0,0,0,0,0,0,58,0,58,36,True,False,True,Right-arm offbreak,Left-hand bat
Trinbago Knight Riders,Umar Akmal,fd2bf2a0,8,0,0,0,0,0.0,[],0.0,0,0,0,0,0,0,0,0,0,0,0,0.0,0,0,0,0,0,0,0,0,0,34,True,False,False,Right-arm offbreak,Right-hand bat
Trinbago Knight Riders,RR Beaton,684a56df,9,0,0,0,0,0.0,"[1, 3, 16, 19]",3.333,20,9,0,39,4,3,0,0,0,1,0,11.7,0,0,0,0,0,0,5,0,5,32,True,False,False,Right-arm fast-medium,Right-hand bat
Trinbago Knight Riders,SJ Benn,364ee2cf,10,0,0,0,0,0.0,[13],1.0,6,0,0,30,0,4,0,0,0,0,4,30.0,0,0,0,0,0,0,0,0,0,43,True,False,False,Slow left-arm orthodox,Left-hand bat
