Team,name,player_id,batting_position,runs,balls,fours,sixes,strike_rate,overs_bowled,overs,total_balls,dots,maidens,conceded,fours_conceded,sixes_conceded,wickets,LBW,Bowled,noballs,wides,economy_rate,catches,stumping,direct_hit,indirect_hit,strike_rate_fp,batting_fp,bowling_fp,fielding_fp,total_fp,age,batting,bowling,all_rounder,bowling_style,batting_style
Kenya,IA Karim,ca92a578,1,70,58,9,1,120.69,[],0.0,0,0,0,0,0,0,0,0,0,0,0,0.0,1,0,0,0,0,120,0,8,128,32,True,True,False,Right-arm offbreak,Left-hand bat
Kenya,AA Obanda,7081491e,2,9,6,2,0,150.0,[],0.0,0,0,0,0,0,0,0,0,0,0,0,0.0,0,0,0,0,0,17,0,0,17,37,True,False,False,Right-arm medium-fast,Right-hand bat
Kenya,DM Gondaria,9048c17e,3,20,15,2,0,133.33,"[6, 9, 11, 13]",4.0,24,8,0,32,1,2,0,0,0,0,0,8.0,0,0,1,0,2,30,8,12,50,30,True,False,False,Right-arm medium-fast,Right-hand bat
Kenya,RR Patel,7fa6bd8e,4,31,16,3,2,193.75,[12],1.0,6,3,0,6,1,0,0,0,0,0,0,6.0,0,0,0,0,6,65,3,0,68,35,True,True,False,Right-arm offbreak,Right-hand bat
Kenya,CO Obuya,5680f1ad,5,0,0,0,0,0.0,[],0.0,0,0,0,0,0,0,0,0,0,0,0,0.0,1,0,1,0,0,0,0,20,20,43,True,False,True,Legbreak,Right-hand bat
Kenya,RN Patel,db1bf9c2,5,0,0,0,0,0.0,[],0.0,0,0,0,0,0,0,0,0,0,0,0,0.0,0,0,0,0,0,0,0,0,0,31,True,False,False,Right-arm medium-fast,Left-hand bat
Kenya,Gurdeep Singh,31865a5b,6,0,0,0,0,0.0,[],0.0,0,0,0,0,0,0,0,0,0,0,0,0.0,0,0,0,0,0,0,0,0,0,27,True,False,False,Legbreak,Left-hand bat
Kenya,SO Ngoche,49118dc7,7,0,0,0,0,0.0,"[8, 10, 14, 16]",4.0,24,12,0,13,0,0,1,0,1,0,1,3.25,1,0,0,0,0,0,51,8,59,35,True,False,False,Slow left-arm orthodox,Right-hand bat
Kenya,NN Odhiambo,753b5a2d,8,0,0,0,0,0.0,"[1, 3, 18, 20]",4.0,24,12,0,37,3,3,1,0,0,0,1,9.25,0,0,0,0,0,0,37,0,37,41,True,False,False,Right-arm medium-fast,Right-hand bat
Kenya,E Otieno,c57fa67e,9,0,0,0,0,0.0,"[2, 4, 17, 19]",4.0,24,13,0,17,1,0,2,0,1,1,1,4.25,0,0,0,0,0,0,77,0,77,37,True,False,False,Right-arm medium-fast,Right-hand bat
Kenya,E Ochieng,b64e3749,10,0,0,0,0,0.0,"[5, 7, 15]",3.0,18,10,1,21,2,0,1,0,0,0,5,7.0,0,0,0,0,0,0,49,0,49,32,True,True,False,Right-arm medium,Right-hand bat
Uganda,HB Kayondo,d26858c0,1,11,7,2,0,157.14,[],0.0,0,0,0,0,0,0,0,0,0,0,0,0.0,0,0,0,0,0,19,0,0,19,35,True,False,False,Right-arm offbreak,Right-hand bat
Uganda,AS Kyobe,fcfffcd5,2,25,24,2,2,104.17,[],0.0,0,0,0,0,0,0,0,0,0,0,0,0.0,0,0,0,0,0,49,0,0,49,36,True,False,False,,Left-hand bat
Uganda,Z Arinaitwe,88ee683b,3,0,1,0,0,0.0,[],0.0,0,0,0,0,0,0,0,0,0,0,0,0.0,0,0,0,0,0,-2,0,0,-2,23,True,False,False,Right-arm offbreak,Right-hand bat
Uganda,A Otwani,6727fb4d,4,0,3,0,0,0.0,[],0.0,0,0,0,0,0,0,0,0,0,0,0,0.0,0,0,0,0,0,-2,0,0,-2,29,True,True,False,Legbreak,Right-hand bat
Uganda,J Sebanja,1e78c51c,5,15,25,1,0,60.0,[15],1.0,6,2,0,9,0,1,1,0,0,0,0,9.0,0,0,0,0,-2,17,27,0,44,36,True,True,False,Left-arm medium,Right-hand bat
Uganda,H Ssenyondo,2b7609f1,5,0,0,0,0,0.0,"[4, 6, 14, 16]",3.833,23,8,0,43,7,1,1,0,1,0,0,11.22,0,0,0,0,0,0,37,0,37,31,True,False,False,Slow left-arm orthodox,Right-hand bat
Uganda,Mohammed Irfan,dc67d315,6,0,0,0,0,0.0,"[2, 8, 10, 12]",4.0,24,8,0,32,5,0,1,0,1,0,0,8.0,0,0,0,0,0,0,41,0,41,40,True,True,False,Legbreak googly,Right-hand bat
Uganda,B Masaba,f33cfd25,6,36,35,3,0,102.86,[],0.0,0,0,0,0,0,0,0,0,0,0,0,0.0,1,0,0,0,0,52,0,8,60,33,True,False,False,Legbreak googly,Right-hand bat
Uganda,D Muhumuza,7636b587,7,27,21,0,3,128.57,[13],1.0,6,2,0,13,1,1,0,0,0,0,0,13.0,0,0,0,0,0,49,2,0,51,35,True,True,False,Right-arm medium,Right-hand bat
Uganda,E Isaneez,ab591e7d,7,0,0,0,0,0.0,"[7, 9, 11]",3.0,18,5,0,15,0,0,0,0,0,0,0,5.0,0,0,0,0,0,0,9,0,9,38,True,True,False,Right-arm medium-fast,Right-hand bat
Uganda,F Nsubuga,87e33d07,8,3,4,0,0,75.0,"[1, 3, 5]",3.0,18,10,0,18,3,0,0,0,0,0,0,6.0,0,0,0,0,0,3,12,0,15,44,True,False,True,Right-arm offbreak,Right-hand bat
