Team,name,player_id,batting_position,runs,balls,fours,sixes,strike_rate,overs_bowled,overs,total_balls,dots,maidens,conceded,fours_conceded,sixes_conceded,wickets,LBW,Bowled,noballs,wides,economy_rate,catches,stumping,direct_hit,indirect_hit,strike_rate_fp,batting_fp,bowling_fp,fielding_fp,total_fp,age,batting,bowling,all_rounder,bowling_style,batting_style
Durham,KK Jennings,8479a24a,1,3,7,0,0,42.86,[],0.0,0,0,0,0,0,0,0,0,0,0,0,0.0,0,0,0,0,0,3,0,0,3,32,True,False,False,Right-arm medium-fast,Left-hand bat
Durham,TWM Latham,e824e6ee,2,37,25,3,2,148.0,[],0.0,0,0,0,0,0,0,0,0,0,0,0,0.0,0,0,0,0,2,67,0,0,67,32,True,True,False,Right-arm medium,Left-hand bat
Durham,G Clark,4fd09cfc,3,71,36,9,2,197.22,[],0.0,0,0,0,0,0,0,0,0,0,0,0,0.0,0,0,0,0,6,133,0,0,133,32,True,False,False,Legbreak,Right-hand bat
Durham,MJ Richardson,22176fe7,4,47,27,3,2,174.07,[],0.0,0,0,0,0,0,0,0,0,0,0,0,0.0,0,0,0,0,6,81,0,0,81,38,True,False,False,,Right-hand bat
Durham,P Coughlin,71440756,5,36,25,3,1,144.0,[],0.0,0,0,0,0,0,0,0,0,0,0,0,0.0,0,0,0,0,2,60,0,0,60,32,True,False,True,Right-arm medium,Right-hand bat
Durham,JTA Burnham,a4a2a0c0,5,0,0,0,0,0.0,[],0.0,0,0,0,0,0,0,0,0,0,0,0,0.0,0,0,0,0,0,0,0,0,0,28,True,False,False,Right-arm medium,Right-hand bat
Durham,SW Poynter,cdf59953,6,0,0,0,0,0.0,[],0.0,0,0,0,0,0,0,0,0,0,0,0,0.0,0,0,0,0,0,0,0,0,0,34,True,False,False,,Right-hand bat
Durham,RD Pringle,757502b5,7,0,0,0,0,0.0,[],0.0,0,0,0,0,0,0,0,0,0,0,0,0.0,0,0,0,0,0,0,0,0,0,32,True,False,True,Right-arm offbreak,Right-hand bat
Durham,WJ Weighell,10f68de1,8,0,0,0,0,0.0,[],0.0,0,0,0,0,0,0,0,0,0,0,0,0.0,0,0,0,0,0,0,0,0,0,31,True,False,True,Right-arm medium,Left-hand bat
Durham,U Arshad,02b93a83,9,0,0,0,0,0.0,[],0.0,0,0,0,0,0,0,0,0,0,0,0,0.0,0,0,0,0,0,0,0,0,0,32,True,False,False,Right-arm medium-fast,Right-hand bat
Durham,C Rushworth,e737a5fe,10,0,0,0,0,0.0,[],0.0,0,0,0,0,0,0,0,0,0,0,0,0.0,0,0,0,0,0,0,0,0,0,38,True,False,False,Right-arm fast-medium,Right-hand bat
Northamptonshire,RE Levi,18c78b11,5,0,0,0,0,0.0,[],0.0,0,0,0,0,0,0,0,0,0,0,0,0.0,0,0,0,0,0,0,0,0,0,37,True,False,False,Right-arm medium,Right-hand bat
Northamptonshire,AM Rossington,7bcde3fe,6,0,0,0,0,0.0,[],0.0,0,0,0,0,0,0,0,0,0,0,0,0.0,0,0,0,0,0,0,0,0,0,31,True,False,False,,Right-hand bat
Northamptonshire,JJ Cobb,58c481c6,7,0,0,0,0,0.0,"[1, 8]",2.0,12,5,0,14,2,0,0,0,0,0,0,7.0,0,0,0,0,0,0,7,0,7,34,True,False,True,Right-arm offbreak,Right-hand bat
Northamptonshire,BM Duckett,5f26f677,8,0,0,0,0,0.0,[],0.0,0,0,0,0,0,0,0,0,0,0,0,0.0,0,0,0,0,0,0,0,0,0,30,True,False,False,Right-arm offbreak,Left-hand bat
Northamptonshire,AG Wakely,730d120f,9,0,0,0,0,0.0,[],0.0,0,0,0,0,0,0,0,0,0,0,0,0.0,1,0,0,0,0,0,0,8,8,36,True,False,False,Right-arm medium-fast,Right-hand bat
Northamptonshire,RI Keogh,e22d3b5c,10,0,0,0,0,0.0,[10],1.0,6,0,0,15,1,1,0,0,0,0,0,15.0,0,0,0,0,0,0,0,0,0,33,True,False,True,Right-arm offbreak,Right-hand bat
Northamptonshire,SP Crook,c4450a69,11,0,0,0,0,0.0,[15],1.0,6,1,0,13,1,1,0,0,0,0,0,13.0,0,0,0,0,0,0,1,0,1,41,True,False,True,Right-arm fast-medium,Right-hand bat
Northamptonshire,RK Kleinveldt,7955eb15,12,0,0,0,0,0.0,"[2, 4, 12, 19]",4.0,24,8,0,32,0,1,0,0,0,0,1,8.0,0,0,0,0,0,0,8,0,8,42,True,False,False,Right-arm fast-medium,Right-hand bat
Northamptonshire,GG White,0f21680d,13,0,0,0,0,0.0,"[7, 9, 14, 16]",4.0,24,4,0,40,2,2,1,0,0,0,1,10.0,0,0,0,0,0,0,27,0,27,37,True,False,False,Slow left-arm orthodox,Right-hand bat
Northamptonshire,RJ Gleeson,402f8494,14,0,0,0,0,0.0,"[3, 5, 13, 17]",4.0,24,9,0,51,8,1,0,0,0,0,6,12.75,0,0,0,0,0,0,3,0,3,37,True,False,False,Right-arm fast-medium,Right-hand bat
Northamptonshire,Azharullah,2a0d5d4a,15,0,0,0,0,0.0,"[6, 11, 18, 20]",4.0,24,6,0,39,4,1,1,1,0,2,0,9.75,0,0,0,0,0,0,39,0,39,41,True,False,False,Right-arm fast-medium,Right-hand bat
