Team,name,player_id,batting_position,runs,balls,fours,sixes,strike_rate,overs_bowled,overs,total_balls,dots,maidens,conceded,fours_conceded,sixes_conceded,wickets,LBW,Bowled,noballs,wides,economy_rate,catches,stumping,direct_hit,indirect_hit,strike_rate_fp,batting_fp,bowling_fp,fielding_fp,total_fp,age,batting,bowling,all_rounder,bowling_style,batting_style
Bangladesh,Imrul Kayes,5fbe14fc,1,36,25,4,1,144.0,[],0.0,0,0,0,0,0,0,0,0,0,0,0,0.0,0,0,0,0,2,64,0,0,64,38,True,False,False,Slow left-arm orthodox,Left-hand bat
Bangladesh,Soumya Sarkar,4d9f9686,2,34,17,4,2,200.0,[],0.0,0,0,0,0,0,0,0,0,0,0,0,0.0,1,0,0,0,6,72,0,8,80,32,True,False,True,Right-arm medium-fast,Left-hand bat
Bangladesh,Sabbir Rahman,7147f314,3,19,18,0,1,105.56,[],0.0,0,0,0,0,0,0,0,0,0,0,0,0.0,0,0,0,0,0,25,0,0,25,33,True,False,True,Legbreak,Right-hand bat
Bangladesh,Shakib Al Hasan,7dc35884,4,38,31,4,0,122.58,"[1, 3, 13, 15]",4.0,24,8,0,24,2,0,3,0,1,0,1,6.0,0,0,0,0,0,58,97,0,155,38,True,False,True,Slow left-arm orthodox,Left-hand bat
Bangladesh,Mosaddek Hossain,8919756f,5,17,11,1,1,154.55,[],0.0,0,0,0,0,0,0,0,0,0,0,0,0.0,1,0,0,0,4,31,0,8,39,29,True,False,True,Right-arm offbreak,Right-hand bat
Bangladesh,Mahmudullah,bf1d7d3e,6,4,5,0,0,80.0,"[5, 9]",2.0,12,6,0,15,1,1,1,0,0,0,0,7.5,2,0,0,0,0,4,31,16,51,39,True,False,True,Right-arm offbreak,Right-hand bat
Bangladesh,Mushfiqur Rahim,a94e08ea,7,15,6,1,1,250.0,[],0.0,0,0,0,0,0,0,0,0,0,0,0,0.0,0,1,0,0,0,25,0,12,37,37,True,False,False,,Right-hand bat
Bangladesh,Mashrafe Mortaza,e186f49c,8,0,1,0,0,0.0,"[2, 7, 14, 16]",4.0,24,8,0,30,3,0,1,0,1,0,0,7.5,0,0,0,0,0,-2,41,0,39,41,True,False,False,Right-arm fast-medium,Right-hand bat
Bangladesh,Mehedi Hasan Miraz,c58b0108,9,0,1,0,0,0.0,"[4, 8]",2.0,12,3,0,15,2,0,0,0,0,0,0,7.5,2,0,0,0,0,-2,3,16,17,27,True,False,True,Right-arm offbreak,Right-hand bat
Bangladesh,Mohammad Saifuddin,b3a28446,10,6,5,1,0,120.0,"[10, 12, 18]",3.0,18,5,0,24,3,0,1,0,0,0,0,8.0,0,0,0,0,0,10,30,0,40,28,True,False,True,Right-arm medium-fast,Left-hand bat
Bangladesh,Mustafizur Rahman,0a8fce53,11,0,0,0,0,0.0,"[6, 11, 17]",3.0,18,9,0,21,3,0,4,0,1,0,1,7.0,0,0,0,0,0,0,127,0,127,29,True,False,False,Left-arm fast-medium,Left-hand bat
Sri Lanka,MDKJ Perera,f21043a5,1,4,2,1,0,200.0,[],0.0,0,0,0,0,0,0,0,0,0,0,0,0.0,0,0,0,1,0,8,0,6,14,34,True,False,False,,Left-hand bat
Sri Lanka,EMDY Munaweera,5a22d91c,2,4,3,1,0,133.33,"[3, 5]",2.0,12,3,0,22,2,1,0,0,0,0,3,11.0,0,0,0,0,0,8,1,0,9,35,True,False,False,Right-arm offbreak,Right-hand bat
Sri Lanka,WU Tharanga,7ed9fd56,3,23,21,3,0,109.52,[],0.0,0,0,0,0,0,0,0,0,0,0,0,0.0,0,0,0,1,0,35,0,6,41,40,True,False,False,,Left-hand bat
Sri Lanka,CK Kapugedera,cfad138c,4,50,35,5,1,142.86,[],0.0,0,0,0,0,0,0,0,0,0,0,0,0.0,0,0,0,0,2,86,0,0,86,38,True,False,False,Right-arm medium,Right-hand bat
Sri Lanka,DAS Gunaratne,770494eb,5,0,1,0,0,0.0,"[7, 9]",2.0,12,2,0,15,0,1,1,0,0,0,0,7.5,1,0,0,0,0,-2,27,8,33,39,True,False,False,Right-arm medium-fast,Right-hand bat
Sri Lanka,TAM Siriwardana,bf7842c9,6,0,1,0,0,0.0,[],0.0,0,0,0,0,0,0,0,0,0,0,0,0.0,0,0,0,0,0,-2,0,0,-2,39,True,False,True,Slow left-arm orthodox,Left-hand bat
Sri Lanka,NLTC Perera,0f12f9df,7,27,23,3,0,117.39,"[13, 15, 18]",3.0,18,5,0,24,1,1,1,0,1,0,0,8.0,0,0,0,0,0,43,38,0,81,35,True,False,True,Right-arm medium-fast,Left-hand bat
Sri Lanka,S Prasanna,f78e7113,8,11,11,0,0,100.0,"[8, 10]",2.0,12,2,0,17,2,0,0,0,0,0,0,8.5,0,0,0,0,0,11,2,0,13,39,True,False,True,Legbreak,Right-hand bat
Sri Lanka,KMDN Kulasekara,469ea22b,9,2,5,0,0,40.0,"[2, 12, 16, 20]",4.0,24,9,0,30,5,0,1,0,1,0,0,7.5,0,0,1,0,0,2,42,12,56,42,True,False,False,Right-arm fast-medium,Right-hand bat
Sri Lanka,SL Malinga,a12e1d51,10,0,3,0,0,0.0,"[1, 6, 17, 19]",4.0,24,10,0,34,4,1,3,1,2,0,1,8.5,0,0,0,0,0,-2,113,0,111,41,True,False,False,Right-arm fast,Right-hand bat
Sri Lanka,JRMVB Sanjaya,530b20e3,11,6,3,1,0,200.0,"[4, 11, 14]",3.0,18,4,0,32,1,2,1,0,1,0,1,10.67,0,0,0,0,0,10,35,0,45,33,True,False,False,Right-arm fast-medium,Right-hand bat
