Team,name,player_id,batting_position,runs,balls,fours,sixes,strike_rate,overs_bowled,overs,total_balls,dots,maidens,conceded,fours_conceded,sixes_conceded,wickets,LBW,Bowled,noballs,wides,economy_rate,catches,stumping,direct_hit,indirect_hit,strike_rate_fp,batting_fp,bowling_fp,fielding_fp,total_fp,age,batting,bowling,all_rounder,bowling_style,batting_style
Adelaide Strikers,AT Carey,69d03465,1,59,52,4,1,113.46,[],0.0,0,0,0,0,0,0,0,0,0,0,0,0.0,1,0,0,0,0,89,0,8,97,33,True,False,False,,Left-hand bat
Adelaide Strikers,J Weatherald,edc7ddb6,2,18,17,1,1,105.88,[],0.0,0,0,0,0,0,0,0,0,0,0,0,0.0,0,0,0,0,0,28,0,0,28,30,True,False,False,Legbreak,Left-hand bat
Adelaide Strikers,TM Head,12b610c2,3,53,32,5,3,165.62,[],0.0,0,0,0,0,0,0,0,0,0,0,0,0.0,1,0,0,0,4,103,0,8,111,31,True,False,False,Right-arm offbreak,Left-hand bat
Adelaide Strikers,CA Ingram,c995d726,4,15,11,1,1,136.36,[],0.0,0,0,0,0,0,0,0,0,0,0,0,0.0,0,0,0,0,2,27,0,0,27,39,True,False,False,Legbreak,Left-hand bat
Adelaide Strikers,JW Wells,8bdac857,4,0,0,0,0,0.0,[],0.0,0,0,0,0,0,0,0,0,0,0,0,0.0,0,0,0,0,0,0,0,0,0,36,True,False,False,Right-arm medium,Right-hand bat
Adelaide Strikers,JS Lehmann,c96a215f,5,0,0,0,0,0.0,[],0.0,0,0,0,0,0,0,0,0,0,0,0,0.0,0,0,0,0,0,0,0,0,0,32,True,False,False,Slow left-arm orthodox,Left-hand bat
Adelaide Strikers,MG Neser,0164b064,6,0,0,0,0,0.0,"[2, 4, 12, 19]",4.0,24,10,0,29,3,1,1,0,0,0,0,7.25,0,0,0,0,0,0,35,0,35,35,True,False,True,Right-arm medium-fast,Right-hand bat
Adelaide Strikers,Rashid Khan,5f547c8b,7,0,0,0,0,0.0,"[8, 10, 13, 17]",4.0,24,8,0,23,1,0,1,0,0,0,0,5.75,0,0,0,0,0,0,37,0,37,26,True,False,True,Legbreak googly,Right-hand bat
Adelaide Strikers,PM Siddle,bd93fea4,8,0,0,0,0,0.0,"[5, 11, 14, 18]",4.0,24,9,0,33,5,0,1,0,0,0,2,8.25,0,0,0,0,0,0,34,0,34,40,True,False,False,Right-arm fast-medium,Right-hand bat
Adelaide Strikers,B Laughlin,b2a79f17,9,0,0,0,0,0.0,"[6, 9, 16, 20]",4.0,24,5,0,32,1,1,1,0,0,0,1,8.0,2,0,0,0,0,0,30,16,46,42,True,False,False,Right-arm fast-medium,Right-hand bat
Adelaide Strikers,B Stanlake,6834d1f2,10,0,0,0,0,0.0,"[1, 3, 7, 15]",4.0,24,13,0,31,4,1,1,0,1,0,2,7.75,0,0,0,0,0,0,46,0,46,30,True,False,False,Right-arm fast,Left-hand bat
Melbourne Stars,MP Stoinis,d9273ee7,1,39,29,6,1,134.48,"[10, 12, 16, 18]",4.0,24,8,0,47,4,3,1,0,0,0,3,11.75,0,0,0,0,2,75,29,0,104,35,True,False,True,Right-arm medium,Right-hand bat
Melbourne Stars,BR Dunk,272d796e,2,1,4,0,0,25.0,[],0.0,0,0,0,0,0,0,0,0,0,0,0,0.0,0,0,0,0,0,1,0,0,1,38,True,True,False,Right-arm offbreak,Left-hand bat
Melbourne Stars,KP Pietersen,39f01cdb,3,5,6,1,0,83.33,[],0.0,0,0,0,0,0,0,0,0,0,0,0,0.0,0,0,0,0,0,9,0,0,9,44,True,False,False,Right-arm offbreak,Right-hand bat
Melbourne Stars,PSP Handscomb,ada15e88,4,1,5,0,0,20.0,[],0.0,0,0,0,0,0,0,0,0,0,0,0,0.0,0,1,0,0,0,1,0,12,13,33,True,False,False,,Right-hand bat
Melbourne Stars,A Zampa,14f96089,4,0,0,0,0,0.0,"[13, 15, 17, 19]",3.667,22,8,0,24,0,1,0,0,0,0,1,6.54,0,0,0,0,0,0,10,0,10,32,True,False,False,Legbreak googly,Right-hand bat
Melbourne Stars,GJ Maxwell,b681e71e,5,60,39,7,1,153.85,"[7, 9, 11]",3.0,18,3,0,24,1,0,1,0,0,0,1,8.0,0,0,0,0,4,106,28,0,134,36,True,False,True,Right-arm offbreak,Right-hand bat
Melbourne Stars,SM Boland,d167edd3,5,0,0,0,0,0.0,"[4, 14]",2.0,12,3,0,26,4,1,0,0,0,0,0,13.0,0,0,0,0,0,0,-3,0,-3,35,True,False,False,Right-arm fast-medium,Right-hand bat
Melbourne Stars,JR Coleman,de6efa4a,6,0,0,0,0,0.0,"[2, 5]",2.0,12,5,0,10,1,0,0,0,0,0,0,5.0,0,0,0,0,0,0,9,0,9,33,True,False,False,Left-arm fast-medium,Right-hand bat
Melbourne Stars,SE Gotch,9a0e4ca5,6,14,18,0,0,77.78,[],0.0,0,0,0,0,0,0,0,0,0,0,0,0.0,0,0,0,0,0,14,0,0,14,31,True,True,False,Right-arm medium,Right-hand bat
Melbourne Stars,JP Faulkner,808f425a,7,6,9,0,0,66.67,"[1, 3]",2.0,12,6,0,6,0,0,0,0,0,0,0,3.0,1,0,0,0,0,6,12,8,26,34,True,False,True,Left-arm fast-medium,Right-hand bat
Melbourne Stars,JW Hastings,012829ff,8,17,10,0,1,170.0,"[6, 8]",2.0,12,5,0,13,1,1,0,0,0,0,0,6.5,0,0,0,0,4,27,7,0,34,39,True,False,True,Right-arm fast-medium,Right-hand bat
