Team,name,player_id,batting_position,runs,balls,fours,sixes,strike_rate,overs_bowled,overs,total_balls,dots,maidens,conceded,fours_conceded,sixes_conceded,wickets,LBW,Bowled,noballs,wides,economy_rate,catches,stumping,direct_hit,indirect_hit,strike_rate_fp,batting_fp,bowling_fp,fielding_fp,total_fp,age,batting,bowling,all_rounder,bowling_style,batting_style
New Zealand,MJ Guptill,2be41edb,1,2,4,0,0,50.0,[],0.0,0,0,0,0,0,0,0,0,0,0,0,0.0,0,0,0,0,0,2,0,0,2,38,True,False,False,Right-arm offbreak,Right-hand bat
New Zealand,C Munro,af2c687b,2,66,23,11,3,286.96,[],0.0,0,0,0,0,0,0,0,0,0,0,0,0.0,0,0,0,0,6,142,0,0,142,38,True,False,False,Right-arm medium-fast,Left-hand bat
New Zealand,KS Williamson,d027ba9f,3,17,14,1,0,121.43,[],0.0,0,0,0,0,0,0,0,0,0,0,0,0.0,0,0,0,0,0,21,0,0,21,34,True,False,False,Right-arm offbreak,Right-hand bat
New Zealand,GD Phillips,9a46c4e5,4,10,5,0,1,200.0,[],0.0,0,0,0,0,0,0,0,0,0,0,0,0.0,0,0,0,0,0,16,0,0,16,28,True,False,True,Right-arm offbreak,Right-hand bat
New Zealand,TC Bruce,f92c9151,5,3,7,0,0,42.86,[],0.0,0,0,0,0,0,0,0,0,0,0,0,0.0,0,0,0,0,0,3,0,0,3,33,True,False,False,Right-arm offbreak,Right-hand bat
New Zealand,MJ Santner,e4a0deae,6,0,0,0,0,0.0,[],0.0,0,0,0,0,0,0,0,0,0,0,0,0.0,0,0,0,0,0,0,0,0,0,33,True,False,True,Slow left-arm orthodox,Left-hand bat
New Zealand,AK Kitchen,63a1874a,6,1,1,0,0,100.0,[],0.0,0,0,0,0,0,0,0,0,0,0,0,0.0,0,0,0,0,0,1,0,0,1,41,True,False,False,Slow left-arm orthodox,Right-hand bat
New Zealand,DAJ Bracewell,2e9fdf9b,7,0,0,0,0,0.0,[],0.0,0,0,0,0,0,0,0,0,0,0,0,0.0,0,0,0,0,0,0,0,0,0,34,True,False,False,Right-arm fast-medium,Right-hand bat
New Zealand,TG Southee,13c35c9e,8,0,0,0,0,0.0,[],0.0,0,0,0,0,0,0,0,0,0,0,0,0.0,0,0,0,0,0,0,0,0,0,36,True,False,False,Right-arm medium-fast,Right-hand bat
New Zealand,IS Sodhi,641ac5ff,9,0,0,0,0,0.0,[],0.0,0,0,0,0,0,0,0,0,0,0,0,0.0,0,0,0,0,0,0,0,0,0,32,True,False,False,Legbreak,Right-hand bat
New Zealand,SHA Rance,69c994e4,10,0,0,0,0,0.0,[],0.0,0,0,0,0,0,0,0,0,0,0,0,0.0,0,0,0,0,0,0,0,0,0,37,True,False,False,Right-arm medium,Right-hand bat
West Indies,CAK Walton,bbff906c,6,0,0,0,0,0.0,[],0.0,0,0,0,0,0,0,0,0,0,0,0,0.0,1,0,0,0,0,0,0,8,8,39,True,False,False,,Right-hand bat
West Indies,CH Gayle,db584dad,7,0,0,0,0,0.0,[],0.0,0,0,0,0,0,0,0,0,0,0,0,0.0,0,0,0,0,0,0,0,0,0,45,True,False,True,Right-arm offbreak,Left-hand bat
West Indies,ADS Fletcher,1bae756b,8,0,0,0,0,0.0,[],0.0,0,0,0,0,0,0,0,0,0,0,0,0.0,0,0,0,0,0,0,0,0,0,37,True,False,False,Legbreak,Right-hand bat
West Indies,SD Hope,1fc6ef83,9,0,0,0,0,0.0,[],0.0,0,0,0,0,0,0,0,0,0,0,0,0.0,0,0,0,0,0,0,0,0,0,31,True,False,False,,Right-hand bat
West Indies,SO Hetmyer,48a1d7b7,10,0,0,0,0,0.0,[],0.0,0,0,0,0,0,0,0,0,0,0,0,0.0,0,0,0,0,0,0,0,0,0,28,True,False,False,,Left-hand bat
West Indies,CR Brathwaite,e342e5fb,11,0,0,0,0,0.0,[5],1.0,6,0,0,21,3,1,0,0,0,0,1,21.0,1,0,0,0,0,0,0,8,8,36,True,False,True,Right-arm fast-medium,Right-hand bat
West Indies,R Powell,650d5e49,12,0,0,0,0,0.0,[],0.0,0,0,0,0,0,0,0,0,0,0,0,0.0,1,0,0,0,0,0,0,8,8,31,True,False,False,Right-arm medium-fast,Right-hand bat
West Indies,AR Nurse,4a745f65,13,0,0,0,0,0.0,"[7, 9]",2.0,12,4,0,13,1,0,1,0,0,0,0,6.5,0,0,0,0,0,0,31,0,31,36,True,False,False,Right-arm offbreak,Right-hand bat
West Indies,SS Cottrell,a1d053dd,14,0,0,0,0,0.0,"[1, 3]",2.0,12,4,0,21,0,2,1,0,0,0,1,10.5,0,0,0,0,0,0,27,0,27,35,True,False,False,Left-arm fast-medium,Right-hand bat
West Indies,KOK Williams,78cb83f3,15,0,0,0,0,0.0,[6],1.0,6,1,0,24,4,1,1,0,0,1,0,24.0,0,0,0,0,0,0,26,0,26,35,True,False,False,Right-arm fast-medium,Right-hand bat
West Indies,S Badree,76388dc8,16,0,0,0,0,0.0,"[2, 4, 8]",3.0,18,9,0,23,4,0,1,1,0,0,0,7.67,0,0,0,0,0,0,42,0,42,44,True,False,False,Legbreak,Right-hand bat
