date,event,match_id,teamname,batting_position,runs,balls,fours,sixes,strike_rate,overs_bowled,overs,total_balls,dots,maidens,conceded,fours_conceded,sixes_conceded,wickets,LBW,Bowled,noballs,wides,economy_rate,catches,stumping,direct_hit,indirect_hit,strike_rate_fp,batting_fp,bowling_fp,fielding_fp,total_fp
['2022-09-20'],Africa Cricket Association Cup,1332505,Malawi,7,0,0,0,0,0.0,,0.0,0,0,0,0,0,0,0,0,0,0,0,0.0,0,0,0,0,0,0,0,0,0
['2021-10-22'],ICC Men's T20 World Cup Sub Regional Africa Qualifier,1283040,Malawi,4,2,2,0,0,100.0,"8,10,12,14",4.0,24,12,0,27,0,2,2,0,0,0,3,6.75,0,0,0,0,0,2,64,0,66
['2021-10-20'],ICC Men's T20 World Cup Sub Regional Africa Qualifier,1283033,Malawi,6,0,0,0,0,0.0,"12,14,16",3.0,18,4,0,20,0,1,0,0,0,0,0,6.67,0,0,0,0,0,0,6,0,6
['2021-10-19'],ICC Men's T20 World Cup Sub Regional Africa Qualifier,1283029,Malawi,9,3,5,0,0,60.0,"10,12",2.0,12,1,0,25,1,2,0,0,0,0,0,12.5,0,0,0,0,0,3,-5,0,-2
['2021-10-17'],ICC Men's T20 World Cup Sub Regional Africa Qualifier,1283026,Malawi,5,0,0,0,0,0.0,"17,19",1.333,8,5,0,4,0,0,1,0,0,0,1,3.0,0,0,0,0,0,0,30,0,30
['2021-10-16'],ICC Men's T20 World Cup Sub Regional Africa Qualifier Group A & B,1283024,Malawi,9,0,2,0,0,0.0,,0.0,0,0,0,0,0,0,0,0,0,0,0,0.0,0,0,0,0,0,0,0,0,0
['2018-11-01'],ICC World Twenty20 Africa Region Qualifier C,1163062,Malawi,11,0,0,0,0,0.0,"12,18",2.0,12,5,0,15,2,0,1,0,1,0,0,7.5,0,0,0,0,0,0,38,0,38
