date,event,match_id,teamname,batting_position,runs,balls,fours,sixes,strike_rate,overs_bowled,overs,total_balls,dots,maidens,conceded,fours_conceded,sixes_conceded,wickets,LBW,Bowled,noballs,wides,economy_rate,catches,stumping,direct_hit,indirect_hit,strike_rate_fp,batting_fp,bowling_fp,fielding_fp,total_fp
['2023-10-19'],Syed Mushtaq Ali Trophy,1383487,Tripura,8,0,0,0,0,0.0,14,1.0,6,0,0,12,0,1,0,0,0,0,0,12.0,0,0,0,0,0,0,0,0,0
['2023-10-17'],Syed Mushtaq Ali Trophy,1383469,Tripura,10,0,0,0,0,0.0,"5,9,11,13",4.0,24,9,0,38,4,2,1,1,0,0,1,9.5,0,0,0,0,0,0,42,0,42
['2022-10-20'],Syed Mushtaq Ali Trophy,1333013,Tripura,9,0,0,0,0,0.0,"6,8,10,12",4.0,24,14,0,18,2,0,0,0,0,0,0,4.5,0,0,0,0,0,0,20,0,20
['2022-10-18'],Syed Mushtaq Ali Trophy,1332995,Tripura,10,0,0,0,0,0.0,"5,7,14,16",4.0,24,13,0,20,3,0,3,0,2,0,0,5.0,0,0,0,0,0,0,112,0,112
['2021-01-14'],Syed Mushtaq Ali Trophy,1244346,Tripura,11,0,0,0,0,0.0,12,1.0,6,1,0,15,0,2,0,0,0,0,0,15.0,1,0,0,0,0,0,1,8,9
