date,event,match_id,teamname,batting_position,runs,balls,fours,sixes,strike_rate,overs_bowled,overs,total_balls,dots,maidens,conceded,fours_conceded,sixes_conceded,wickets,LBW,Bowled,noballs,wides,economy_rate,catches,stumping,direct_hit,indirect_hit,strike_rate_fp,batting_fp,bowling_fp,fielding_fp,total_fp
['2014-10-05'],NA,727917,Australia,5,6,8,1,0,75.0,,0.0,0,0,0,0,0,0,0,0,0,0,0,0.0,0,0,0,0,0,10,0,0,10
['2014-01-18'],Big Bash League,654081,Adelaide Strikers,4,7,10,1,0,70.0,,0.0,0,0,0,0,0,0,0,0,0,0,0,0.0,1,0,0,0,-2,9,0,8,17
['2014-01-16'],Big Bash League,654079,Adelaide Strikers,2,58,45,6,1,128.89,,0.0,0,0,0,0,0,0,0,0,0,0,0,0.0,1,0,0,0,0,96,0,8,104
['2014-01-09'],Big Bash League,654067,Adelaide Strikers,4,0,1,0,0,0.0,,0.0,0,0,0,0,0,0,0,0,0,0,0,0.0,0,0,0,0,0,-2,0,0,-2
['2014-01-05'],Big Bash League,654061,Adelaide Strikers,3,12,22,1,0,54.55,,0.0,0,0,0,0,0,0,0,0,0,0,0,0.0,1,0,0,0,-4,12,0,8,20
['2013-12-27'],Big Bash League,654041,Adelaide Strikers,3,16,17,2,0,94.12,,0.0,0,0,0,0,0,0,0,0,0,0,0,0.0,0,0,0,0,0,24,0,0,24
['2013-12-22'],Big Bash League,654035,Adelaide Strikers,3,0,0,0,0,0.0,,0.0,0,0,0,0,0,0,0,0,0,0,0,0.0,0,0,0,0,0,0,0,0,0
['2012-12-09'],Big Bash League,571235,Adelaide Strikers,2,74,48,9,1,154.17,,0.0,0,0,0,0,0,0,0,0,0,0,0,0.0,1,0,0,0,4,128,0,8,136
