date,event,match_id,teamname,batting_position,runs,balls,fours,sixes,strike_rate,overs_bowled,overs,total_balls,dots,maidens,conceded,fours_conceded,sixes_conceded,wickets,LBW,Bowled,noballs,wides,economy_rate,catches,stumping,direct_hit,indirect_hit,strike_rate_fp,batting_fp,bowling_fp,fielding_fp,total_fp
['2019-06-27'],Malaysia Tri-Nation T20I Series,1186491,Thailand,6,4,2,1,0,200.0,,0.0,0,0,0,0,0,0,0,0,0,0,0,0.0,0,0,0,0,0,8,0,0,8
['2019-06-24'],Malaysia Tri-Nation T20I Series,1186488,Thailand,6,0,3,0,0,0.0,,0.0,0,0,0,0,0,0,0,0,0,0,0,0.0,2,0,0,0,0,-2,0,16,14
['2018-10-09'],ICC World Twenty20 Asia Region Qualifier B,1160957,Thailand,6,0,2,0,0,0.0,,0.0,0,0,0,0,0,0,0,0,0,0,0,0.0,0,0,0,0,0,-2,0,0,-2
['2018-10-07'],ICC World Twenty20 Asia Region Qualifier B,1160956,Thailand,7,0,1,0,0,0.0,,0.0,0,0,0,0,0,0,0,0,0,0,0,0.0,0,0,0,0,0,-2,0,0,-2
['2018-10-04'],ICC World Twenty20 Asia Region Qualifier B,1160949,Thailand,8,0,0,0,0,0.0,,0.0,0,0,0,0,0,0,0,0,0,0,0,0.0,2,0,0,0,0,0,0,16,16
['2018-10-03'],ICC World Twenty20 Asia Region Qualifier B,1160946,Thailand,8,0,0,0,0,0.0,,0.0,0,0,0,0,0,0,0,0,0,0,0,0.0,0,0,0,0,0,0,0,0,0
