date,event,match_id,teamname,batting_position,runs,balls,fours,sixes,strike_rate,overs_bowled,overs,total_balls,dots,maidens,conceded,fours_conceded,sixes_conceded,wickets,LBW,Bowled,noballs,wides,economy_rate,catches,stumping,direct_hit,indirect_hit,strike_rate_fp,batting_fp,bowling_fp,fielding_fp,total_fp
['2019-02-28'],Syed Mushtaq Ali Trophy,1157192,Uttarakhand,11,0,2,0,0,0.0,"3,5,9",3.0,18,3,0,23,3,0,0,0,0,0,0,7.67,0,0,0,0,0,0,3,0,3
['2019-02-27'],Syed Mushtaq Ali Trophy,1157174,Uttarakhand,11,1,8,0,0,12.5,"1,3,7",3.0,18,7,0,32,6,0,0,0,0,0,1,10.67,0,0,0,0,0,1,5,0,6
['2019-02-25'],Syed Mushtaq Ali Trophy,1157158,Uttarakhand,8,0,0,0,0,0.0,"2,4,14",3.0,18,8,0,16,0,1,3,0,2,0,0,5.33,0,0,0,0,0,0,107,0,107
['2019-02-24'],Syed Mushtaq Ali Trophy,1157140,Uttarakhand,9,0,0,0,0,0.0,"2,4,6,12",4.0,24,6,0,24,1,0,1,0,1,0,1,6.0,0,0,0,0,0,0,41,0,41
['2019-02-21'],Syed Mushtaq Ali Trophy,1157107,Uttarakhand,11,0,0,0,0,0.0,"5,8,10,12",4.0,24,6,0,29,2,0,0,0,0,0,0,7.25,0,0,0,0,0,0,6,0,6
