date,event,match_id,teamname,batting_position,runs,balls,fours,sixes,strike_rate,overs_bowled,overs,total_balls,dots,maidens,conceded,fours_conceded,sixes_conceded,wickets,LBW,Bowled,noballs,wides,economy_rate,catches,stumping,direct_hit,indirect_hit,strike_rate_fp,batting_fp,bowling_fp,fielding_fp,total_fp
['2024-08-24'],ICC Men's T20 World Cup East Asia-Pacific Region Qualifier A,1444963,Samoa,11,0,0,0,0,0.0,"1,3,5,7",4.0,24,9,0,21,2,0,2,0,0,0,0,5.25,0,0,0,0,0,0,63,0,63
['2024-08-23'],ICC Men's T20 World Cup East Asia-Pacific Region Qualifier A,1444961,Samoa,12,0,0,0,0,0.0,3,1.0,6,0,0,15,0,2,0,0,0,0,0,15.0,0,0,0,0,0,0,0,0,0
['2024-08-21'],ICC Men's T20 World Cup East Asia-Pacific Region Qualifier A,1444958,Samoa,10,0,0,0,0,0.0,"2,4,6",3.0,18,7,0,19,2,0,0,0,0,0,1,6.33,1,0,0,0,0,0,9,8,17
['2024-08-20'],ICC Men's T20 World Cup East Asia-Pacific Region Qualifier A,1444956,Samoa,10,3,2,0,0,150.0,"1,3,13",3.0,18,4,0,26,2,1,1,0,0,0,0,8.67,0,0,0,0,0,3,29,0,32
['2024-08-19'],ICC Men's T20 World Cup East Asia-Pacific Region Qualifier A,1444954,Samoa,9,0,2,0,0,0.0,"2,14",2.0,12,5,0,20,0,2,0,0,0,0,2,10.0,1,0,0,0,0,-2,3,8,9
['2024-08-17'],ICC Men's T20 World Cup East Asia-Pacific Region Qualifier A,1444953,Samoa,10,0,0,0,0,0.0,"1,3",2.0,12,8,0,11,0,1,1,0,0,0,1,5.5,0,0,0,0,0,0,37,0,37
