date,event,match_id,teamname,batting_position,runs,balls,fours,sixes,strike_rate,overs_bowled,overs,total_balls,dots,maidens,conceded,fours_conceded,sixes_conceded,wickets,LBW,Bowled,noballs,wides,economy_rate,catches,stumping,direct_hit,indirect_hit,strike_rate_fp,batting_fp,bowling_fp,fielding_fp,total_fp
['2024-09-04'],Vitality Blast,1410497,Lancashire,9,5,3,1,0,166.67,"3,12",2.0,12,6,0,13,2,0,0,0,0,0,0,6.5,0,0,0,0,0,9,8,0,17
['2024-07-07'],Vitality Blast,1410454,Lancashire,9,0,1,0,0,0.0,"7,17",2.0,12,1,0,33,3,2,0,0,0,2,0,16.5,0,0,0,0,0,-2,-5,0,-7
['2024-06-02'],Vitality Blast,1410388,Lancashire,9,4,3,0,0,133.33,"4,17",2.0,12,2,0,17,1,1,1,0,0,0,0,8.5,0,0,0,0,0,4,27,0,31
['2024-05-31'],Vitality Blast,1410382,Lancashire,8,0,0,0,0,0.0,"2,5,18,20",3.5,21,5,0,32,3,1,0,0,0,0,1,9.14,0,0,0,0,0,0,5,0,5
['2024-05-30'],Vitality Blast,1410373,Lancashire,8,0,0,0,0,0.0,"5,7,9,14",4.0,24,14,0,18,3,0,4,0,1,0,0,4.5,1,0,0,0,0,0,136,8,144
