date,event,match_id,teamname,batting_position,runs,balls,fours,sixes,strike_rate,overs_bowled,overs,total_balls,dots,maidens,conceded,fours_conceded,sixes_conceded,wickets,LBW,Bowled,noballs,wides,economy_rate,catches,stumping,direct_hit,indirect_hit,strike_rate_fp,batting_fp,bowling_fp,fielding_fp,total_fp
['2018-12-07'],ICC World Twenty20 East Asia-Pacific Region Qualifier B,1166892,Japan,5,10,5,1,1,200.0,,0.0,0,0,0,0,0,0,0,0,0,0,0,0.0,0,0,0,0,0,20,0,0,20
['2018-12-06'],ICC World Twenty20 East Asia-Pacific Region Qualifier B,1166890,Japan,5,12,11,0,1,109.09,,0.0,0,0,0,0,0,0,0,0,0,0,0,0.0,0,0,0,0,0,18,0,0,18
['2018-12-05'],ICC World Twenty20 East Asia-Pacific Region Qualifier B,1166887,Japan,6,0,3,0,0,0.0,,0.0,0,0,0,0,0,0,0,0,0,0,0,0.0,0,0,0,0,0,-2,0,0,-2
['2018-12-03'],ICC World Twenty20 East Asia-Pacific Region Qualifier B,1166886,Japan,6,4,1,1,0,400.0,,0.0,0,0,0,0,0,0,0,0,0,0,0,0.0,0,0,0,0,0,8,0,0,8
['2018-12-02'],ICC World Twenty20 East Asia-Pacific Region Qualifier B,1166884,Japan,4,4,5,0,0,80.0,,0.0,0,0,0,0,0,0,0,0,0,0,0,0.0,0,0,0,0,0,4,0,0,4
['2018-12-01'],ICC World Twenty20 East Asia-Pacific Region Qualifier B,1166881,Japan,5,39,19,1,3,205.26,,0.0,0,0,0,0,0,0,0,0,0,0,0,0.0,0,0,0,0,6,71,0,0,71
['2018-09-15'],East Asia Cup,1159091,Japan,5,0,2,0,0,0.0,,0.0,0,0,0,0,0,0,0,0,0,0,0,0.0,0,0,0,0,0,0,0,0,0
['2016-11-03'],East Asia Cup,1063553,Japan,5,2,9,0,0,22.22,,0.0,0,0,0,0,0,0,0,0,0,0,0,0.0,0,0,0,0,0,2,0,0,2
