date,event,match_id,teamname,batting_position,runs,balls,fours,sixes,strike_rate,overs_bowled,overs,total_balls,dots,maidens,conceded,fours_conceded,sixes_conceded,wickets,LBW,Bowled,noballs,wides,economy_rate,catches,stumping,direct_hit,indirect_hit,strike_rate_fp,batting_fp,bowling_fp,fielding_fp,total_fp
['2023-07-02'],Vitality Blast,1347687,Middlesex,9,1,3,0,0,33.33,4,1.0,6,1,0,11,1,1,0,0,0,0,0,11.0,0,0,0,0,0,1,1,0,2
['2023-06-18'],Vitality Blast,1347650,Middlesex,10,0,0,0,0,0.0,"4,6,20",3.0,18,4,0,45,5,3,1,0,0,0,1,15.0,1,0,0,0,0,0,23,8,31
['2023-06-02'],Vitality Blast,1347604,Middlesex,9,8,6,1,0,133.33,6,1.0,6,2,0,10,2,0,0,0,0,0,0,10.0,0,0,0,0,0,12,2,0,14
['2023-05-31'],Vitality Blast,1347597,Middlesex,9,0,0,0,0,0.0,"10,13",2.0,12,1,0,26,2,2,0,0,0,0,0,13.0,0,0,0,0,0,0,-5,0,-5
['2023-05-29'],Vitality Blast,1347589,Middlesex,9,0,0,0,0,0.0,14,1.0,6,1,0,6,0,0,1,0,0,0,0,6.0,0,0,0,0,0,0,26,0,26
['2023-05-26'],Vitality Blast,1347578,Middlesex,9,0,2,0,0,0.0,"10,14",2.0,12,3,0,15,2,0,1,0,0,0,0,7.5,0,0,0,0,0,0,28,0,28
['2023-05-25'],Vitality Blast,1347574,Middlesex,9,2,4,0,0,50.0,"5,9,14",3.0,18,7,0,27,2,2,1,0,0,0,0,9.0,0,0,0,0,0,2,32,0,34
