date,event,match_id,teamname,batting_position,runs,balls,fours,sixes,strike_rate,overs_bowled,overs,total_balls,dots,maidens,conceded,fours_conceded,sixes_conceded,wickets,LBW,Bowled,noballs,wides,economy_rate,catches,stumping,direct_hit,indirect_hit,strike_rate_fp,batting_fp,bowling_fp,fielding_fp,total_fp
['2024-12-11'],ICC Men's T20 World Cup Sub Regional Americas Qualifier,1462894,Bermuda,9,0,0,0,0,0.0,"1,3,13",3.0,18,8,0,18,2,0,1,0,1,0,0,6.0,0,0,0,0,0,0,43,0,43
['2024-12-10'],ICC Men's T20 World Cup Sub Regional Americas Qualifier,1462890,Bermuda,10,0,0,0,0,0.0,"1,3,5,18",4.0,24,12,0,21,3,0,2,0,0,0,0,5.25,0,0,0,0,0,0,66,0,66
['2024-12-08'],ICC Men's T20 World Cup Sub Regional Americas Qualifier,1462884,Bermuda,8,0,0,0,0,0.0,"1,3,5,19",4.0,24,18,1,10,1,0,0,0,0,0,0,2.5,0,0,0,0,0,0,36,0,36
['2024-12-07'],ICC Men's T20 World Cup Sub Regional Americas Qualifier,1462882,Bermuda,10,0,0,0,0,0.0,"1,3,5,17",4.0,24,15,0,21,3,0,2,0,0,1,2,5.25,1,0,0,0,0,0,69,8,77
