date,event,match_id,teamname,batting_position,runs,balls,fours,sixes,strike_rate,overs_bowled,overs,total_balls,dots,maidens,conceded,fours_conceded,sixes_conceded,wickets,LBW,Bowled,noballs,wides,economy_rate,catches,stumping,direct_hit,indirect_hit,strike_rate_fp,batting_fp,bowling_fp,fielding_fp,total_fp
['2024-03-11'],Malaysia Open T20 Championship,1422817,Kuwait,4,10,12,0,0,83.33,,0.0,0,0,0,0,0,0,0,0,0,0,0,0.0,0,0,0,0,0,10,0,0,10
['2024-03-05'],Malaysia Open T20 Championship,1422808,Kuwait,3,13,14,1,1,92.86,,0.0,0,0,0,0,0,0,0,0,0,0,0,0.0,0,0,0,0,0,23,0,0,23
['2020-02-27'],ACC Western Region T20,1215165,Kuwait,7,18,31,1,0,58.06,,0.0,0,0,0,0,0,0,0,0,0,0,0,0.0,0,0,0,0,-4,18,0,0,18
['2020-02-26'],ACC Western Region T20,1215163,Kuwait,4,32,19,1,2,168.42,13,1.0,6,2,0,12,1,1,1,0,0,0,0,12.0,1,0,0,0,4,56,27,8,91
['2020-02-25'],ACC Western Region T20,1215162,Kuwait,7,0,0,0,0,0.0,19,1.0,6,3,0,6,1,0,0,0,0,0,0,6.0,0,0,0,0,0,0,3,0,3
