date,event,match_id,teamname,batting_position,runs,balls,fours,sixes,strike_rate,overs_bowled,overs,total_balls,dots,maidens,conceded,fours_conceded,sixes_conceded,wickets,LBW,Bowled,noballs,wides,economy_rate,catches,stumping,direct_hit,indirect_hit,strike_rate_fp,batting_fp,bowling_fp,fielding_fp,total_fp
['2019-12-27'],Bangladesh Premier League,1208088,Rangpur Rangers,9,5,8,0,0,62.5,"8,12,14",3.0,18,7,0,26,3,1,0,0,0,0,0,8.67,0,0,0,0,0,5,7,0,12
['2019-12-21'],Bangladesh Premier League,1208082,Rangpur Rangers,10,0,0,0,0,0.0,"8,10,12",3.0,18,6,0,25,1,2,1,0,1,0,0,8.33,0,0,0,0,0,0,39,0,39
['2019-12-11'],Bangladesh Premier League,1208068,Rangpur Rangers,7,0,2,0,0,0.0,"4,7,10,12",4.0,24,13,0,26,5,0,2,1,0,0,0,6.5,1,0,0,0,0,-2,73,8,79
['2019-02-08'],Bangladesh Premier League,1169424,Comilla Victorians,9,0,0,0,0,0.0,7,1.0,6,1,0,10,0,1,0,0,0,0,0,10.0,0,0,0,0,0,0,1,0,1
['2019-02-04'],Bangladesh Premier League,1169422,Comilla Victorians,11,0,0,0,0,0.0,"6,8,10,13",4.0,24,13,0,14,1,0,1,0,0,0,0,3.5,1,0,0,0,0,0,44,8,52
['2019-02-02'],Bangladesh Premier League,1169419,Comilla Victorians,10,2,13,0,0,15.38,"2,4,6,10",3.5,21,10,0,32,5,1,1,0,1,0,1,9.14,0,0,0,0,-6,-4,43,0,39
