date,event,match_id,teamname,batting_position,runs,balls,fours,sixes,strike_rate,overs_bowled,overs,total_balls,dots,maidens,conceded,fours_conceded,sixes_conceded,wickets,LBW,Bowled,noballs,wides,economy_rate,catches,stumping,direct_hit,indirect_hit,strike_rate_fp,batting_fp,bowling_fp,fielding_fp,total_fp
['2024-10-18'],CSA T20 Challenge,1444789,Knights,7,0,1,0,0,0.0,,0.0,0,0,0,0,0,0,0,0,0,0,0,0.0,0,0,0,0,0,-2,0,0,-2
['2024-10-16'],CSA T20 Challenge,1444786,Knights,4,10,13,0,0,76.92,,0.0,0,0,0,0,0,0,0,0,0,0,0,0.0,0,0,0,0,0,10,0,0,10
['2024-10-06'],CSA T20 Challenge,1444773,Knights,4,8,13,0,0,61.54,,0.0,0,0,0,0,0,0,0,0,0,0,0,0.0,1,0,0,0,-2,6,0,8,14
['2024-09-28'],CSA T20 Challenge,1444766,Knights,4,21,14,4,0,150.0,,0.0,0,0,0,0,0,0,0,0,0,0,0,0.0,0,0,0,0,0,37,0,0,37
['2022-02-20'],CSA T20 Challenge,1299625,Knights,4,5,7,0,0,71.43,"2,18",2.0,12,4,0,12,1,0,0,0,0,0,0,6.0,0,0,0,0,0,5,6,0,11
['2022-02-08'],CSA T20 Challenge,1299605,Knights,6,1,4,0,0,25.0,"8,11,16",3.0,18,5,0,27,1,2,1,0,0,1,0,9.0,0,0,0,0,0,1,30,0,31
['2016-11-30'],CSA T20 Challenge,1003875,Knights,5,12,15,1,0,80.0,,0.0,0,0,0,0,0,0,0,0,0,0,0,0.0,0,0,0,0,0,16,0,0,16
['2016-11-25'],CSA T20 Challenge,1003867,Knights,4,5,9,1,0,55.56,10,1.0,6,0,0,12,2,0,0,0,0,0,0,12.0,0,0,0,0,0,9,0,0,9
['2016-11-20'],CSA T20 Challenge,1003859,Knights,6,25,22,2,0,113.64,"3,9",2.0,12,4,0,17,1,1,0,0,0,0,1,8.5,0,0,0,0,0,37,4,0,41
