date,event,match_id,teamname,batting_position,runs,balls,fours,sixes,strike_rate,overs_bowled,overs,total_balls,dots,maidens,conceded,fours_conceded,sixes_conceded,wickets,LBW,Bowled,noballs,wides,economy_rate,catches,stumping,direct_hit,indirect_hit,strike_rate_fp,batting_fp,bowling_fp,fielding_fp,total_fp
['2023-02-26'],Isle of Man tour of Spain,1354802,Spain,7,0,0,0,0,0.0,,0.0,0,0,0,0,0,0,0,0,0,0,0,0.0,0,0,0,0,0,0,0,0,0
['2023-02-26'],Isle of Man tour of Spain,1354803,Spain,4,0,0,0,0,0.0,,0.0,0,0,0,0,0,0,0,0,0,0,0,0.0,0,0,0,0,0,0,0,0,0
['2023-02-25'],Isle of Man tour of Spain,1354800,Spain,3,12,20,1,0,60.0,,0.0,0,0,0,0,0,0,0,0,0,0,0,0.0,0,0,0,0,-2,14,0,0,14
['2023-02-25'],Isle of Man tour of Spain,1354801,Spain,7,0,0,0,0,0.0,,0.0,0,0,0,0,0,0,0,0,0,0,0,0.0,0,0,0,0,0,0,0,0,0
['2023-02-24'],Isle of Man tour of Spain,1354799,Spain,3,28,30,1,1,93.33,,0.0,0,0,0,0,0,0,0,0,0,0,0,0.0,0,0,0,0,0,42,0,0,42
['2020-03-08'],Germany tour of Spain,1207081,Spain,4,0,0,0,0,0.0,,0.0,0,0,0,0,0,0,0,0,0,0,0,0.0,2,0,0,0,0,0,0,16,16
['2018-09-01'],ICC World Twenty20 Europe Region Qualifier B,1156660,Spain,9,9,14,0,0,64.29,,0.0,0,0,0,0,0,0,0,0,0,0,0,0.0,0,0,0,0,-2,7,0,0,7
['2018-08-30'],ICC World Twenty20 Europe Region Qualifier B,1156655,Spain,7,14,29,0,0,48.28,,0.0,0,0,0,0,0,0,0,0,0,0,0,0.0,0,0,0,0,-6,8,0,0,8
['2018-08-29'],ICC World Twenty20 Europe Region Qualifier B,1156650,Spain,8,5,6,0,0,83.33,,0.0,0,0,0,0,0,0,0,0,0,0,0,0.0,0,0,0,0,0,5,0,0,5
