date,event,match_id,teamname,batting_position,runs,balls,fours,sixes,strike_rate,overs_bowled,overs,total_balls,dots,maidens,conceded,fours_conceded,sixes_conceded,wickets,LBW,Bowled,noballs,wides,economy_rate,catches,stumping,direct_hit,indirect_hit,strike_rate_fp,batting_fp,bowling_fp,fielding_fp,total_fp
['2024-02-16'],East Asia Cup,1418543,China,9,0,1,0,0,0.0,,0.0,0,0,0,0,0,0,0,0,0,0,0,0.0,0,0,0,0,0,-2,0,0,-2
['2024-02-15'],East Asia Cup,1418541,China,9,4,8,0,0,50.0,12,1.0,6,1,0,21,2,2,0,0,0,0,0,21.0,0,0,0,0,0,4,1,0,5
['2024-02-14'],East Asia Cup,1418539,China,8,1,5,0,0,20.0,"12,14,16",3.0,18,7,0,34,0,4,1,0,0,0,1,11.33,1,0,0,0,0,1,28,8,37
['2024-01-28'],Asian Cricket Council Men's Challenger Cup,1418177,China,8,1,9,0,0,11.11,,0.0,0,0,0,0,0,0,0,0,0,0,0,0.0,1,0,0,0,0,1,0,8,9
['2023-07-27'],ICC Men's T20 World Cup Asia B Qualifier,1383103,China,9,0,2,0,0,0.0,,0.0,0,0,0,0,0,0,0,0,0,0,0,0.0,0,0,0,0,0,-2,0,0,-2
['2023-07-26'],ICC Men's T20 World Cup Asia B Qualifier,1383101,China,10,0,3,0,0,0.0,,0.0,0,0,0,0,0,0,0,0,0,0,0,0.0,0,0,0,0,0,-2,0,0,-2
