date,event,match_id,teamname,batting_position,runs,balls,fours,sixes,strike_rate,overs_bowled,overs,total_balls,dots,maidens,conceded,fours_conceded,sixes_conceded,wickets,LBW,Bowled,noballs,wides,economy_rate,catches,stumping,direct_hit,indirect_hit,strike_rate_fp,batting_fp,bowling_fp,fielding_fp,total_fp
['2010-12-30'],Pakistan in New Zealand T20I Series,473920,New Zealand,7,7,13,1,0,53.85,,0.0,0,0,0,0,0,0,0,0,0,0,0,0.0,0,0,0,0,-4,7,0,0,7
['2010-12-28'],Pakistan in New Zealand T20I Series,473919,New Zealand,6,26,10,3,2,260.0,,0.0,0,0,0,0,0,0,0,0,0,0,0,0.0,2,0,0,1,6,60,0,22,82
['2010-12-26'],Pakistan in New Zealand T20I Series,473918,New Zealand,7,5,8,1,0,62.5,,0.0,0,0,0,0,0,0,0,0,0,0,0,0.0,3,0,0,0,0,9,0,28,37
['2009-09-02'],New Zealand in Sri Lanka T20I Series,403385,New Zealand,7,1,1,0,0,100.0,,0.0,0,0,0,0,0,0,0,0,0,0,0,0.0,0,0,0,0,0,1,0,0,1
['2009-06-16'],ICC World Twenty20,356013,New Zealand,7,2,3,0,0,66.67,,0.0,0,0,0,0,0,0,0,0,0,0,0,0.0,0,0,0,0,0,2,0,0,2
['2009-06-13'],ICC World Twenty20,356008,New Zealand,6,8,8,1,0,100.0,,0.0,0,0,0,0,0,0,0,0,0,0,0,0.0,1,0,0,1,0,12,0,14,26
['2009-06-11'],ICC World Twenty20,356003,New Zealand,6,5,5,0,0,100.0,,0.0,0,0,0,0,0,0,0,0,0,0,0,0.0,0,0,0,1,0,5,0,6,11
['2009-06-09'],ICC World Twenty20,356000,New Zealand,7,0,0,0,0,0.0,,0.0,0,0,0,0,0,0,0,0,0,0,0,0.0,0,0,0,0,0,0,0,0,0
['2009-06-06'],ICC World Twenty20,355992,New Zealand,7,0,0,0,0,0.0,,0.0,0,0,0,0,0,0,0,0,0,0,0,0.0,1,0,1,0,0,0,0,20,20
['2006-12-26'],Sri Lanka in New Zealand T20I Series,251488,New Zealand,6,2,4,0,0,50.0,,0.0,0,0,0,0,0,0,0,0,0,0,0,0.0,2,0,0,1,0,2,0,22,24
['2006-12-22'],Sri Lanka in New Zealand T20I Series,251487,New Zealand,7,5,12,0,0,41.67,,0.0,0,0,0,0,0,0,0,0,0,0,0,0.0,0,0,0,0,-6,-1,0,0,-1
