date,event,match_id,teamname,batting_position,runs,balls,fours,sixes,strike_rate,overs_bowled,overs,total_balls,dots,maidens,conceded,fours_conceded,sixes_conceded,wickets,LBW,Bowled,noballs,wides,economy_rate,catches,stumping,direct_hit,indirect_hit,strike_rate_fp,batting_fp,bowling_fp,fielding_fp,total_fp
['2018-09-02'],ICC World Twenty20 Europe Region Qualifier B,1156663,Finland,5,1,2,0,0,50.0,,0.0,0,0,0,0,0,0,0,0,0,0,0,0.0,0,0,0,0,0,1,0,0,1
['2018-09-01'],ICC World Twenty20 Europe Region Qualifier B,1156660,Finland,1,5,13,0,0,38.46,,0.0,0,0,0,0,0,0,0,0,0,0,0,0.0,0,0,0,0,-6,-1,0,0,-1
['2018-08-30'],ICC World Twenty20 Europe Region Qualifier B,1156656,Finland,5,3,5,0,0,60.0,,0.0,0,0,0,0,0,0,0,0,0,0,0,0.0,0,0,0,0,0,3,0,0,3
['2018-08-29'],ICC World Twenty20 Europe Region Qualifier B,1156653,Finland,8,0,0,0,0,0.0,,0.0,0,0,0,0,0,0,0,0,0,0,0,0.0,1,0,0,0,0,0,0,8,8
