date,event,match_id,teamname,batting_position,runs,balls,fours,sixes,strike_rate,overs_bowled,overs,total_balls,dots,maidens,conceded,fours_conceded,sixes_conceded,wickets,LBW,Bowled,noballs,wides,economy_rate,catches,stumping,direct_hit,indirect_hit,strike_rate_fp,batting_fp,bowling_fp,fielding_fp,total_fp
['2008-05-28'],Indian Premier League,336019,Rajasthan Royals,8,6,3,1,0,200.0,"8,10,16",3.0,18,7,0,23,2,1,0,0,0,0,0,7.67,1,0,0,0,0,10,7,8,25
['2008-05-24'],Indian Premier League,336033,Rajasthan Royals,7,0,0,0,0,0.0,10,1.0,6,0,0,14,2,0,0,0,0,1,0,14.0,0,0,0,0,0,0,0,0,0
['2008-04-26'],Indian Premier League,335992,Rajasthan Royals,7,0,0,0,0,0.0,,0.0,0,0,0,0,0,0,0,0,0,0,0,0.0,0,0,0,0,0,0,0,0,0
['2008-04-24'],Indian Premier League,335990,Rajasthan Royals,8,1,1,0,0,100.0,12,1.0,6,2,0,9,0,1,0,0,0,0,0,9.0,1,0,0,0,0,1,2,8,11
['2008-04-21'],Indian Premier League,335987,Rajasthan Royals,8,0,0,0,0,0.0,"8,14",1.833,11,4,0,21,2,1,1,0,0,0,2,11.46,0,0,0,0,0,0,29,0,29
['2008-04-19'],Indian Premier League,335984,Rajasthan Royals,8,26,20,4,0,130.0,13,1.0,6,0,0,11,0,0,0,0,0,0,5,11.0,0,0,0,0,2,48,0,0,48
