date,event,match_id,teamname,batting_position,runs,balls,fours,sixes,strike_rate,overs_bowled,overs,total_balls,dots,maidens,conceded,fours_conceded,sixes_conceded,wickets,LBW,Bowled,noballs,wides,economy_rate,catches,stumping,direct_hit,indirect_hit,strike_rate_fp,batting_fp,bowling_fp,fielding_fp,total_fp
['2024-10-24'],ICC Men's T20 World Cup Sub Regional Africa Qualifier,1453926,Gambia,5,9,11,0,1,81.82,,0.0,0,0,0,0,0,0,0,0,0,0,0,0.0,0,0,0,0,0,15,0,0,15
['2024-10-23'],ICC Men's T20 World Cup Sub Regional Africa Qualifier,1453932,Gambia,5,7,9,1,0,77.78,,0.0,0,0,0,0,0,0,0,0,0,0,0,0.0,0,0,0,0,0,11,0,0,11
['2024-10-22'],ICC Men's T20 World Cup Sub Regional Africa Qualifier,1453934,Gambia,5,0,1,0,0,0.0,,0.0,0,0,0,0,0,0,0,0,0,0,0,0.0,0,0,0,0,0,-2,0,0,-2
['2022-12-09'],ICC Men's T20 World Cup Sub Regional Africa Qualifier,1343793,Gambia,8,4,6,0,0,66.67,,0.0,0,0,0,0,0,0,0,0,0,0,0,0.0,0,0,0,0,0,4,0,0,4
['2022-12-08'],ICC Men's T20 World Cup Sub Regional Africa Qualifier,1343788,Gambia,7,18,23,2,0,78.26,,0.0,0,0,0,0,0,0,0,0,0,0,0,0.0,0,0,0,0,0,26,0,0,26
['2022-12-08'],ICC Men's T20 World Cup Sub Regional Africa Qualifier,1343791,Gambia,7,12,17,1,0,70.59,,0.0,0,0,0,0,0,0,0,0,0,0,0,0.0,0,0,0,0,0,16,0,0,16
['2022-12-01'],ICC Men's T20 World Cup Sub Regional Africa Qualifier,1343771,Gambia,7,0,4,0,0,0.0,,0.0,0,0,0,0,0,0,0,0,0,0,0,0.0,0,0,0,0,0,-2,0,0,-2
