date,event,match_id,teamname,batting_position,runs,balls,fours,sixes,strike_rate,overs_bowled,overs,total_balls,dots,maidens,conceded,fours_conceded,sixes_conceded,wickets,LBW,Bowled,noballs,wides,economy_rate,catches,stumping,direct_hit,indirect_hit,strike_rate_fp,batting_fp,bowling_fp,fielding_fp,total_fp
['2021-11-13'],ICC Men's T20 World Cup Americas Region Qualifier,1286683,Belize,5,1,5,0,0,20.0,,0.0,0,0,0,0,0,0,0,0,0,0,0,0.0,0,0,0,0,0,1,0,0,1
['2021-11-10'],ICC Men's T20 World Cup Americas Region Qualifier,1286675,Belize,3,4,2,1,0,200.0,"16,18",2.0,12,1,0,17,0,1,0,0,0,0,0,8.5,0,0,0,0,0,8,1,0,9
['2021-11-08'],ICC Men's T20 World Cup Americas Region Qualifier,1286670,Belize,11,0,0,0,0,0.0,,0.0,0,0,0,0,0,0,0,0,0,0,0,0.0,0,0,0,0,0,0,0,0,0
['2021-11-08'],ICC Men's T20 World Cup Americas Region Qualifier,1286672,Belize,2,0,4,0,0,0.0,,0.0,0,0,0,0,0,0,0,0,0,0,0,0.0,0,0,0,0,0,-2,0,0,-2
['2021-11-07'],ICC Men's T20 World Cup Americas Region Qualifier,1286667,Belize,2,10,16,2,0,62.5,,0.0,0,0,0,0,0,0,0,0,0,0,0,0.0,0,0,0,0,-2,16,0,0,16
