date,event,match_id,teamname,batting_position,runs,balls,fours,sixes,strike_rate,overs_bowled,overs,total_balls,dots,maidens,conceded,fours_conceded,sixes_conceded,wickets,LBW,Bowled,noballs,wides,economy_rate,catches,stumping,direct_hit,indirect_hit,strike_rate_fp,batting_fp,bowling_fp,fielding_fp,total_fp
['2016-01-10'],Syed Mushtaq Ali Trophy,902239,Goa,5,0,0,0,0,0.0,"2,4,18,20",4.0,24,15,1,16,0,1,2,0,0,0,2,4.0,0,0,0,0,0,0,83,0,83
['2016-01-09'],Syed Mushtaq Ali Trophy,902219,Goa,7,31,28,4,1,110.71,"2,4,17",3.0,18,10,0,25,2,2,1,0,1,0,1,8.33,1,0,0,0,0,57,43,8,108
['2016-01-07'],Syed Mushtaq Ali Trophy,902195,Goa,6,1,4,0,0,25.0,"2,5,15,20",4.0,24,10,0,25,1,1,4,0,0,0,1,6.25,0,0,1,0,0,1,120,12,133
['2016-01-06'],Syed Mushtaq Ali Trophy,902175,Goa,7,3,5,0,0,60.0,"2,5,16,20",4.0,24,7,0,33,2,2,0,0,0,0,0,8.25,0,0,0,0,0,3,7,0,10
['2016-01-04'],Syed Mushtaq Ali Trophy,902147,Goa,6,24,22,0,1,109.09,"2,4,15",3.0,18,9,0,16,2,0,2,1,0,0,0,5.33,0,0,0,0,0,30,71,0,101
['2016-01-03'],Syed Mushtaq Ali Trophy,902123,Goa,6,0,1,0,0,0.0,"4,6,8,10",4.0,24,11,0,27,3,0,1,0,0,0,1,6.75,0,0,0,0,0,-2,38,0,36
