date,event,match_id,teamname,batting_position,runs,balls,fours,sixes,strike_rate,overs_bowled,overs,total_balls,dots,maidens,conceded,fours_conceded,sixes_conceded,wickets,LBW,Bowled,noballs,wides,economy_rate,catches,stumping,direct_hit,indirect_hit,strike_rate_fp,batting_fp,bowling_fp,fielding_fp,total_fp
['2021-08-21'],Sweden tour of Finland,1273146,Sweden,7,5,7,0,0,71.43,"6,10,16",3.0,18,6,0,32,4,1,1,0,0,0,1,10.67,0,0,0,0,0,5,29,0,34
['2021-08-21'],Sweden tour of Finland,1273147,Sweden,7,6,12,0,0,50.0,"9,11,17",3.0,18,3,0,30,2,1,0,0,0,0,0,10.0,1,0,0,0,-4,2,1,8,11
['2021-08-15'],Sweden tour of Denmark,1273134,Sweden,7,9,8,0,1,112.5,"8,10,18,20",3.167,19,11,1,25,1,2,3,1,0,1,0,7.89,0,0,0,0,0,15,110,0,125
['2021-08-14'],Sweden tour of Denmark,1273133,Sweden,8,3,3,0,0,100.0,"6,8,20",3.0,18,11,0,14,1,0,2,0,0,0,3,4.67,0,0,0,0,0,3,67,0,70
