date,event,match_id,teamname,batting_position,runs,balls,fours,sixes,strike_rate,overs_bowled,overs,total_balls,dots,maidens,conceded,fours_conceded,sixes_conceded,wickets,LBW,Bowled,noballs,wides,economy_rate,catches,stumping,direct_hit,indirect_hit,strike_rate_fp,batting_fp,bowling_fp,fielding_fp,total_fp
['2021-09-10'],New Zealand tour of Bangladesh,1272097,New Zealand,6,20,21,2,0,95.24,,0.0,0,0,0,0,0,0,0,0,0,0,0,0.0,0,0,0,0,0,28,0,0,28
['2021-09-08'],New Zealand tour of Bangladesh,1272096,New Zealand,5,1,5,0,0,20.0,,0.0,0,0,0,0,0,0,0,0,0,0,0,0.0,0,0,0,0,0,1,0,0,1
['2021-09-05'],New Zealand tour of Bangladesh,1272095,New Zealand,6,36,29,3,0,124.14,,0.0,0,0,0,0,0,0,0,0,0,0,0,0.0,2,0,0,0,0,52,0,16,68
['2021-09-03'],New Zealand tour of Bangladesh,1272094,New Zealand,6,6,5,1,0,120.0,,0.0,0,0,0,0,0,0,0,0,0,0,0,0.0,0,0,0,0,0,10,0,0,10
['2021-09-01'],New Zealand tour of Bangladesh,1272093,New Zealand,6,18,24,1,0,75.0,,0.0,0,0,0,0,0,0,0,0,0,0,0,0.0,1,0,0,0,0,22,0,8,30
['2019-01-11'],Sri Lanka tour of New Zealand,1153843,New Zealand,4,4,6,0,0,66.67,,0.0,0,0,0,0,0,0,0,0,0,0,0,0.0,0,0,0,0,0,4,0,0,4
['2018-08-11'],Vitality Blast,1127552,Derbyshire,4,0,0,0,0,0.0,,0.0,0,0,0,0,0,0,0,0,0,0,0,0.0,0,0,0,0,0,0,0,0,0
['2017-11-07'],New Zealand tour of India,1120095,New Zealand,6,2,4,0,0,50.0,,0.0,0,0,0,0,0,0,0,0,0,0,0,0.0,0,0,0,0,0,2,0,0,2
['2017-11-04'],New Zealand tour of India,1120094,New Zealand,7,0,0,0,0,0.0,,0.0,0,0,0,0,0,0,0,0,0,0,0,0.0,0,0,0,0,0,0,0,0,0
['2017-11-01'],New Zealand tour of India,1120093,New Zealand,7,6,7,1,0,85.71,,0.0,0,0,0,0,0,0,0,0,0,0,0,0.0,0,0,0,0,0,10,0,0,10
['2016-03-26'],World T20,951359,New Zealand,1,7,11,1,0,63.64,,0.0,0,0,0,0,0,0,0,0,0,0,0,0.0,0,0,0,0,-2,9,0,0,9
['2016-01-21'],Big Bash League,897759,Sydney Thunder,4,35,27,1,2,129.63,,0.0,0,0,0,0,0,0,0,0,0,0,0,0.0,0,0,0,0,0,55,0,0,55
['2016-01-16'],Big Bash League,897753,Sydney Thunder,4,3,4,0,0,75.0,,0.0,0,0,0,0,0,0,0,0,0,0,0,0.0,3,0,0,0,0,3,0,28,31
