date,event,match_id,teamname,batting_position,runs,balls,fours,sixes,strike_rate,overs_bowled,overs,total_balls,dots,maidens,conceded,fours_conceded,sixes_conceded,wickets,LBW,Bowled,noballs,wides,economy_rate,catches,stumping,direct_hit,indirect_hit,strike_rate_fp,batting_fp,bowling_fp,fielding_fp,total_fp
['2023-10-04'],ICC Men's T20 World Cup Americas Region Final,1399156,Cayman Islands,5,0,3,0,0,0.0,,0.0,0,0,0,0,0,0,0,0,0,0,0,0.0,0,0,0,0,0,-2,0,0,-2
['2023-10-03'],ICC Men's T20 World Cup Americas Region Final,1399155,Cayman Islands,5,0,2,0,0,0.0,,0.0,0,0,0,0,0,0,0,0,0,0,0,0.0,0,0,0,0,0,-2,0,0,-2
['2023-10-01'],ICC Men's T20 World Cup Americas Region Final,1399153,Cayman Islands,5,34,16,4,3,212.5,,0.0,0,0,0,0,0,0,0,0,0,0,0,0.0,0,0,0,0,6,78,0,0,78
['2023-09-30'],ICC Men's T20 World Cup Americas Region Final,1399151,Cayman Islands,5,24,17,2,2,141.18,,0.0,0,0,0,0,0,0,0,0,0,0,0,0.0,0,0,0,0,2,46,0,0,46
['2023-03-04'],ICC Men's T20 World Cup Americas Region Qualifier,1359802,Cayman Islands,2,11,6,1,1,183.33,,0.0,0,0,0,0,0,0,0,0,0,0,0,0.0,0,0,0,0,0,21,0,0,21
['2023-03-02'],ICC Men's T20 World Cup Americas Region Qualifier,1359799,Cayman Islands,2,11,9,2,0,122.22,,0.0,0,0,0,0,0,0,0,0,0,0,0,0.0,0,0,0,0,0,19,0,0,19
['2023-02-28'],ICC Men's T20 World Cup Americas Region Qualifier,1359788,Cayman Islands,2,15,14,3,0,107.14,,0.0,0,0,0,0,0,0,0,0,0,0,0,0.0,0,0,0,0,0,27,0,0,27
