date,event,match_id,teamname,batting_position,runs,balls,fours,sixes,strike_rate,overs_bowled,overs,total_balls,dots,maidens,conceded,fours_conceded,sixes_conceded,wickets,LBW,Bowled,noballs,wides,economy_rate,catches,stumping,direct_hit,indirect_hit,strike_rate_fp,batting_fp,bowling_fp,fielding_fp,total_fp
['2023-10-25'],Syed Mushtaq Ali Trophy,1383539,Karnataka,3,8,9,1,0,88.89,,0.0,0,0,0,0,0,0,0,0,0,0,0,0.0,0,0,0,0,0,12,0,0,12
['2023-10-21'],Syed Mushtaq Ali Trophy,1383503,Karnataka,3,24,22,3,0,109.09,,0.0,0,0,0,0,0,0,0,0,0,0,0,0.0,0,0,0,0,0,36,0,0,36
['2023-10-19'],Syed Mushtaq Ali Trophy,1383485,Karnataka,3,13,19,0,1,68.42,,0.0,0,0,0,0,0,0,0,0,0,0,0,0.0,0,0,0,0,-2,17,0,0,17
['2021-01-16'],Syed Mushtaq Ali Trophy,1244364,Karnataka,4,0,1,0,0,0.0,,0.0,0,0,0,0,0,0,0,0,0,0,0,0.0,0,0,0,0,0,-2,0,0,-2
['2021-01-14'],Syed Mushtaq Ali Trophy,1244346,Karnataka,4,11,11,1,0,100.0,,0.0,0,0,0,0,0,0,0,0,0,0,0,0.0,0,0,0,0,0,15,0,0,15
['2021-01-12'],Syed Mushtaq Ali Trophy,1244325,Karnataka,7,0,2,0,0,0.0,,0.0,0,0,0,0,0,0,0,0,0,0,0,0.0,0,1,0,0,0,-2,0,12,10
['2021-01-10'],Syed Mushtaq Ali Trophy,1244306,Karnataka,5,48,31,1,3,154.84,,0.0,0,0,0,0,0,0,0,0,0,0,0,0.0,0,1,0,0,4,78,0,12,90
