date,event,match_id,teamname,batting_position,runs,balls,fours,sixes,strike_rate,overs_bowled,overs,total_balls,dots,maidens,conceded,fours_conceded,sixes_conceded,wickets,LBW,Bowled,noballs,wides,economy_rate,catches,stumping,direct_hit,indirect_hit,strike_rate_fp,batting_fp,bowling_fp,fielding_fp,total_fp
['2024-08-24'],ICC Men's T20 World Cup East Asia-Pacific Region Qualifier A,1444962,Fiji,11,0,0,0,0,0.0,"9,11",2.0,12,3,0,16,2,0,0,0,0,0,0,8.0,0,0,0,0,0,0,3,0,3
['2024-08-23'],ICC Men's T20 World Cup East Asia-Pacific Region Qualifier A,1444960,Fiji,8,0,0,0,0,0.0,"11,13",2.0,12,3,0,23,2,1,0,0,0,0,0,11.5,0,0,0,0,0,0,-1,0,-1
['2024-08-21'],ICC Men's T20 World Cup East Asia-Pacific Region Qualifier A,1444958,Fiji,5,2,5,0,0,40.0,15,1.0,6,0,0,17,0,2,0,0,0,0,0,17.0,1,0,0,0,0,2,0,8,10
['2024-08-20'],ICC Men's T20 World Cup East Asia-Pacific Region Qualifier A,1444957,Fiji,7,17,10,1,1,170.0,"15,17,19",3.0,18,12,0,9,1,0,0,0,0,0,0,3.0,1,0,0,0,4,31,18,8,57
['2022-09-15'],ICC Men's T20 World Cup East Asia-Pacific Region Qualifier A,1333928,Fiji,8,6,9,0,0,66.67,"2,7,11",3.0,18,12,0,16,1,1,2,0,0,0,0,5.33,1,0,0,0,0,6,66,8,80
['2022-09-14'],ICC Men's T20 World Cup East Asia-Pacific Region Qualifier A,1333927,Fiji,7,0,1,0,0,0.0,"6,8,15",3.0,18,4,0,29,2,1,0,0,0,0,0,9.67,0,0,0,0,0,-2,4,0,2
['2022-09-13'],ICC Men's T20 World Cup East Asia-Pacific Region Qualifier A,1333925,Fiji,10,18,13,1,1,138.46,"2,4,15,17",4.0,24,9,0,27,3,0,0,0,0,0,0,6.75,0,0,0,0,2,30,11,0,41
['2022-09-11'],ICC Men's T20 World Cup East Asia-Pacific Region Qualifier A,1333923,Fiji,9,0,0,0,0,0.0,"2,4",2.0,12,6,0,15,1,1,1,0,0,0,0,7.5,0,0,0,0,0,0,31,0,31
['2022-09-10'],ICC Men's T20 World Cup East Asia-Pacific Region Qualifier A,1333920,Fiji,11,0,0,0,0,0.0,"14,16,18",3.0,18,5,0,16,0,0,2,0,2,0,0,5.33,0,0,0,0,0,0,75,0,75
