date,event,match_id,teamname,batting_position,runs,balls,fours,sixes,strike_rate,overs_bowled,overs,total_balls,dots,maidens,conceded,fours_conceded,sixes_conceded,wickets,LBW,Bowled,noballs,wides,economy_rate,catches,stumping,direct_hit,indirect_hit,strike_rate_fp,batting_fp,bowling_fp,fielding_fp,total_fp
['2018-12-07'],ICC World Twenty20 East Asia-Pacific Region Qualifier B,1166892,Japan,11,0,0,0,0,0.0,"5,9,15",3.0,18,8,0,18,1,0,0,0,0,1,2,6.0,0,0,0,0,0,0,10,0,10
['2018-12-06'],ICC World Twenty20 East Asia-Pacific Region Qualifier B,1166890,Japan,11,4,7,0,0,57.14,"3,5,7,15",4.0,24,19,1,14,1,1,3,1,2,0,0,3.5,0,0,0,0,0,4,140,0,144
['2018-12-05'],ICC World Twenty20 East Asia-Pacific Region Qualifier B,1166887,Japan,11,0,0,0,0,0.0,"3,5",2.0,12,6,0,10,0,0,0,0,0,0,1,5.0,1,0,0,0,0,0,10,8,18
['2018-12-01'],ICC World Twenty20 East Asia-Pacific Region Qualifier B,1166881,Japan,9,0,0,0,0,0.0,"2,6",2.0,12,2,0,18,2,0,0,0,0,0,1,9.0,0,0,0,0,0,0,2,0,2
['2018-09-15'],East Asia Cup,1159091,Japan,7,0,0,0,0,0.0,"5,15,17",3.0,18,16,1,6,1,0,1,0,0,0,1,2.0,0,0,0,0,0,0,59,0,59
['2018-09-14'],East Asia Cup,1159089,Japan,9,0,0,0,0,0.0,"3,8",2.0,12,5,0,14,1,0,0,0,0,0,5,7.0,1,0,0,0,0,0,7,8,15
