date,event,match_id,teamname,batting_position,runs,balls,fours,sixes,strike_rate,overs_bowled,overs,total_balls,dots,maidens,conceded,fours_conceded,sixes_conceded,wickets,LBW,Bowled,noballs,wides,economy_rate,catches,stumping,direct_hit,indirect_hit,strike_rate_fp,batting_fp,bowling_fp,fielding_fp,total_fp
"['2014-08-01', '2014-08-02']",NatWest T20 Blast,693261,Glamorgan,4,17,17,2,0,100.0,,0.0,0,0,0,0,0,0,0,0,0,0,0,0.0,1,0,0,0,0,25,0,8,33
['2014-07-25'],NatWest T20 Blast,693247,Glamorgan,4,41,22,4,2,186.36,,0.0,0,0,0,0,0,0,0,0,0,0,0,0.0,0,0,0,0,6,79,0,0,79
['2014-07-18'],NatWest T20 Blast,693217,Glamorgan,3,71,43,6,3,165.12,,0.0,0,0,0,0,0,0,0,0,0,0,0,0.0,0,0,0,0,4,125,0,0,125
['2014-07-15'],NatWest T20 Blast,693213,Glamorgan,6,35,24,3,1,145.83,,0.0,0,0,0,0,0,0,0,0,0,0,0,0.0,0,0,0,0,2,59,0,0,59
['2014-07-11'],NatWest T20 Blast,693197,Glamorgan,6,16,10,2,0,160.0,,0.0,0,0,0,0,0,0,0,0,0,0,0,0.0,0,0,0,0,4,28,0,0,28
['2014-07-03'],NatWest T20 Blast,693165,Glamorgan,7,0,0,0,0,0.0,,0.0,0,0,0,0,0,0,0,0,0,0,0,0.0,0,0,0,0,0,0,0,0,0
['2014-06-13'],NatWest T20 Blast,693099,Glamorgan,4,1,3,0,0,33.33,,0.0,0,0,0,0,0,0,0,0,0,0,0,0.0,0,0,0,0,0,1,0,0,1
['2014-06-08'],NatWest T20 Blast,693091,Glamorgan,4,0,0,0,0,0.0,,0.0,0,0,0,0,0,0,0,0,0,0,0,0.0,0,0,0,0,0,0,0,0,0
['2014-06-06'],NatWest T20 Blast,693073,Glamorgan,6,0,0,0,0,0.0,,0.0,0,0,0,0,0,0,0,0,0,0,0,0.0,0,0,0,0,0,0,0,0,0
['2014-05-30'],NatWest T20 Blast,693057,Glamorgan,3,8,8,1,0,100.0,,0.0,0,0,0,0,0,0,0,0,0,0,0,0.0,1,0,0,0,0,12,0,8,20
['2014-05-16'],NatWest T20 Blast,693021,Glamorgan,4,14,16,0,0,87.5,,0.0,0,0,0,0,0,0,0,0,0,0,0,0.0,0,0,0,0,0,14,0,0,14
