date,event,match_id,teamname,batting_position,runs,balls,fours,sixes,strike_rate,overs_bowled,overs,total_balls,dots,maidens,conceded,fours_conceded,sixes_conceded,wickets,LBW,Bowled,noballs,wides,economy_rate,catches,stumping,direct_hit,indirect_hit,strike_rate_fp,batting_fp,bowling_fp,fielding_fp,total_fp
['2021-08-22'],Portugal T20 Tri-Series,1273139,Gibraltar,5,4,4,1,0,100.0,"1,3,5",3.0,18,7,0,18,2,0,0,0,0,0,0,6.0,0,0,0,0,0,8,9,0,17
['2021-08-21'],Portugal T20 Tri-Series,1273138,Gibraltar,5,0,0,0,0,0.0,"1,3,5,19",4.0,24,10,0,39,4,2,1,0,1,0,3,9.75,0,0,0,0,0,0,43,0,43
['2021-08-20'],Portugal T20 Tri-Series,1273136,Gibraltar,1,3,10,0,0,30.0,"1,3,5,7",4.0,24,11,0,23,3,0,0,0,0,0,1,5.75,1,0,0,0,-6,-3,15,8,20
['2019-10-27'],Iberia Cup,1201673,Gibraltar,2,5,4,1,0,125.0,"6,8",2.0,12,5,0,21,1,2,0,0,0,0,0,10.5,1,0,0,0,0,9,3,8,20
['2019-10-26'],Iberia Cup,1201669,Gibraltar,3,7,7,1,0,100.0,"8,10,17",3.0,18,4,0,26,0,2,0,0,0,0,1,8.67,0,0,0,0,0,11,4,0,15
['2019-10-26'],Iberia Cup,1201670,Gibraltar,3,26,33,0,1,78.79,"6,8",2.0,12,5,0,8,0,0,1,0,0,0,2,4.0,0,0,0,0,0,36,36,0,72
