date,event,match_id,teamname,batting_position,runs,balls,fours,sixes,strike_rate,overs_bowled,overs,total_balls,dots,maidens,conceded,fours_conceded,sixes_conceded,wickets,LBW,Bowled,noballs,wides,economy_rate,catches,stumping,direct_hit,indirect_hit,strike_rate_fp,batting_fp,bowling_fp,fielding_fp,total_fp
['2023-10-21'],Syed Mushtaq Ali Trophy,1383499,Arunachal Pradesh,2,9,23,1,0,39.13,,0.0,0,0,0,0,0,0,0,0,0,0,0,0.0,0,0,0,0,-6,7,0,0,7
['2021-01-15'],Syed Mushtaq Ali Trophy,1244362,Arunachal Pradesh,3,12,14,1,1,85.71,,0.0,0,0,0,0,0,0,0,0,0,0,0,0.0,0,0,0,0,0,22,0,0,22
['2021-01-13'],Syed Mushtaq Ali Trophy,1244343,Arunachal Pradesh,6,3,4,0,0,75.0,,0.0,0,0,0,0,0,0,0,0,0,0,0,0.0,0,0,0,0,0,3,0,0,3
['2021-01-11'],Syed Mushtaq Ali Trophy,1244323,Arunachal Pradesh,2,23,34,0,1,67.65,,0.0,0,0,0,0,0,0,0,0,0,0,0,0.0,0,0,0,0,-2,27,0,0,27
