date,event,match_id,teamname,batting_position,runs,balls,fours,sixes,strike_rate,overs_bowled,overs,total_balls,dots,maidens,conceded,fours_conceded,sixes_conceded,wickets,LBW,Bowled,noballs,wides,economy_rate,catches,stumping,direct_hit,indirect_hit,strike_rate_fp,batting_fp,bowling_fp,fielding_fp,total_fp
['2019-11-15'],Syed Mushtaq Ali Trophy,1205809,Punjab,7,5,7,0,0,71.43,,0.0,0,0,0,0,0,0,0,0,0,0,0,0.0,0,0,0,0,0,5,0,0,5
['2019-11-14'],Syed Mushtaq Ali Trophy,1205791,Punjab,6,9,8,1,0,112.5,,0.0,0,0,0,0,0,0,0,0,0,0,0,0.0,2,0,0,0,0,13,0,16,29
['2019-11-12'],Syed Mushtaq Ali Trophy,1205780,Punjab,11,0,0,0,0,0.0,,0.0,0,0,0,0,0,0,0,0,0,0,0,0.0,0,0,0,0,0,0,0,0,0
['2019-11-11'],Syed Mushtaq Ali Trophy,1205763,Punjab,11,0,0,0,0,0.0,,0.0,0,0,0,0,0,0,0,0,0,0,0,0.0,0,0,0,0,0,0,0,0,0
['2019-11-09'],Syed Mushtaq Ali Trophy,1205736,Punjab,10,0,0,0,0,0.0,,0.0,0,0,0,0,0,0,0,0,0,0,0,0.0,0,0,2,0,0,0,0,24,24
['2019-11-08'],Syed Mushtaq Ali Trophy,1205719,Punjab,11,0,0,0,0,0.0,,0.0,0,0,0,0,0,0,0,0,0,0,0,0.0,0,0,0,0,0,0,0,0,0
['2019-02-28'],Syed Mushtaq Ali Trophy,1157182,Punjab,5,21,10,1,2,210.0,,0.0,0,0,0,0,0,0,0,0,0,0,0,0.0,0,0,0,0,6,43,0,0,43
['2019-02-27'],Syed Mushtaq Ali Trophy,1157166,Punjab,10,0,0,0,0,0.0,,0.0,0,0,0,0,0,0,0,0,0,0,0,0.0,0,0,2,0,0,0,0,24,24
['2019-02-24'],Syed Mushtaq Ali Trophy,1157132,Punjab,6,1,4,0,0,25.0,,0.0,0,0,0,0,0,0,0,0,0,0,0,0.0,0,0,0,0,0,1,0,0,1
['2018-01-25'],Syed Mushtaq Ali Trophy,1133417,Punjab,6,31,26,0,2,119.23,,0.0,0,0,0,0,0,0,0,0,0,0,0,0.0,0,0,0,0,0,47,0,0,47
['2018-01-22'],Syed Mushtaq Ali Trophy,1133406,Punjab,6,21,10,1,2,210.0,,0.0,0,0,0,0,0,0,0,0,0,0,0,0.0,0,0,0,0,6,43,0,0,43
['2018-01-21'],Syed Mushtaq Ali Trophy,1133401,Punjab,6,20,17,1,1,117.65,,0.0,0,0,0,0,0,0,0,0,0,0,0,0.0,1,0,1,0,0,30,0,20,50
['2018-01-15'],Syed Mushtaq Ali Trophy,1130720,Punjab,5,26,17,0,2,152.94,,0.0,0,0,0,0,0,0,0,0,0,0,0,0.0,0,0,0,0,4,46,0,0,46
