date,event,match_id,teamname,batting_position,runs,balls,fours,sixes,strike_rate,overs_bowled,overs,total_balls,dots,maidens,conceded,fours_conceded,sixes_conceded,wickets,LBW,Bowled,noballs,wides,economy_rate,catches,stumping,direct_hit,indirect_hit,strike_rate_fp,batting_fp,bowling_fp,fielding_fp,total_fp
['2024-07-10'],ICC Men's T20 World Cup Sub Regional Europe Qualifier,1439823,Croatia,7,6,9,0,0,66.67,,0.0,0,0,0,0,0,0,0,0,0,0,0,0.0,0,0,0,0,0,6,0,0,6
['2024-07-08'],ICC Men's T20 World Cup Sub Regional Europe Qualifier,1439818,Croatia,8,0,0,0,0,0.0,,0.0,0,0,0,0,0,0,0,0,0,0,0,0.0,1,0,0,0,0,0,0,8,8
['2022-07-19'],ICC Men's T20 World Cup Sub Regional Europe Qualifier,1321277,Croatia,9,7,8,1,0,87.5,,0.0,0,0,0,0,0,0,0,0,0,0,0,0.0,1,0,0,1,0,11,0,14,25
['2022-07-18'],ICC Men's T20 World Cup Sub Regional Europe Qualifier,1321275,Croatia,8,0,3,0,0,0.0,14,0.167,1,0,0,4,1,0,0,0,0,0,0,23.95,0,0,0,0,0,-2,0,0,-2
['2022-07-16'],ICC Men's T20 World Cup Sub Regional Europe Qualifier,1321272,Croatia,8,8,27,0,0,29.63,,0.0,0,0,0,0,0,0,0,0,0,0,0,0.0,0,0,0,0,-6,2,0,0,2
['2022-07-15'],ICC Men's T20 World Cup Sub Regional Europe Qualifier,1321267,Croatia,10,0,0,0,0,0.0,,0.0,0,0,0,0,0,0,0,0,0,0,0,0.0,2,0,0,0,0,0,0,16,16
['2022-07-13'],ICC Men's T20 World Cup Sub Regional Europe Qualifier,1321262,Croatia,10,0,2,0,0,0.0,,0.0,0,0,0,0,0,0,0,0,0,0,0,0.0,1,0,0,0,0,0,0,8,8
