date,event,match_id,teamname,batting_position,runs,balls,fours,sixes,strike_rate,overs_bowled,overs,total_balls,dots,maidens,conceded,fours_conceded,sixes_conceded,wickets,LBW,Bowled,noballs,wides,economy_rate,catches,stumping,direct_hit,indirect_hit,strike_rate_fp,batting_fp,bowling_fp,fielding_fp,total_fp
['2022-06-11'],Germany T20 Tri-Series,1318362,Germany,7,7,5,1,0,140.0,,0.0,0,0,0,0,0,0,0,0,0,0,0,0.0,0,0,0,0,0,11,0,0,11
['2022-06-09'],Germany T20 Tri-Series,1318357,Germany,5,7,14,0,0,50.0,,0.0,0,0,0,0,0,0,0,0,0,0,0,0.0,0,0,0,0,-4,3,0,0,3
['2022-02-24'],ICC Men's T20 World Cup Qualifier A,1299583,Germany,11,0,0,0,0,0.0,,0.0,0,0,0,0,0,0,0,0,0,0,0,0.0,0,0,0,0,0,0,0,0,0
['2022-02-22'],ICC Men's T20 World Cup Qualifier A,1299578,Germany,9,6,5,0,0,120.0,,0.0,0,0,0,0,0,0,0,0,0,0,0,0.0,0,0,0,0,0,6,0,0,6
['2022-02-21'],ICC Men's T20 World Cup Qualifier A,1299574,Germany,6,0,1,0,0,0.0,,0.0,0,0,0,0,0,0,0,0,0,0,0,0.0,0,0,0,0,0,-2,0,0,-2
