date,event,match_id,teamname,batting_position,runs,balls,fours,sixes,strike_rate,overs_bowled,overs,total_balls,dots,maidens,conceded,fours_conceded,sixes_conceded,wickets,LBW,Bowled,noballs,wides,economy_rate,catches,stumping,direct_hit,indirect_hit,strike_rate_fp,batting_fp,bowling_fp,fielding_fp,total_fp
['2022-12-08'],ICC Men's T20 World Cup Sub Regional Africa Qualifier,1343791,Mozambique,10,0,0,0,0,0.0,,0.0,0,0,0,0,0,0,0,0,0,0,0,0.0,1,0,0,0,0,0,0,8,8
['2022-12-05'],ICC Men's T20 World Cup Sub Regional Africa Qualifier,1343780,Mozambique,11,0,0,0,0,0.0,,0.0,0,0,0,0,0,0,0,0,0,0,0,0.0,1,0,0,0,0,0,0,8,8
['2022-12-04'],ICC Men's T20 World Cup Sub Regional Africa Qualifier,1343776,Mozambique,4,0,0,0,0,0.0,6,1.0,6,2,0,13,3,0,0,0,0,0,0,13.0,0,0,0,1,0,0,2,6,8
['2022-12-02'],ICC Men's T20 World Cup Sub Regional Africa Qualifier,1343775,Mozambique,9,0,0,0,0,0.0,,0.0,0,0,0,0,0,0,0,0,0,0,0,0.0,0,0,0,0,0,0,0,0,0
['2022-09-19'],Africa Cricket Association Cup,1332504,Mozambique,11,1,9,0,0,11.11,"1,3,5",3.0,18,9,0,19,3,0,0,0,0,0,1,6.33,0,0,0,0,0,1,11,0,12
['2021-11-06'],ICC Men's T20 World Cup Sub Regional Africa Qualifier,1283048,Mozambique,11,3,5,0,0,60.0,"2,12,14",3.0,18,5,0,29,3,0,0,0,0,0,1,9.67,0,0,0,0,0,3,5,0,8
['2021-11-05'],ICC Men's T20 World Cup Sub Regional Africa Qualifier,1283047,Mozambique,11,4,4,0,0,100.0,"2,4,6",3.0,18,11,0,10,1,0,1,0,0,0,1,3.33,1,0,0,0,0,4,42,8,54
['2021-11-03'],ICC Men's T20 World Cup Sub Regional Africa Qualifier,1283044,Mozambique,11,0,0,0,0,0.0,,0.0,0,0,0,0,0,0,0,0,0,0,0,0.0,0,0,0,0,0,0,0,0,0
['2021-11-02'],ICC Men's T20 World Cup Sub Regional Africa Qualifier,1283043,Mozambique,11,0,0,0,0,0.0,"2,4",2.0,12,6,0,18,2,1,0,0,0,0,0,9.0,0,0,0,0,0,0,6,0,6
