date,event,match_id,teamname,batting_position,runs,balls,fours,sixes,strike_rate,overs_bowled,overs,total_balls,dots,maidens,conceded,fours_conceded,sixes_conceded,wickets,LBW,Bowled,noballs,wides,economy_rate,catches,stumping,direct_hit,indirect_hit,strike_rate_fp,batting_fp,bowling_fp,fielding_fp,total_fp
['2023-02-10'],Bangladesh Premier League,1351093,Fortune Barishal,9,1,1,0,0,100.0,,0.0,0,0,0,0,0,0,0,0,0,0,0,0.0,0,0,0,0,0,1,0,0,1
['2023-02-03'],Bangladesh Premier League,1351084,Fortune Barishal,8,0,0,0,0,0.0,,0.0,0,0,0,0,0,0,0,0,0,0,0,0.0,0,0,0,0,0,0,0,0,0
['2023-01-31'],Bangladesh Premier League,1351082,Fortune Barishal,7,14,12,3,0,116.67,11,1.0,6,1,0,8,1,0,0,0,0,0,0,8.0,1,0,0,0,0,26,1,8,35
['2023-01-27'],Bangladesh Premier League,1351077,Fortune Barishal,7,18,14,2,1,128.57,,0.0,0,0,0,0,0,0,0,0,0,0,0,0.0,1,0,0,0,0,32,0,8,40
['2022-01-21'],Bangladesh Premier League,1296685,Fortune Barishal,7,0,3,0,0,0.0,,0.0,0,0,0,0,0,0,0,0,0,0,0,0.0,1,0,0,0,0,0,0,8,8
