date,event,match_id,teamname,batting_position,runs,balls,fours,sixes,strike_rate,overs_bowled,overs,total_balls,dots,maidens,conceded,fours_conceded,sixes_conceded,wickets,LBW,Bowled,noballs,wides,economy_rate,catches,stumping,direct_hit,indirect_hit,strike_rate_fp,batting_fp,bowling_fp,fielding_fp,total_fp
['2015-12-07'],Bangladesh Premier League,935327,Barisal Bulls,10,0,0,0,0,0.0,"1,3,15",3.0,18,11,0,18,3,0,1,0,0,0,0,6.0,0,0,0,0,0,0,38,0,38
['2015-12-06'],Bangladesh Premier League,935323,Barisal Bulls,10,1,9,0,0,11.11,"8,10",2.0,12,6,0,8,1,0,0,0,0,0,0,4.0,1,0,0,0,0,1,12,8,21
['2013-05-11'],Bangladesh in Zimbabwe T20I Series,623571,Bangladesh,11,0,0,0,0,0.0,8,1.0,6,0,0,15,1,1,0,0,0,0,1,15.0,1,0,0,0,0,0,0,8,8
['2013-02-18'],Bangladesh Premier League,605286,Sylhet Royals,11,0,0,0,0,0.0,"8,20",1.167,7,1,0,19,3,0,0,0,0,1,1,16.28,0,0,0,0,0,0,1,0,1
['2013-02-15'],Bangladesh Premier League,599907,Sylhet Royals,11,0,0,0,0,0.0,"8,10,18,20",4.0,24,12,1,23,0,2,3,0,2,0,0,5.75,0,0,0,0,0,0,123,0,123
