date,event,match_id,teamname,batting_position,runs,balls,fours,sixes,strike_rate,overs_bowled,overs,total_balls,dots,maidens,conceded,fours_conceded,sixes_conceded,wickets,LBW,Bowled,noballs,wides,economy_rate,catches,stumping,direct_hit,indirect_hit,strike_rate_fp,batting_fp,bowling_fp,fielding_fp,total_fp
['2024-12-16'],ICC Men's T20 World Cup Sub Regional Americas Qualifier,1462909,Bahamas,5,4,7,0,0,57.14,,0.0,0,0,0,0,0,0,0,0,0,0,0,0.0,0,0,0,0,0,4,0,0,4
['2024-12-15'],ICC Men's T20 World Cup Sub Regional Americas Qualifier,1462906,Bahamas,5,1,3,0,0,33.33,,0.0,0,0,0,0,0,0,0,0,0,0,0,0.0,0,0,0,0,0,1,0,0,1
['2024-12-14'],ICC Men's T20 World Cup Sub Regional Americas Qualifier,1462901,Bahamas,6,0,5,0,0,0.0,,0.0,0,0,0,0,0,0,0,0,0,0,0,0.0,0,0,0,0,0,-2,0,0,-2
['2024-12-12'],ICC Men's T20 World Cup Sub Regional Americas Qualifier,1462898,Bahamas,6,14,12,3,0,116.67,,0.0,0,0,0,0,0,0,0,0,0,0,0,0.0,0,0,0,0,0,26,0,0,26
['2024-12-11'],ICC Men's T20 World Cup Sub Regional Americas Qualifier,1462893,Bahamas,6,30,32,1,2,93.75,,0.0,0,0,0,0,0,0,0,0,0,0,0,0.0,0,0,0,0,0,50,0,0,50
['2024-12-10'],ICC Men's T20 World Cup Sub Regional Americas Qualifier,1462889,Bahamas,6,15,14,1,0,107.14,,0.0,0,0,0,0,0,0,0,0,0,0,0,0.0,0,0,0,0,0,19,0,0,19
['2024-12-08'],ICC Men's T20 World Cup Sub Regional Americas Qualifier,1462885,Bahamas,4,12,11,0,0,109.09,,0.0,0,0,0,0,0,0,0,0,0,0,0,0.0,0,0,0,0,0,12,0,0,12
['2024-12-06'],ICC Men's T20 World Cup Sub Regional Americas Qualifier,1462878,Bahamas,4,5,11,0,0,45.45,,0.0,0,0,0,0,0,0,0,0,0,0,0,0.0,0,0,0,0,-6,-1,0,0,-1
['2023-03-04'],ICC Men's T20 World Cup Americas Region Qualifier,1359800,Bahamas,9,16,11,1,1,145.45,,0.0,0,0,0,0,0,0,0,0,0,0,0,0.0,0,0,0,0,2,28,0,0,28
['2023-03-02'],ICC Men's T20 World Cup Americas Region Qualifier,1359798,Bahamas,4,1,5,0,0,20.0,,0.0,0,0,0,0,0,0,0,0,0,0,0,0.0,0,0,0,0,0,1,0,0,1
['2023-02-28'],ICC Men's T20 World Cup Americas Region Qualifier,1359788,Bahamas,10,1,8,0,0,12.5,,0.0,0,0,0,0,0,0,0,0,0,0,0,0.0,1,0,0,0,0,1,0,8,9
['2023-02-26'],ICC Men's T20 World Cup Americas Region Qualifier,1359792,Bahamas,8,2,4,0,0,50.0,,0.0,0,0,0,0,0,0,0,0,0,0,0,0.0,0,0,0,0,0,2,0,0,2
