date,event,match_id,teamname,batting_position,runs,balls,fours,sixes,strike_rate,overs_bowled,overs,total_balls,dots,maidens,conceded,fours_conceded,sixes_conceded,wickets,LBW,Bowled,noballs,wides,economy_rate,catches,stumping,direct_hit,indirect_hit,strike_rate_fp,batting_fp,bowling_fp,fielding_fp,total_fp
['2024-12-15'],ICC Men's T20 World Cup Sub Regional Americas Qualifier,1462907,Mexico,7,1,2,0,0,50.0,,0.0,0,0,0,0,0,0,0,0,0,0,0,0.0,1,0,0,0,0,1,0,8,9
['2024-12-14'],ICC Men's T20 World Cup Sub Regional Americas Qualifier,1462903,Mexico,5,1,3,0,0,33.33,,0.0,0,0,0,0,0,0,0,0,0,0,0,0.0,0,0,0,0,0,1,0,0,1
['2024-12-12'],ICC Men's T20 World Cup Sub Regional Americas Qualifier,1462897,Mexico,2,1,3,0,0,33.33,,0.0,0,0,0,0,0,0,0,0,0,0,0,0.0,0,0,0,0,0,1,0,0,1
['2024-12-11'],ICC Men's T20 World Cup Sub Regional Americas Qualifier,1462892,Mexico,2,24,42,0,0,57.14,,0.0,0,0,0,0,0,0,0,0,0,0,0,0.0,0,0,0,0,-4,20,0,0,20
['2024-12-10'],ICC Men's T20 World Cup Sub Regional Americas Qualifier,1462890,Mexico,3,5,10,1,0,50.0,,0.0,0,0,0,0,0,0,0,0,0,0,0,0.0,0,0,0,0,-4,5,0,0,5
['2024-12-07'],ICC Men's T20 World Cup Sub Regional Americas Qualifier,1462880,Mexico,3,10,13,1,0,76.92,,0.0,0,0,0,0,0,0,0,0,0,0,0,0.0,0,0,0,0,0,14,0,0,14
