date,event,match_id,teamname,batting_position,runs,balls,fours,sixes,strike_rate,overs_bowled,overs,total_balls,dots,maidens,conceded,fours_conceded,sixes_conceded,wickets,LBW,Bowled,noballs,wides,economy_rate,catches,stumping,direct_hit,indirect_hit,strike_rate_fp,batting_fp,bowling_fp,fielding_fp,total_fp
['2012-12-26'],Big Bash League,571248,Hobart Hurricanes,7,0,0,0,0,0.0,"2,8,10,14",4.0,24,11,0,26,3,0,0,0,0,0,1,6.5,0,0,0,0,0,0,13,0,13
['2012-12-19'],Big Bash League,571242,Hobart Hurricanes,7,5,7,0,0,71.43,"7,13",2.0,12,4,0,20,1,1,0,0,0,0,3,10.0,1,0,0,0,0,5,2,8,15
['2012-01-22'],Big Bash League,524944,Hobart Hurricanes,7,2,3,0,0,66.67,"7,9,11,15",4.0,24,8,0,37,3,1,1,0,0,0,0,9.25,0,0,0,0,0,2,33,0,35
['2012-01-18'],Big Bash League,524940,Hobart Hurricanes,7,0,0,0,0,0.0,"4,8,16,18",4.0,24,8,0,39,2,3,3,0,1,0,0,9.75,0,0,0,0,0,0,95,0,95
['2012-01-01'],Big Bash League,524927,Hobart Hurricanes,8,0,0,0,0,0.0,"2,4,14,16",4.0,24,10,0,29,0,2,2,0,0,0,3,7.25,1,0,0,0,0,0,60,8,68
['2011-12-28'],Big Bash League,524924,Hobart Hurricanes,8,0,0,0,0,0.0,"2,8,12,14",4.0,24,8,0,40,5,1,1,1,0,0,0,10.0,1,0,0,0,0,0,39,8,47
['2011-12-21'],Big Bash League,524920,Hobart Hurricanes,7,0,0,0,0,0.0,"1,3,8,12",4.0,24,9,0,20,0,0,2,1,1,0,0,5.0,0,0,0,0,0,0,79,0,79
['2011-12-18'],Big Bash League,524918,Hobart Hurricanes,7,1,2,0,0,50.0,"1,3,11",3.0,18,9,0,15,1,0,1,0,0,0,0,5.0,0,0,0,0,0,1,38,0,39
