date,event,match_id,teamname,batting_position,runs,balls,fours,sixes,strike_rate,overs_bowled,overs,total_balls,dots,maidens,conceded,fours_conceded,sixes_conceded,wickets,LBW,Bowled,noballs,wides,economy_rate,catches,stumping,direct_hit,indirect_hit,strike_rate_fp,batting_fp,bowling_fp,fielding_fp,total_fp
['2019-11-17'],Syed Mushtaq Ali Trophy,1205839,Nagaland,2,14,12,3,0,116.67,,0.0,0,0,0,0,0,0,0,0,0,0,0,0.0,1,0,0,0,0,26,0,8,34
['2019-11-14'],Syed Mushtaq Ali Trophy,1205802,Nagaland,1,0,9,0,0,0.0,18,0.833,5,2,0,6,1,0,0,0,0,0,0,7.2,0,0,0,0,0,-2,2,0,0
['2019-11-11'],Syed Mushtaq Ali Trophy,1205758,Nagaland,1,1,6,0,0,16.67,,0.0,0,0,0,0,0,0,0,0,0,0,0,0.0,0,0,0,0,0,1,0,0,1
['2019-11-09'],Syed Mushtaq Ali Trophy,1205749,Nagaland,1,23,33,2,1,69.7,,0.0,0,0,0,0,0,0,0,0,0,0,0,0.0,0,0,0,0,-2,35,0,0,35
['2019-11-08'],Syed Mushtaq Ali Trophy,1205731,Nagaland,1,8,27,0,0,29.63,,0.0,0,0,0,0,0,0,0,0,0,0,0,0.0,0,0,0,0,-6,2,0,0,2
