date,event,match_id,teamname,batting_position,runs,balls,fours,sixes,strike_rate,overs_bowled,overs,total_balls,dots,maidens,conceded,fours_conceded,sixes_conceded,wickets,LBW,Bowled,noballs,wides,economy_rate,catches,stumping,direct_hit,indirect_hit,strike_rate_fp,batting_fp,bowling_fp,fielding_fp,total_fp
['2024-06-16'],ICC Men's T20 World Cup Sub Regional Europe Qualifier,1436493,Portugal,7,0,0,0,0,0.0,"2,4,6",3.0,18,9,0,17,2,0,1,0,0,0,1,5.67,1,0,0,0,0,0,38,8,46
['2024-06-13'],ICC Men's T20 World Cup Sub Regional Europe Qualifier,1436485,Portugal,8,25,20,0,1,125.0,"1,18,20",3.0,18,4,0,29,2,0,1,0,0,1,1,9.67,0,0,0,1,0,35,29,6,70
['2024-06-12'],ICC Men's T20 World Cup Sub Regional Europe Qualifier,1436480,Portugal,9,0,1,0,0,0.0,"1,3",2.0,12,7,0,16,2,1,0,0,0,0,0,8.0,0,0,0,0,0,0,7,0,7
['2024-06-10'],ICC Men's T20 World Cup Sub Regional Europe Qualifier,1436477,Portugal,9,8,6,1,0,133.33,"1,3,14,16",4.0,24,14,0,35,6,1,2,1,0,0,2,8.75,0,0,0,0,0,12,72,0,84
['2024-06-09'],ICC Men's T20 World Cup Sub Regional Europe Qualifier,1436472,Portugal,11,0,0,0,0,0.0,"1,3,5,19",4.0,24,13,0,18,2,0,1,0,0,0,0,4.5,0,0,0,0,0,0,44,0,44
