date,event,match_id,teamname,batting_position,runs,balls,fours,sixes,strike_rate,overs_bowled,overs,total_balls,dots,maidens,conceded,fours_conceded,sixes_conceded,wickets,LBW,Bowled,noballs,wides,economy_rate,catches,stumping,direct_hit,indirect_hit,strike_rate_fp,batting_fp,bowling_fp,fielding_fp,total_fp
['2018-09-26'],ICC World Twenty20 Americas Sub Regional Qualifier A,1157701,Panama,6,1,4,0,0,25.0,,0.0,0,0,0,0,0,0,0,0,0,0,0,0.0,0,0,0,0,0,1,0,0,1
['2018-09-25'],ICC World Twenty20 Americas Sub Regional Qualifier A,1157698,Panama,7,51,24,9,1,212.5,,0.0,0,0,0,0,0,0,0,0,0,0,0,0.0,0,0,0,0,6,107,0,0,107
['2018-09-23'],ICC World Twenty20 Americas Sub Regional Qualifier A,1157697,Panama,7,0,7,0,0,0.0,,0.0,0,0,0,0,0,0,0,0,0,0,0,0.0,0,0,0,0,0,-2,0,0,-2
['2018-09-20'],ICC World Twenty20 Americas Sub Regional Qualifier A,1157690,Panama,1,0,1,0,0,0.0,,0.0,0,0,0,0,0,0,0,0,0,0,0,0.0,0,0,0,0,0,-2,0,0,-2
