date,event,match_id,teamname,batting_position,runs,balls,fours,sixes,strike_rate,overs_bowled,overs,total_balls,dots,maidens,conceded,fours_conceded,sixes_conceded,wickets,LBW,Bowled,noballs,wides,economy_rate,catches,stumping,direct_hit,indirect_hit,strike_rate_fp,batting_fp,bowling_fp,fielding_fp,total_fp
['2023-10-23'],Syed Mushtaq Ali Trophy,1383507,Mizoram,8,3,5,0,0,60.0,,0.0,0,0,0,0,0,0,0,0,0,0,0,0.0,0,0,0,0,0,3,0,0,3
['2022-10-20'],Syed Mushtaq Ali Trophy,1333017,Mizoram,8,4,19,0,0,21.05,,0.0,0,0,0,0,0,0,0,0,0,0,0,0.0,0,0,0,0,-6,-2,0,0,-2
['2022-10-18'],Syed Mushtaq Ali Trophy,1332997,Mizoram,8,3,8,0,0,37.5,,0.0,0,0,0,0,0,0,0,0,0,0,0,0.0,0,0,0,0,0,3,0,0,3
['2022-10-16'],Syed Mushtaq Ali Trophy,1332981,Mizoram,7,1,5,0,0,20.0,,0.0,0,0,0,0,0,0,0,0,0,0,0,0.0,0,0,0,0,0,1,0,0,1
