date,event,match_id,teamname,batting_position,runs,balls,fours,sixes,strike_rate,overs_bowled,overs,total_balls,dots,maidens,conceded,fours_conceded,sixes_conceded,wickets,LBW,Bowled,noballs,wides,economy_rate,catches,stumping,direct_hit,indirect_hit,strike_rate_fp,batting_fp,bowling_fp,fielding_fp,total_fp
['2023-10-16'],Syed Mushtaq Ali Trophy,1383437,Baroda,2,5,7,1,0,71.43,,0.0,0,0,0,0,0,0,0,0,0,0,0,0.0,0,0,0,0,0,9,0,0,9
['2022-10-20'],Syed Mushtaq Ali Trophy,1333024,Baroda,1,6,5,1,0,120.0,,0.0,0,0,0,0,0,0,0,0,0,0,0,0.0,0,0,0,0,0,10,0,0,10
['2022-10-14'],Syed Mushtaq Ali Trophy,1332968,Baroda,1,26,19,2,1,136.84,,0.0,0,0,0,0,0,0,0,0,0,0,0,0.0,0,0,0,0,2,46,0,0,46
['2022-10-11'],Syed Mushtaq Ali Trophy,1332934,Baroda,1,20,21,1,2,95.24,,0.0,0,0,0,0,0,0,0,0,0,0,0,0.0,0,0,0,0,0,36,0,0,36
