date,event,match_id,teamname,batting_position,runs,balls,fours,sixes,strike_rate,overs_bowled,overs,total_balls,dots,maidens,conceded,fours_conceded,sixes_conceded,wickets,LBW,Bowled,noballs,wides,economy_rate,catches,stumping,direct_hit,indirect_hit,strike_rate_fp,batting_fp,bowling_fp,fielding_fp,total_fp
['2021-10-21'],ICC Men's T20 World Cup Europe Region Qualifier,1282749,Denmark,10,0,0,0,0,0.0,,0.0,0,0,0,0,0,0,0,0,0,0,0,0.0,0,0,0,0,0,0,0,0,0
['2021-10-20'],ICC Men's T20 World Cup Europe Region Qualifier,1282747,Denmark,10,0,0,0,0,0.0,8,1.0,6,2,0,5,0,0,0,0,0,0,0,5.0,0,0,0,0,0,0,2,0,2
['2021-10-16'],ICC Men's T20 World Cup Europe Region Qualifier,1282740,Denmark,10,0,0,0,0,0.0,,0.0,0,0,0,0,0,0,0,0,0,0,0,0.0,0,0,0,0,0,0,0,0,0
['2021-10-15'],ICC Men's T20 World Cup Europe Region Qualifier,1282739,Denmark,10,0,1,0,0,0.0,"7,9",2.0,12,4,0,20,1,2,0,0,0,0,0,10.0,0,0,0,0,0,0,2,0,2
