date,event,match_id,teamname,batting_position,runs,balls,fours,sixes,strike_rate,overs_bowled,overs,total_balls,dots,maidens,conceded,fours_conceded,sixes_conceded,wickets,LBW,Bowled,noballs,wides,economy_rate,catches,stumping,direct_hit,indirect_hit,strike_rate_fp,batting_fp,bowling_fp,fielding_fp,total_fp
['2008-02-07'],England in New Zealand T20I Series,300436,New Zealand,11,0,0,0,0,0.0,"2,4,6,16",4.0,24,5,0,45,6,1,1,0,1,0,1,11.25,0,0,0,0,0,0,34,0,34
['2008-02-05'],England in New Zealand T20I Series,300435,New Zealand,11,5,6,0,0,83.33,"2,4,6,8",4.0,24,11,0,34,5,1,2,0,0,0,0,8.5,0,0,0,0,0,5,61,0,66
['2007-09-19'],ICC World Twenty20,287872,New Zealand,11,0,0,0,0,0.0,"6,8,11,15",4.0,24,10,0,40,4,2,1,0,0,1,0,10.0,0,0,0,0,0,0,33,0,33
['2007-09-18'],ICC World Twenty20,287869,New Zealand,11,0,0,0,0,0.0,"7,9,11,13",4.0,24,8,0,37,3,2,1,0,0,0,0,9.25,0,0,0,1,0,0,33,6,39
['2007-09-15'],ICC World Twenty20,287863,New Zealand,11,0,0,0,0,0.0,"2,4,6",3.0,18,7,0,23,3,1,0,0,0,0,0,7.67,1,0,0,0,0,0,7,8,15
['2007-09-12'],ICC World Twenty20,287854,New Zealand,11,0,0,0,0,0.0,"9,11,13,15",4.0,24,17,1,14,0,1,2,0,0,0,1,3.5,0,0,0,0,0,0,85,0,85
