date,event,match_id,teamname,batting_position,runs,balls,fours,sixes,strike_rate,overs_bowled,overs,total_balls,dots,maidens,conceded,fours_conceded,sixes_conceded,wickets,LBW,Bowled,noballs,wides,economy_rate,catches,stumping,direct_hit,indirect_hit,strike_rate_fp,batting_fp,bowling_fp,fielding_fp,total_fp
['2013-11-26'],ICC World Twenty20 Qualifier,660207,United States of America,4,1,5,0,0,20.0,,0.0,0,0,0,0,0,0,0,0,0,0,0,0.0,0,0,0,0,0,1,0,0,1
['2013-11-24'],ICC World Twenty20 Qualifier,660199,United States of America,5,2,4,0,0,50.0,,0.0,0,0,0,0,0,0,0,0,0,0,0,0.0,0,0,0,0,0,2,0,0,2
['2013-11-22'],ICC World Twenty20 Qualifier,660179,United States of America,5,11,16,0,0,68.75,,0.0,0,0,0,0,0,0,0,0,0,0,0,0.0,1,0,0,0,-2,9,0,8,17
['2013-11-20'],ICC World Twenty20 Qualifier,660153,United States of America,4,0,2,0,0,0.0,19,1.0,6,0,0,23,3,1,0,0,0,0,0,23.0,0,0,0,0,0,-2,0,0,-2
['2013-11-17'],ICC World Twenty20 Qualifier,660125,United States of America,6,4,3,1,0,133.33,,0.0,0,0,0,0,0,0,0,0,0,0,0,0.0,1,0,0,0,0,8,0,8,16
['2013-11-16'],ICC World Twenty20 Qualifier,660117,United States of America,6,8,6,1,0,133.33,,0.0,0,0,0,0,0,0,0,0,0,0,0,0.0,0,0,0,0,0,12,0,0,12
