date,event,match_id,teamname,batting_position,runs,balls,fours,sixes,strike_rate,overs_bowled,overs,total_balls,dots,maidens,conceded,fours_conceded,sixes_conceded,wickets,LBW,Bowled,noballs,wides,economy_rate,catches,stumping,direct_hit,indirect_hit,strike_rate_fp,batting_fp,bowling_fp,fielding_fp,total_fp
['2024-12-16'],ICC Men's T20 World Cup Sub Regional Americas Qualifier,1462910,Belize,4,3,2,0,0,150.0,"5,7,9,11",4.0,24,12,0,20,1,0,2,0,0,0,3,5.0,0,0,0,0,0,3,66,0,69
['2024-12-15'],ICC Men's T20 World Cup Sub Regional Americas Qualifier,1462904,Belize,5,10,14,0,0,71.43,"4,6,8,10",4.0,24,11,0,35,6,1,1,0,0,0,0,8.75,1,0,0,0,0,10,36,8,54
['2024-12-14'],ICC Men's T20 World Cup Sub Regional Americas Qualifier,1462902,Belize,6,0,0,0,0,0.0,,0.0,0,0,0,0,0,0,0,0,0,0,0,0.0,1,0,0,0,0,0,0,8,8
['2024-12-12'],ICC Men's T20 World Cup Sub Regional Americas Qualifier,1462899,Belize,1,2,6,0,0,33.33,"7,9,11,13",4.0,24,7,0,33,1,1,1,0,0,0,3,8.25,0,0,0,0,0,2,32,0,34
['2024-12-10'],ICC Men's T20 World Cup Sub Regional Americas Qualifier,1462889,Belize,8,6,1,0,1,600.0,"10,12,14,16",4.0,24,13,0,14,0,0,3,0,0,0,1,3.5,0,0,0,0,0,12,98,0,110
['2024-12-08'],ICC Men's T20 World Cup Sub Regional Americas Qualifier,1462887,Belize,10,4,4,1,0,100.0,"10,12,14,16",4.0,24,5,0,33,3,0,0,0,0,0,0,8.25,1,0,0,0,0,8,5,8,21
['2024-12-07'],ICC Men's T20 World Cup Sub Regional Americas Qualifier,1462881,Belize,10,12,12,0,0,100.0,"5,7,9,11",4.0,24,17,1,12,1,0,3,1,1,0,0,3.0,0,0,0,0,0,12,130,0,142
['2021-11-10'],ICC Men's T20 World Cup Americas Region Qualifier,1286675,Belize,11,4,8,0,0,50.0,"2,4,6,20",4.0,24,5,0,44,6,1,0,0,0,0,2,11.0,0,0,0,0,0,4,3,0,7
['2021-11-08'],ICC Men's T20 World Cup Americas Region Qualifier,1286672,Belize,9,0,0,0,0,0.0,20,1.0,6,0,0,14,2,0,0,0,0,0,0,14.0,0,0,0,0,0,0,0,0,0
