date,event,match_id,teamname,batting_position,runs,balls,fours,sixes,strike_rate,overs_bowled,overs,total_balls,dots,maidens,conceded,fours_conceded,sixes_conceded,wickets,LBW,Bowled,noballs,wides,economy_rate,catches,stumping,direct_hit,indirect_hit,strike_rate_fp,batting_fp,bowling_fp,fielding_fp,total_fp
['2022-07-15'],ICC Men's T20 World Cup Qualifier,1321480,United States of America,5,7,13,1,0,53.85,"2,18",2.0,12,4,0,11,1,0,0,0,0,0,0,5.5,0,0,0,0,-4,7,8,0,15
['2018-01-14'],Syed Mushtaq Ali Trophy,1130715,Andhra,11,0,0,0,0,0.0,"2,4,6,20",4.0,24,9,0,32,2,2,1,0,0,0,0,8.0,0,0,0,0,0,0,34,0,34
['2018-01-12'],Syed Mushtaq Ali Trophy,1130701,Andhra,7,0,0,0,0,0.0,"2,4,6,8",4.0,24,13,0,19,2,0,1,0,0,0,0,4.75,0,0,0,0,0,0,44,0,44
['2018-01-11'],Syed Mushtaq Ali Trophy,1130691,Andhra,7,0,0,0,0,0.0,"1,3",2.0,12,5,0,21,1,2,0,0,0,0,0,10.5,0,0,0,0,0,0,3,0,3
['2018-01-09'],Syed Mushtaq Ali Trophy,1130680,Andhra,7,0,0,0,0,0.0,"2,4,6,12",4.0,24,9,0,29,3,1,2,0,0,0,0,7.25,0,0,0,0,0,0,59,0,59
