date,event,match_id,teamname,batting_position,runs,balls,fours,sixes,strike_rate,overs_bowled,overs,total_balls,dots,maidens,conceded,fours_conceded,sixes_conceded,wickets,LBW,Bowled,noballs,wides,economy_rate,catches,stumping,direct_hit,indirect_hit,strike_rate_fp,batting_fp,bowling_fp,fielding_fp,total_fp
['2024-09-26'],ICC Men's T20 World Cup Sub Regional Africa Qualifier,1450764,Lesotho,4,0,2,0,0,0.0,"2,4",2.0,12,6,0,10,1,0,1,0,1,0,0,5.0,0,0,0,0,0,-2,43,0,41
['2024-09-25'],ICC Men's T20 World Cup Sub Regional Africa Qualifier,1450761,Lesotho,4,17,22,0,1,77.27,"2,4,6,8",4.0,24,15,1,18,2,0,6,1,4,0,0,4.5,0,0,0,1,0,23,235,6,264
['2024-09-24'],ICC Men's T20 World Cup Sub Regional Africa Qualifier,1450757,Lesotho,7,1,2,0,0,50.0,"2,4,17,19",4.0,24,10,0,22,1,0,1,0,0,0,0,5.5,1,0,0,0,0,1,39,8,48
['2024-09-21'],ICC Men's T20 World Cup Sub Regional Africa Qualifier,1450751,Lesotho,6,11,15,0,1,73.33,"4,6,19",3.0,18,3,0,25,1,1,1,0,0,0,0,8.33,0,0,0,0,0,17,28,0,45
['2022-11-25'],ICC Men's T20 World Cup Sub Regional Africa Qualifier,1343767,Lesotho,10,0,0,0,0,0.0,"5,10,19",3.0,18,4,0,40,3,2,3,1,1,0,4,13.33,0,0,0,2,0,0,93,12,105
['2022-11-22'],ICC Men's T20 World Cup Sub Regional Africa Qualifier,1343757,Lesotho,2,31,36,1,1,86.11,"2,4,12",3.0,18,11,0,20,2,1,2,0,0,0,0,6.67,0,0,0,0,0,45,63,0,108
['2022-11-21'],ICC Men's T20 World Cup Sub Regional Africa Qualifier,1343753,Lesotho,2,27,30,3,1,90.0,"1,3,16,19",4.0,24,4,0,62,7,3,1,0,1,1,0,15.5,0,0,0,0,0,49,31,0,80
['2022-11-18'],ICC Men's T20 World Cup Sub Regional Africa Qualifier,1343745,Lesotho,5,4,5,1,0,80.0,"1,3",2.0,12,2,0,24,5,0,0,0,0,0,0,12.0,0,0,0,0,0,8,-2,0,6
['2022-11-17'],ICC Men's T20 World Cup Sub Regional Africa Qualifier,1343741,Lesotho,5,21,21,3,0,100.0,"1,3,5",3.0,18,15,0,7,0,0,2,0,1,0,3,2.33,0,0,0,0,0,33,79,0,112
