date,event,match_id,teamname,batting_position,runs,balls,fours,sixes,strike_rate,overs_bowled,overs,total_balls,dots,maidens,conceded,fours_conceded,sixes_conceded,wickets,LBW,Bowled,noballs,wides,economy_rate,catches,stumping,direct_hit,indirect_hit,strike_rate_fp,batting_fp,bowling_fp,fielding_fp,total_fp
['2024-11-24'],ICC Men's T20 World Cup Sub Regional Africa Qualifier Group C,1459388,St Helena,4,0,1,0,0,0.0,"1,3",2.0,12,7,0,18,2,1,0,0,0,0,1,9.0,1,0,0,0,0,-2,7,8,13
['2024-11-23'],ICC Men's T20 World Cup Sub Regional Africa Qualifier Group C,1459376,St Helena,4,3,6,0,0,50.0,"2,4",2.0,12,2,0,18,2,0,0,0,0,0,0,9.0,0,0,0,0,0,3,2,0,5
['2022-11-24'],ICC Men's T20 World Cup Sub Regional Africa Qualifier,1343760,St Helena,5,7,4,1,0,175.0,,0.0,0,0,0,0,0,0,0,0,0,0,0,0.0,0,0,0,0,0,11,0,0,11
['2022-11-22'],ICC Men's T20 World Cup Sub Regional Africa Qualifier,1343757,St Helena,7,0,1,0,0,0.0,,0.0,0,0,0,0,0,0,0,0,0,0,0,0.0,0,0,0,0,0,0,0,0,0
['2022-11-18'],ICC Men's T20 World Cup Sub Regional Africa Qualifier,1343744,St Helena,8,4,6,0,0,66.67,,0.0,0,0,0,0,0,0,0,0,0,0,0,0.0,0,0,0,0,0,4,0,0,4
['2022-11-17'],ICC Men's T20 World Cup Sub Regional Africa Qualifier,1343742,St Helena,5,0,0,0,0,0.0,,0.0,0,0,0,0,0,0,0,0,0,0,0,0.0,0,0,0,0,0,0,0,0,0
['2018-10-30'],ICC World Twenty20 Africa Region Qualifier C,1163055,St Helena,3,1,8,0,0,12.5,,0.0,0,0,0,0,0,0,0,0,0,0,0,0.0,1,0,0,0,0,1,0,8,9
['2018-10-29'],ICC World Twenty20 Africa Region Qualifier C,1163052,St Helena,3,1,2,0,0,50.0,,0.0,0,0,0,0,0,0,0,0,0,0,0,0.0,0,0,0,0,0,1,0,0,1
