date,event,match_id,teamname,batting_position,runs,balls,fours,sixes,strike_rate,overs_bowled,overs,total_balls,dots,maidens,conceded,fours_conceded,sixes_conceded,wickets,LBW,Bowled,noballs,wides,economy_rate,catches,stumping,direct_hit,indirect_hit,strike_rate_fp,batting_fp,bowling_fp,fielding_fp,total_fp
['2024-10-13'],South American Men's Championships,1453909,Mexico,8,1,6,0,0,16.67,8,0.667,4,0,0,22,1,3,0,0,0,0,0,32.98,0,0,0,0,0,1,0,0,1
['2024-04-13'],Central American Cricket Championships,1428745,Mexico,11,1,7,0,0,14.29,,0.0,0,0,0,0,0,0,0,0,0,0,0,0.0,0,0,0,0,0,1,0,0,1
['2024-04-12'],Central American Cricket Championships,1428743,Mexico,10,0,0,0,0,0.0,,0.0,0,0,0,0,0,0,0,0,0,0,0,0.0,0,0,0,0,0,0,0,0,0
['2024-04-12'],Central American Cricket Championships,1428744,Mexico,8,0,0,0,0,0.0,,0.0,0,0,0,0,0,0,0,0,0,0,0,0.0,1,0,0,0,0,0,0,8,8
