date,event,match_id,teamname,batting_position,runs,balls,fours,sixes,strike_rate,overs_bowled,overs,total_balls,dots,maidens,conceded,fours_conceded,sixes_conceded,wickets,LBW,Bowled,noballs,wides,economy_rate,catches,stumping,direct_hit,indirect_hit,strike_rate_fp,batting_fp,bowling_fp,fielding_fp,total_fp
['2024-09-26'],ICC Men's T20 World Cup Sub Regional Africa Qualifier,1450765,Tanzania,8,9,16,0,0,56.25,"5,7,11,15",4.0,24,10,0,16,0,0,0,0,0,0,0,4.0,1,0,0,0,-4,5,16,8,29
['2024-09-25'],ICC Men's T20 World Cup Sub Regional Africa Qualifier,1450760,Tanzania,10,0,0,0,0,0.0,"5,7",2.0,12,9,0,7,1,0,1,0,0,0,0,3.5,0,0,0,0,0,0,40,0,40
['2024-09-24'],ICC Men's T20 World Cup Sub Regional Africa Qualifier,1450758,Tanzania,10,0,0,0,0,0.0,"9,11,13",2.167,13,11,0,6,0,0,4,0,4,0,3,2.77,0,0,0,0,0,0,157,0,157
['2024-09-21'],ICC Men's T20 World Cup Sub Regional Africa Qualifier,1450753,Tanzania,9,0,0,0,0,0.0,"11,13",1.833,11,8,0,4,0,0,2,0,2,0,1,2.18,0,0,0,0,0,0,74,0,74
