date,event,match_id,teamname,batting_position,runs,balls,fours,sixes,strike_rate,overs_bowled,overs,total_balls,dots,maidens,conceded,fours_conceded,sixes_conceded,wickets,LBW,Bowled,noballs,wides,economy_rate,catches,stumping,direct_hit,indirect_hit,strike_rate_fp,batting_fp,bowling_fp,fielding_fp,total_fp
['2019-10-30'],ICC Men's T20 World Cup Qualifier,1199543,United Arab Emirates,4,19,19,1,0,100.0,,0.0,0,0,0,0,0,0,0,0,0,0,0,0.0,0,0,0,0,0,23,0,0,23
['2019-10-29'],ICC Men's T20 World Cup Qualifier,1199541,United Arab Emirates,5,0,1,0,0,0.0,,0.0,0,0,0,0,0,0,0,0,0,0,0,0.0,0,0,0,0,0,-2,0,0,-2
['2019-10-27'],ICC Men's T20 World Cup Qualifier,1199540,United Arab Emirates,5,20,26,1,0,76.92,,0.0,0,0,0,0,0,0,0,0,0,0,0,0.0,0,0,0,0,0,24,0,0,24
['2019-10-24'],ICC Men's T20 World Cup Qualifier,1199526,United Arab Emirates,9,0,0,0,0,0.0,,0.0,0,0,0,0,0,0,0,0,0,0,0,0.0,1,0,0,0,0,0,0,8,8
['2019-10-22'],ICC Men's T20 World Cup Qualifier,1199519,United Arab Emirates,8,14,12,1,0,116.67,,0.0,0,0,0,0,0,0,0,0,0,0,0,0.0,0,0,0,0,0,18,0,0,18
['2019-10-21'],ICC Men's T20 World Cup Qualifier,1199513,United Arab Emirates,7,0,0,0,0,0.0,,0.0,0,0,0,0,0,0,0,0,0,0,0,0.0,0,0,0,0,0,0,0,0,0
['2019-10-19'],ICC Men's T20 World Cup Qualifier,1199507,United Arab Emirates,3,29,41,1,0,70.73,,0.0,0,0,0,0,0,0,0,0,0,0,0,0.0,1,0,0,0,0,37,0,8,45
['2019-08-08'],United Arab Emirates tour of Netherlands,1191008,United Arab Emirates,5,9,9,1,0,100.0,,0.0,0,0,0,0,0,0,0,0,0,0,0,0.0,1,0,0,0,0,13,0,8,21
