date,event,match_id,teamname,batting_position,runs,balls,fours,sixes,strike_rate,overs_bowled,overs,total_balls,dots,maidens,conceded,fours_conceded,sixes_conceded,wickets,LBW,Bowled,noballs,wides,economy_rate,catches,stumping,direct_hit,indirect_hit,strike_rate_fp,batting_fp,bowling_fp,fielding_fp,total_fp
['2025-02-05'],Malta Tri-Nation T20I Series,1470190,Malta,10,0,0,0,0,0.0,"1,3,5,12",4.0,24,11,0,28,3,0,2,0,0,0,2,7.0,1,0,0,0,0,0,63,8,71
['2025-02-04'],Malta Tri-Nation T20I Series,1470189,Malta,11,0,0,0,0,0.0,"1,3,10,12",4.0,24,6,0,45,3,3,1,0,0,0,0,11.25,0,0,0,0,0,0,27,0,27
['2025-02-03'],Malta Tri-Nation T20I Series,1470186,Malta,11,0,0,0,0,0.0,"1,3,18,20",4.0,24,7,0,33,1,2,1,0,0,0,2,8.25,1,0,0,0,0,0,32,8,40
['2025-02-03'],Malta Tri-Nation T20I Series,1470187,Malta,11,0,0,0,0,0.0,"1,3,17,19",3.5,21,4,0,39,4,2,0,0,0,0,1,11.14,0,0,0,0,0,0,0,0,0
['2023-05-07'],Gibraltar Tri-Nation T20I Series,1367731,Malta,10,0,0,0,0,0.0,"3,5,15,17",4.0,24,4,0,42,4,1,0,0,0,0,3,10.5,0,0,0,0,0,0,2,0,2
['2023-05-06'],Gibraltar Tri-Nation T20I Series,1367730,Malta,8,10,15,0,0,66.67,"13,15,17,19",4.0,24,8,0,26,0,0,0,0,0,1,5,6.5,0,0,0,0,-2,8,10,0,18
['2023-05-06'],Gibraltar Tri-Nation T20I Series,1367733,Malta,9,0,0,0,0,0.0,"7,9,11,13",4.0,24,16,0,26,3,1,1,0,0,0,4,6.5,0,0,0,0,0,0,43,0,43
['2023-05-04'],Gibraltar Tri-Nation T20I Series,1367726,Malta,11,1,1,0,0,100.0,"10,12",2.0,12,6,0,18,0,2,0,0,0,0,1,9.0,1,0,0,0,0,1,6,8,15
