date,event,match_id,teamname,batting_position,runs,balls,fours,sixes,strike_rate,overs_bowled,overs,total_balls,dots,maidens,conceded,fours_conceded,sixes_conceded,wickets,LBW,Bowled,noballs,wides,economy_rate,catches,stumping,direct_hit,indirect_hit,strike_rate_fp,batting_fp,bowling_fp,fielding_fp,total_fp
['2021-11-09'],Syed Mushtaq Ali Trophy,1280286,Chandigarh,5,1,1,0,0,100.0,,0.0,0,0,0,0,0,0,0,0,0,0,0,0.0,0,0,0,0,0,1,0,0,1
['2021-11-08'],Syed Mushtaq Ali Trophy,1280269,Chandigarh,5,35,16,4,2,218.75,,0.0,0,0,0,0,0,0,0,0,0,0,0,0.0,0,0,0,0,6,73,0,0,73
['2019-11-15'],Syed Mushtaq Ali Trophy,1205817,Chandigarh,3,12,9,1,1,133.33,,0.0,0,0,0,0,0,0,0,0,0,0,0,0.0,1,0,0,0,0,22,0,8,30
['2019-11-14'],Syed Mushtaq Ali Trophy,1205790,Chandigarh,4,19,9,2,1,211.11,,0.0,0,0,0,0,0,0,0,0,0,0,0,0.0,0,0,0,0,0,33,0,0,33
['2019-11-12'],Syed Mushtaq Ali Trophy,1205781,Chandigarh,4,19,13,3,1,146.15,,0.0,0,0,0,0,0,0,0,0,0,0,0,0.0,1,0,0,0,2,39,0,8,47
['2019-11-11'],Syed Mushtaq Ali Trophy,1205763,Chandigarh,5,5,7,0,0,71.43,,0.0,0,0,0,0,0,0,0,0,0,0,0,0.0,0,0,0,0,0,5,0,0,5
