date,event,match_id,teamname,batting_position,runs,balls,fours,sixes,strike_rate,overs_bowled,overs,total_balls,dots,maidens,conceded,fours_conceded,sixes_conceded,wickets,LBW,Bowled,noballs,wides,economy_rate,catches,stumping,direct_hit,indirect_hit,strike_rate_fp,batting_fp,bowling_fp,fielding_fp,total_fp
['2021-11-09'],Syed Mushtaq Ali Trophy,1280286,Chandigarh,4,20,17,1,1,117.65,,0.0,0,0,0,0,0,0,0,0,0,0,0,0.0,1,0,0,0,0,30,0,8,38
['2021-11-08'],Syed Mushtaq Ali Trophy,1280269,Chandigarh,4,15,23,1,0,65.22,,0.0,0,0,0,0,0,0,0,0,0,0,0,0.0,0,0,0,0,-2,17,0,0,17
['2021-11-06'],Syed Mushtaq Ali Trophy,1280249,Chandigarh,4,15,10,0,2,150.0,,0.0,0,0,0,0,0,0,0,0,0,0,0,0.0,0,0,0,0,0,27,0,0,27
['2021-11-05'],Syed Mushtaq Ali Trophy,1280231,Chandigarh,4,12,11,2,0,109.09,,0.0,0,0,0,0,0,0,0,0,0,0,0,0.0,0,0,0,0,0,20,0,0,20
['2021-11-04'],Syed Mushtaq Ali Trophy,1280211,Chandigarh,4,37,28,2,2,132.14,,0.0,0,0,0,0,0,0,0,0,0,0,0,0.0,1,0,0,0,2,63,0,8,71
['2021-01-17'],Syed Mushtaq Ali Trophy,1244380,Chandigarh,4,11,14,0,0,78.57,,0.0,0,0,0,0,0,0,0,0,0,0,0,0.0,0,0,0,0,0,11,0,0,11
['2021-01-15'],Syed Mushtaq Ali Trophy,1244360,Chandigarh,4,36,18,1,3,200.0,,0.0,0,0,0,0,0,0,0,0,0,0,0,0.0,1,0,0,0,6,68,0,8,76
['2021-01-13'],Syed Mushtaq Ali Trophy,1244341,Chandigarh,4,38,25,2,2,152.0,,0.0,0,0,0,0,0,0,0,0,0,0,0,0.0,0,0,0,0,4,66,0,0,66
['2019-11-17'],Syed Mushtaq Ali Trophy,1205826,Chandigarh,9,0,0,0,0,0.0,,0.0,0,0,0,0,0,0,0,0,0,0,0,0.0,1,0,0,0,0,0,0,8,8
['2019-11-15'],Syed Mushtaq Ali Trophy,1205817,Chandigarh,6,74,37,5,6,200.0,,0.0,0,0,0,0,0,0,0,0,0,0,0,0.0,1,0,0,0,6,144,0,8,152
['2019-11-14'],Syed Mushtaq Ali Trophy,1205790,Chandigarh,11,0,0,0,0,0.0,,0.0,0,0,0,0,0,0,0,0,0,0,0,0.0,0,0,0,0,0,0,0,0,0
['2019-11-11'],Syed Mushtaq Ali Trophy,1205763,Chandigarh,6,19,25,0,1,76.0,,0.0,0,0,0,0,0,0,0,0,0,0,0,0.0,0,0,0,0,0,25,0,0,25
['2019-02-24'],Syed Mushtaq Ali Trophy,1157128,Himachal,3,1,4,0,0,25.0,,0.0,0,0,0,0,0,0,0,0,0,0,0,0.0,0,0,0,0,0,1,0,0,1
['2019-02-22'],Syed Mushtaq Ali Trophy,1157112,Himachal,5,14,6,0,1,233.33,,0.0,0,0,0,0,0,0,0,0,0,0,0,0.0,0,0,0,0,0,20,0,0,20
['2018-01-13'],Syed Mushtaq Ali Trophy,1130704,Himachal,5,9,16,0,0,56.25,,0.0,0,0,0,0,0,0,0,0,0,0,0,0.0,0,0,0,0,-4,5,0,0,5
['2018-01-09'],Syed Mushtaq Ali Trophy,1130678,Himachal,6,0,2,0,0,0.0,,0.0,0,0,0,0,0,0,0,0,0,0,0,0.0,0,0,0,0,0,-2,0,0,-2
['2018-01-08'],Syed Mushtaq Ali Trophy,1130664,Himachal,8,0,0,0,0,0.0,"6,17",2.0,12,3,0,26,2,2,1,0,1,0,0,13.0,0,0,1,0,0,0,30,12,42
