date,event,match_id,teamname,batting_position,runs,balls,fours,sixes,strike_rate,overs_bowled,overs,total_balls,dots,maidens,conceded,fours_conceded,sixes_conceded,wickets,LBW,Bowled,noballs,wides,economy_rate,catches,stumping,direct_hit,indirect_hit,strike_rate_fp,batting_fp,bowling_fp,fielding_fp,total_fp
['2024-08-28'],ICC Men's T20 World Cup Sub Regional Europe Qualifier Group C,1443786,Finland,4,37,41,3,0,90.24,,0.0,0,0,0,0,0,0,0,0,0,0,0,0.0,0,0,0,0,0,53,0,0,53
['2024-08-27'],ICC Men's T20 World Cup Sub Regional Europe Qualifier Group C,1443783,Finland,9,0,0,0,0,0.0,,0.0,0,0,0,0,0,0,0,0,0,0,0,0.0,1,0,0,0,0,0,0,8,8
['2024-06-15'],Nordic T20 Cup,1438259,Finland,3,1,5,0,0,20.0,,0.0,0,0,0,0,0,0,0,0,0,0,0,0.0,0,0,0,0,0,1,0,0,1
['2024-06-14'],Nordic T20 Cup,1438257,Finland,3,2,5,0,0,40.0,,0.0,0,0,0,0,0,0,0,0,0,0,0,0.0,0,0,0,0,0,2,0,0,2
['2022-07-19'],ICC Men's T20 World Cup Sub Regional Europe Qualifier,1321278,Finland,2,6,7,0,0,85.71,,0.0,0,0,0,0,0,0,0,0,0,0,0,0.0,0,0,0,0,0,6,0,0,6
['2022-07-18'],ICC Men's T20 World Cup Sub Regional Europe Qualifier,1321275,Finland,2,13,15,2,0,86.67,,0.0,0,0,0,0,0,0,0,0,0,0,0,0.0,0,0,0,0,0,21,0,0,21
['2022-07-16'],ICC Men's T20 World Cup Sub Regional Europe Qualifier,1321270,Finland,2,29,17,3,1,170.59,,0.0,0,0,0,0,0,0,0,0,0,0,0,0.0,0,0,0,0,6,57,0,0,57
