date,event,match_id,teamname,batting_position,runs,balls,fours,sixes,strike_rate,overs_bowled,overs,total_balls,dots,maidens,conceded,fours_conceded,sixes_conceded,wickets,LBW,Bowled,noballs,wides,economy_rate,catches,stumping,direct_hit,indirect_hit,strike_rate_fp,batting_fp,bowling_fp,fielding_fp,total_fp
['2022-11-01'],CSA T20 Challenge,1334917,North West,4,5,8,1,0,62.5,,0.0,0,0,0,0,0,0,0,0,0,0,0,0.0,2,0,0,0,0,9,0,16,25
['2022-10-30'],CSA T20 Challenge,1334914,North West,4,16,24,1,0,66.67,,0.0,0,0,0,0,0,0,0,0,0,0,0,0.0,2,0,0,0,-2,18,0,16,34
['2022-10-29'],CSA T20 Challenge,1334912,North West,7,2,1,0,0,200.0,,0.0,0,0,0,0,0,0,0,0,0,0,0,0.0,0,0,0,0,0,2,0,0,2
['2022-10-19'],CSA T20 Challenge,1334896,North West,7,0,4,0,0,0.0,,0.0,0,0,0,0,0,0,0,0,0,0,0,0.0,1,0,0,1,0,-2,0,14,12
['2022-10-17'],CSA T20 Challenge,1334892,North West,7,8,10,0,0,80.0,,0.0,0,0,0,0,0,0,0,0,0,0,0,0.0,2,0,0,0,0,8,0,16,24
