date,event,match_id,teamname,batting_position,runs,balls,fours,sixes,strike_rate,overs_bowled,overs,total_balls,dots,maidens,conceded,fours_conceded,sixes_conceded,wickets,LBW,Bowled,noballs,wides,economy_rate,catches,stumping,direct_hit,indirect_hit,strike_rate_fp,batting_fp,bowling_fp,fielding_fp,total_fp
['2023-10-23'],Syed Mushtaq Ali Trophy,1383517,Andhra,7,0,0,0,0,0.0,,0.0,0,0,0,0,0,0,0,0,0,0,0,0.0,0,0,0,0,0,0,0,0,0
['2022-10-20'],Syed Mushtaq Ali Trophy,1333022,Andhra,7,10,10,2,0,100.0,,0.0,0,0,0,0,0,0,0,0,0,0,0,0.0,0,0,0,0,0,18,0,0,18
['2022-10-18'],Syed Mushtaq Ali Trophy,1333006,Andhra,7,75,38,9,4,197.37,,0.0,0,0,0,0,0,0,0,0,0,0,0,0.0,0,0,0,0,6,153,0,0,153
['2022-10-16'],Syed Mushtaq Ali Trophy,1332987,Andhra,7,20,15,1,1,133.33,,0.0,0,0,0,0,0,0,0,0,0,0,0,0.0,0,0,0,0,2,32,0,0,32
['2016-01-10'],Syed Mushtaq Ali Trophy,902239,Andhra,4,1,4,0,0,25.0,,0.0,0,0,0,0,0,0,0,0,0,0,0,0.0,0,0,0,0,0,1,0,0,1
['2016-01-09'],Syed Mushtaq Ali Trophy,902223,Andhra,4,1,4,0,0,25.0,,0.0,0,0,0,0,0,0,0,0,0,0,0,0.0,0,0,0,0,0,1,0,0,1
['2016-01-07'],Syed Mushtaq Ali Trophy,902199,Andhra,4,14,16,1,0,87.5,,0.0,0,0,0,0,0,0,0,0,0,0,0,0.0,2,0,0,0,0,18,0,16,34
['2016-01-04'],Syed Mushtaq Ali Trophy,902151,Andhra,4,28,25,4,0,112.0,,0.0,0,0,0,0,0,0,0,0,0,0,0,0.0,0,0,0,0,0,48,0,0,48
