date,event,match_id,teamname,batting_position,runs,balls,fours,sixes,strike_rate,overs_bowled,overs,total_balls,dots,maidens,conceded,fours_conceded,sixes_conceded,wickets,LBW,Bowled,noballs,wides,economy_rate,catches,stumping,direct_hit,indirect_hit,strike_rate_fp,batting_fp,bowling_fp,fielding_fp,total_fp
['2013-02-14'],Bangladesh Premier League,599905,Barisal Burners,9,0,0,0,0,0.0,"1,3,5,16",4.0,24,12,0,22,3,0,3,0,0,1,0,5.5,0,0,0,0,0,0,95,0,95
['2013-02-13'],Bangladesh Premier League,599904,Barisal Burners,9,2,5,0,0,40.0,"1,3,11,19",4.0,24,13,0,31,6,0,3,0,2,1,0,7.75,0,0,1,0,0,2,108,12,122
['2013-02-12'],Bangladesh Premier League,599902,Barisal Burners,8,0,0,0,0,0.0,"9,11,15,19",4.0,24,13,0,14,1,0,1,0,1,0,1,3.5,1,0,0,2,0,0,52,20,72
['2013-02-09'],Bangladesh Premier League,599898,Barisal Burners,8,2,3,0,0,66.67,"1,3,5,11",4.0,24,10,0,28,4,0,0,0,0,0,1,7.0,1,0,0,0,0,2,12,8,22
