date,event,match_id,teamname,batting_position,runs,balls,fours,sixes,strike_rate,overs_bowled,overs,total_balls,dots,maidens,conceded,fours_conceded,sixes_conceded,wickets,LBW,Bowled,noballs,wides,economy_rate,catches,stumping,direct_hit,indirect_hit,strike_rate_fp,batting_fp,bowling_fp,fielding_fp,total_fp
['2022-10-27'],CSA T20 Challenge,1334909,North West,4,12,17,1,0,70.59,,0.0,0,0,0,0,0,0,0,0,0,0,0,0.0,0,0,0,0,0,16,0,0,16
['2015-11-29'],Ram Slam T20 Challenge,851975,Lions,5,12,12,1,0,100.0,,0.0,0,0,0,0,0,0,0,0,0,0,0,0.0,1,0,0,0,0,16,0,8,24
['2015-11-25'],Ram Slam T20 Challenge,851969,Lions,7,1,2,0,0,50.0,,0.0,0,0,0,0,0,0,0,0,0,0,0,0.0,0,0,0,0,0,1,0,0,1
['2015-11-13'],Ram Slam T20 Challenge,851949,Lions,7,2,5,0,0,40.0,"18,20",2.0,12,1,0,24,4,0,0,0,0,0,0,12.0,0,0,0,0,0,2,-3,0,-1
