date,event,match_id,teamname,batting_position,runs,balls,fours,sixes,strike_rate,overs_bowled,overs,total_balls,dots,maidens,conceded,fours_conceded,sixes_conceded,wickets,LBW,Bowled,noballs,wides,economy_rate,catches,stumping,direct_hit,indirect_hit,strike_rate_fp,batting_fp,bowling_fp,fielding_fp,total_fp
['2024-12-16'],ICC Men's T20 World Cup Sub Regional Americas Qualifier,1462911,Brazil,9,11,11,1,0,100.0,"6,8,15,17",4.0,24,10,0,25,1,1,2,0,1,0,0,6.25,0,0,0,0,0,15,70,0,85
['2024-12-15'],ICC Men's T20 World Cup Sub Regional Americas Qualifier,1462904,Brazil,9,0,1,0,0,0.0,"7,9",2.0,12,7,0,20,1,2,1,0,0,0,0,10.0,0,0,0,0,0,-2,30,0,28
['2024-12-14'],ICC Men's T20 World Cup Sub Regional Americas Qualifier,1462900,Brazil,9,2,8,0,0,25.0,"10,12,14,18",4.0,24,6,0,33,1,2,0,0,0,0,0,8.25,0,0,0,0,0,2,6,0,8
['2024-12-12'],ICC Men's T20 World Cup Sub Regional Americas Qualifier,1462896,Brazil,9,0,0,0,0,0.0,"6,8,10",3.0,18,9,0,21,2,1,0,0,0,0,1,7.0,0,0,0,0,0,0,11,0,11
['2024-12-11'],ICC Men's T20 World Cup Sub Regional Americas Qualifier,1462894,Brazil,10,0,1,0,0,0.0,"11,13,19",3.0,18,7,0,29,1,2,0,0,0,0,1,9.67,0,0,0,0,0,0,7,0,7
['2024-12-08'],ICC Men's T20 World Cup Sub Regional Americas Qualifier,1462886,Brazil,9,0,0,0,0,0.0,"8,10,20",3.0,18,6,0,19,2,0,2,0,1,0,0,6.33,0,0,0,0,0,0,66,0,66
['2024-12-07'],ICC Men's T20 World Cup Sub Regional Americas Qualifier,1462880,Brazil,10,0,3,0,0,0.0,"7,9,11,18",4.0,24,9,0,20,0,0,4,2,0,0,1,5.0,0,0,0,0,0,-2,137,0,135
['2024-12-06'],ICC Men's T20 World Cup Sub Regional Americas Qualifier,1462878,Brazil,9,0,2,0,0,0.0,"8,10,12",3.0,18,5,0,16,0,0,0,0,0,0,2,5.33,0,0,0,0,0,-2,9,0,7
