date,event,match_id,teamname,batting_position,runs,balls,fours,sixes,strike_rate,overs_bowled,overs,total_balls,dots,maidens,conceded,fours_conceded,sixes_conceded,wickets,LBW,Bowled,noballs,wides,economy_rate,catches,stumping,direct_hit,indirect_hit,strike_rate_fp,batting_fp,bowling_fp,fielding_fp,total_fp
['2024-11-28'],ICC Men's T20 World Cup Sub Regional Africa Qualifier Group C,1459377,Ivory Coast,6,1,10,0,0,10.0,,0.0,0,0,0,0,0,0,0,0,0,0,0,0.0,0,0,0,0,-6,-5,0,0,-5
['2024-11-27'],ICC Men's T20 World Cup Sub Regional Africa Qualifier Group C,1459385,Ivory Coast,7,3,10,0,0,30.0,4,0.167,1,0,0,15,0,2,0,0,0,2,0,89.82,0,0,0,0,-6,-3,0,0,-3
['2024-11-26'],ICC Men's T20 World Cup Sub Regional Africa Qualifier Group C,1459382,Ivory Coast,6,5,8,1,0,62.5,2,1.0,6,1,0,13,2,0,0,0,0,0,0,13.0,0,0,0,0,0,9,1,0,10
['2024-11-24'],ICC Men's T20 World Cup Sub Regional Africa Qualifier Group C,1459387,Ivory Coast,8,1,2,0,0,50.0,,0.0,0,0,0,0,0,0,0,0,0,0,0,0.0,0,0,0,0,0,1,0,0,1
['2024-11-23'],ICC Men's T20 World Cup Sub Regional Africa Qualifier Group C,1459375,Ivory Coast,8,0,2,0,0,0.0,,0.0,0,0,0,0,0,0,0,0,0,0,0,0.0,0,0,0,0,0,-2,0,0,-2
