date,event,match_id,teamname,batting_position,runs,balls,fours,sixes,strike_rate,overs_bowled,overs,total_balls,dots,maidens,conceded,fours_conceded,sixes_conceded,wickets,LBW,Bowled,noballs,wides,economy_rate,catches,stumping,direct_hit,indirect_hit,strike_rate_fp,batting_fp,bowling_fp,fielding_fp,total_fp
['2024-03-14'],Scotland tour of United Arab Emirates,1421080,United Arab Emirates,3,0,7,0,0,0.0,18,1.0,6,0,0,8,0,0,0,0,0,0,0,8.0,0,0,0,0,0,-2,0,0,-2
['2024-03-13'],Scotland tour of United Arab Emirates,1421079,United Arab Emirates,3,5,3,1,0,166.67,,0.0,0,0,0,0,0,0,0,0,0,0,0,0.0,1,0,0,0,0,9,0,8,17
['2024-03-11'],Scotland tour of United Arab Emirates,1421078,United Arab Emirates,4,1,2,0,0,50.0,,0.0,0,0,0,0,0,0,0,0,0,0,0,0.0,1,0,0,0,0,1,0,8,9
['2022-10-18'],ICC Men's T20 World Cup,1298140,United Arab Emirates,3,1,3,0,0,33.33,"5,7,11",3.0,18,5,0,24,3,0,1,1,0,0,0,8.0,0,0,0,0,0,1,38,0,39
['2022-09-27'],Bangladesh tour of United Arab Emirates,1336032,United Arab Emirates,3,4,9,0,0,44.44,"2,4,6",3.0,18,9,0,14,1,0,1,1,0,0,0,4.67,0,0,0,0,0,4,48,0,52
['2022-09-25'],Bangladesh tour of United Arab Emirates,1336031,United Arab Emirates,3,19,15,1,1,126.67,,0.0,0,0,0,0,0,0,0,0,0,0,0,0.0,0,0,0,0,0,29,0,0,29
['2022-08-24'],Men's T20 Asia Cup Qualifier,1328854,United Arab Emirates,5,11,13,1,0,84.62,,0.0,0,0,0,0,0,0,0,0,0,0,0,0.0,0,0,0,0,0,15,0,0,15
['2022-08-22'],Men's T20 Asia Cup Qualifier,1328851,United Arab Emirates,5,9,6,0,1,150.0,,0.0,0,0,0,0,0,0,0,0,0,0,0,0.0,0,0,0,0,0,15,0,0,15
