date,event,match_id,teamname,batting_position,runs,balls,fours,sixes,strike_rate,overs_bowled,overs,total_balls,dots,maidens,conceded,fours_conceded,sixes_conceded,wickets,LBW,Bowled,noballs,wides,economy_rate,catches,stumping,direct_hit,indirect_hit,strike_rate_fp,batting_fp,bowling_fp,fielding_fp,total_fp
['2024-09-30'],Serbia tour of Gibraltar,1452624,Serbia,1,11,15,0,1,73.33,"1,3,5,7",4.0,24,11,0,27,3,1,0,0,0,0,0,6.75,0,0,0,0,0,17,13,0,30
['2024-09-30'],Serbia tour of Gibraltar,1452625,Serbia,1,37,26,2,3,142.31,13,0.833,5,0,0,10,0,1,0,0,0,0,0,12.0,0,0,0,0,2,69,0,0,69
['2024-07-11'],ICC Men's T20 World Cup Sub Regional Europe Qualifier,1439826,Serbia,2,0,1,0,0,0.0,"8,10,12,14",4.0,24,11,0,13,0,0,2,0,0,0,0,3.25,3,0,0,0,0,-2,67,28,93
['2024-07-10'],ICC Men's T20 World Cup Sub Regional Europe Qualifier,1439823,Serbia,3,13,13,0,1,100.0,"8,10,12,14",4.0,24,9,0,15,0,0,1,0,0,0,0,3.75,3,0,0,0,0,19,40,28,87
['2024-07-07'],ICC Men's T20 World Cup Sub Regional Europe Qualifier,1439813,Serbia,3,21,23,2,1,91.3,"10,12,14,16",4.0,24,8,0,35,2,2,0,0,0,0,1,8.75,0,0,0,0,0,35,8,0,43
