date,event,match_id,teamname,batting_position,runs,balls,fours,sixes,strike_rate,overs_bowled,overs,total_balls,dots,maidens,conceded,fours_conceded,sixes_conceded,wickets,LBW,Bowled,noballs,wides,economy_rate,catches,stumping,direct_hit,indirect_hit,strike_rate_fp,batting_fp,bowling_fp,fielding_fp,total_fp
['2023-10-17'],Syed Mushtaq Ali Trophy,1383461,Saurashtra,9,0,0,0,0,0.0,7,1.0,6,2,0,12,1,1,0,0,0,0,0,12.0,0,0,0,0,0,0,2,0,2
['2023-10-16'],Syed Mushtaq Ali Trophy,1383442,Saurashtra,10,0,0,0,0,0.0,"8,11,13",3.0,18,6,0,26,2,1,1,0,0,0,0,8.67,0,0,0,0,0,0,31,0,31
['2021-11-06'],Syed Mushtaq Ali Trophy,1280250,Saurashtra,7,0,0,0,0,0.0,"6,9,11,13",4.0,24,13,0,26,3,1,1,0,0,0,0,6.5,1,0,0,0,0,0,40,8,48
['2021-11-05'],Syed Mushtaq Ali Trophy,1280229,Saurashtra,11,0,0,0,0,0.0,"6,8,11,17",4.0,24,10,0,21,1,0,1,0,1,0,0,5.25,1,0,0,0,0,0,47,8,55
['2021-11-04'],Syed Mushtaq Ali Trophy,1280210,Saurashtra,10,0,0,0,0,0.0,"10,19",2.0,12,0,0,21,0,2,0,0,0,0,0,10.5,1,0,0,0,0,0,-2,8,6
