date,event,match_id,teamname,batting_position,runs,balls,fours,sixes,strike_rate,overs_bowled,overs,total_balls,dots,maidens,conceded,fours_conceded,sixes_conceded,wickets,LBW,Bowled,noballs,wides,economy_rate,catches,stumping,direct_hit,indirect_hit,strike_rate_fp,batting_fp,bowling_fp,fielding_fp,total_fp
['2016-01-08'],Syed Mushtaq Ali Trophy,902177,Odisha,8,5,10,0,0,50.0,"2,4",2.0,12,7,0,13,1,1,1,1,0,0,0,6.5,0,0,0,0,-4,1,42,0,43
['2016-01-07'],Syed Mushtaq Ali Trophy,902201,Odisha,9,0,0,0,0,0.0,"2,4,15,20",3.333,20,4,0,39,6,0,2,0,0,0,5,11.7,0,0,0,0,0,0,50,0,50
['2016-01-04'],Syed Mushtaq Ali Trophy,902157,Odisha,7,0,0,0,0,0.0,"1,3,6,18",4.0,24,10,1,32,6,0,2,0,0,0,0,8.0,1,0,0,0,0,0,72,8,80
['2016-01-03'],Syed Mushtaq Ali Trophy,902129,Odisha,9,5,3,1,0,166.67,"1,3,13,20",4.0,24,11,0,32,2,2,1,0,1,0,0,8.0,1,0,0,0,0,9,44,8,61
['2016-01-02'],Syed Mushtaq Ali Trophy,902105,Odisha,10,1,2,0,0,50.0,"1,3,8,13",4.0,24,18,0,14,2,0,2,0,2,0,1,3.5,0,0,0,0,0,1,90,0,91
