date,event,match_id,teamname,batting_position,runs,balls,fours,sixes,strike_rate,overs_bowled,overs,total_balls,dots,maidens,conceded,fours_conceded,sixes_conceded,wickets,LBW,Bowled,noballs,wides,economy_rate,catches,stumping,direct_hit,indirect_hit,strike_rate_fp,batting_fp,bowling_fp,fielding_fp,total_fp
['2016-01-09'],Syed Mushtaq Ali Trophy,902217,Tripura,5,3,10,0,0,30.0,"16,20",2.0,12,4,0,16,1,1,2,0,2,0,0,8.0,0,0,0,0,-6,-3,70,0,67
['2016-01-07'],Syed Mushtaq Ali Trophy,902191,Tripura,5,8,6,0,1,133.33,,0.0,0,0,0,0,0,0,0,0,0,0,0,0.0,0,0,0,0,0,14,0,0,14
['2016-01-06'],Syed Mushtaq Ali Trophy,902169,Tripura,3,7,7,0,1,100.0,"15,17,19",3.0,18,8,0,15,1,0,0,0,0,0,2,5.0,1,0,0,0,0,13,12,8,33
['2016-01-04'],Syed Mushtaq Ali Trophy,902143,Tripura,3,1,5,0,0,20.0,"8,10,12,14",4.0,24,5,0,26,2,0,0,0,0,0,0,6.5,0,0,0,0,0,1,7,0,8
['2016-01-03'],Syed Mushtaq Ali Trophy,902121,Tripura,9,0,0,0,0,0.0,"16,18",2.0,12,3,0,10,0,0,0,0,0,0,0,5.0,0,0,0,0,0,0,7,0,7
