date,event,match_id,teamname,batting_position,runs,balls,fours,sixes,strike_rate,overs_bowled,overs,total_balls,dots,maidens,conceded,fours_conceded,sixes_conceded,wickets,LBW,Bowled,noballs,wides,economy_rate,catches,stumping,direct_hit,indirect_hit,strike_rate_fp,batting_fp,bowling_fp,fielding_fp,total_fp
['2024-07-13'],ICC Men's T20 World Cup Sub Regional Europe Qualifier,1439832,Sweden,11,0,0,0,0,0.0,"7,9,11,13",4.0,24,20,2,7,0,0,3,0,2,1,0,1.75,0,0,0,0,0,0,145,0,145
['2024-07-11'],ICC Men's T20 World Cup Sub Regional Europe Qualifier,1439825,Sweden,11,0,0,0,0,0.0,"9,11,13,15",4.0,24,15,0,16,0,1,2,0,0,0,0,4.0,0,0,0,0,0,0,71,0,71
['2023-05-21'],Nordic T20 Cup,1370791,Sweden,11,3,4,0,0,75.0,"12,14,16,18",4.0,24,13,0,18,1,0,4,1,1,0,2,4.5,0,0,0,0,0,3,143,0,146
['2023-05-19'],Nordic T20 Cup,1370785,Sweden,11,0,0,0,0,0.0,"6,8",2.0,12,8,0,18,2,1,0,0,0,0,3,9.0,0,0,0,1,0,0,8,6,14
