date,event,match_id,teamname,batting_position,runs,balls,fours,sixes,strike_rate,overs_bowled,overs,total_balls,dots,maidens,conceded,fours_conceded,sixes_conceded,wickets,LBW,Bowled,noballs,wides,economy_rate,catches,stumping,direct_hit,indirect_hit,strike_rate_fp,batting_fp,bowling_fp,fielding_fp,total_fp
['2024-07-18'],Vitality Blast,1410487,Derbyshire,8,0,0,0,0,0.0,"8,11",2.0,12,4,0,15,2,0,0,0,0,0,0,7.5,1,0,0,0,0,0,4,8,12
['2024-06-16'],Vitality Blast,1410422,Derbyshire,9,1,2,0,0,50.0,"7,9,11,14",4.0,24,7,0,24,1,0,0,0,0,0,2,6.0,0,0,0,0,0,1,9,0,10
['2024-06-14'],Vitality Blast,1410412,Derbyshire,8,0,0,0,0,0.0,"8,12,14",3.0,18,2,0,31,2,1,1,0,0,0,2,10.33,0,0,0,0,0,0,25,0,25
['2024-06-07'],Vitality Blast,1410393,Derbyshire,8,0,0,0,0,0.0,7,1.0,6,1,0,11,0,1,0,0,0,0,0,11.0,1,0,0,0,0,0,1,8,9
['2024-06-02'],Vitality Blast,1410388,Derbyshire,9,0,1,0,0,0.0,"4,7,16",3.0,18,4,0,33,3,1,0,0,0,0,3,11.0,2,0,0,0,0,0,2,16,18
['2024-06-01'],Vitality Blast,1410384,Derbyshire,9,0,0,0,0,0.0,"8,10,12,14",4.0,24,4,0,28,2,0,0,0,0,0,1,7.0,0,0,0,0,0,0,6,0,6
