date,event,match_id,teamname,batting_position,runs,balls,fours,sixes,strike_rate,overs_bowled,overs,total_balls,dots,maidens,conceded,fours_conceded,sixes_conceded,wickets,LBW,Bowled,noballs,wides,economy_rate,catches,stumping,direct_hit,indirect_hit,strike_rate_fp,batting_fp,bowling_fp,fielding_fp,total_fp
['2022-07-19'],ICC Men's T20 World Cup Sub Regional Europe Qualifier,1321278,Cyprus,8,20,10,2,1,200.0,,0.0,0,0,0,0,0,0,0,0,0,0,0,0.0,0,0,0,0,6,40,0,0,40
['2022-07-18'],ICC Men's T20 World Cup Sub Regional Europe Qualifier,1321274,Cyprus,10,22,14,1,2,157.14,,0.0,0,0,0,0,0,0,0,0,0,0,0,0.0,0,0,0,0,4,42,0,0,42
['2022-07-13'],ICC Men's T20 World Cup Sub Regional Europe Qualifier,1321261,Cyprus,8,1,4,0,0,25.0,,0.0,0,0,0,0,0,0,0,0,0,0,0,0.0,0,0,0,0,0,1,0,0,1
['2021-10-05'],Estonia tour of Cyprus,1279380,Cyprus,7,0,0,0,0,0.0,6,1.0,6,1,0,15,3,0,0,0,0,0,1,15.0,2,0,0,0,0,0,1,16,17
