date,event,match_id,teamname,batting_position,runs,balls,fours,sixes,strike_rate,overs_bowled,overs,total_balls,dots,maidens,conceded,fours_conceded,sixes_conceded,wickets,LBW,Bowled,noballs,wides,economy_rate,catches,stumping,direct_hit,indirect_hit,strike_rate_fp,batting_fp,bowling_fp,fielding_fp,total_fp
['2025-02-01'],Bangladesh Premier League,1459577,Dhaka Capital,9,13,11,1,1,118.18,"5,7",2.0,12,1,0,21,1,1,0,0,0,0,1,10.5,0,0,0,0,0,23,-1,0,22
['2025-01-29'],Bangladesh Premier League,1459574,Dhaka Capital,11,4,4,1,0,100.0,"2,6",2.0,12,3,0,23,3,1,0,0,0,0,0,11.5,0,0,0,0,0,8,-1,0,7
['2025-01-22'],Bangladesh Premier League,1459565,Dhaka Capital,11,0,0,0,0,0.0,"6,10,17,19",4.0,24,11,0,31,1,3,1,0,0,0,0,7.75,0,0,0,0,0,0,36,0,36
['2023-02-08'],Bangladesh Premier League,1351091,Chattogram Challengers,11,0,0,0,0,0.0,"2,14,16",3.0,18,7,0,32,3,2,0,0,0,0,1,10.67,0,0,0,0,0,0,5,0,5
['2023-02-04'],Bangladesh Premier League,1351086,Chattogram Challengers,10,0,0,0,0,0.0,"4,7,14",3.0,18,6,0,17,1,0,0,0,0,0,2,5.67,0,0,0,0,0,0,10,0,10
['2023-01-28'],Bangladesh Premier League,1351079,Chattogram Challengers,11,0,0,0,0,0.0,"3,8,12",3.0,18,6,0,33,5,1,0,0,0,0,1,11.0,0,0,0,0,0,0,4,0,4
['2023-01-27'],Bangladesh Premier League,1351077,Chattogram Challengers,11,0,0,0,0,0.0,"2,5,17,20",3.333,20,8,0,42,3,4,2,0,0,0,0,12.6,1,0,0,0,0,0,52,8,60
['2023-01-23'],Bangladesh Premier League,1351072,Chattogram Challengers,9,0,2,0,0,0.0,"11,13,18,20",4.0,24,5,0,39,3,2,3,0,0,0,0,9.75,0,0,0,0,0,-2,84,0,82
['2023-01-20'],Bangladesh Premier League,1351070,Chattogram Challengers,9,0,1,0,0,0.0,"2,12,19",3.0,18,4,0,26,2,1,0,0,0,0,0,8.67,0,0,0,0,0,-2,4,0,2
['2023-01-16'],Bangladesh Premier League,1351065,Chattogram Challengers,9,13,8,2,0,162.5,"4,7,14",3.0,18,6,0,27,1,2,0,0,0,0,1,9.0,1,0,0,0,0,21,6,8,35
['2023-01-14'],Bangladesh Premier League,1351063,Chattogram Challengers,9,0,0,0,0,0.0,"8,18,20",3.0,18,5,0,25,4,0,2,0,0,0,1,8.33,1,0,0,0,0,0,55,8,63
['2023-01-09'],Bangladesh Premier League,1351057,Chattogram Challengers,10,0,0,0,0,0.0,"6,10,13",3.0,18,3,0,35,3,2,0,0,0,0,1,11.67,0,0,0,0,0,0,-1,0,-1
['2023-01-06'],Bangladesh Premier League,1351052,Chattogram Challengers,11,2,4,0,0,50.0,"2,6",2.0,12,6,0,23,1,1,0,0,0,0,6,11.5,0,0,0,0,0,2,2,0,4
['2022-02-18'],Bangladesh Premier League,1296718,Fortune Barishal,10,0,0,0,0,0.0,"6,13,15,18",4.0,24,7,0,34,0,3,1,0,0,0,2,8.5,0,0,0,0,0,0,32,0,32
['2022-02-14'],Bangladesh Premier League,1296716,Fortune Barishal,10,0,2,0,0,0.0,"11,17,19",3.0,18,7,0,15,1,0,2,0,1,0,1,5.0,0,0,0,0,0,0,69,0,69
['2022-02-11'],Bangladesh Premier League,1296712,Fortune Barishal,10,0,0,0,0,0.0,"17,19",2.0,12,4,0,12,1,0,2,0,0,0,1,6.0,1,0,0,0,0,0,56,8,64
['2022-02-08'],Bangladesh Premier League,1296708,Fortune Barishal,10,0,0,0,0,0.0,10,1.0,6,0,0,21,4,0,0,0,0,0,1,21.0,0,0,0,0,0,0,0,0,0
['2022-02-07'],Bangladesh Premier League,1296705,Fortune Barishal,11,0,0,0,0,0.0,,0.0,0,0,0,0,0,0,0,0,0,0,0,0.0,0,0,0,0,0,0,0,0,0
['2022-02-01'],Bangladesh Premier League,1296700,Fortune Barishal,10,5,3,1,0,166.67,"12,19",2.0,12,3,0,21,2,1,2,0,0,0,0,10.5,0,0,0,0,0,9,51,0,60
['2022-01-31'],Bangladesh Premier League,1296698,Fortune Barishal,10,0,1,0,0,0.0,"11,13,15,18",4.0,24,9,0,36,3,2,0,0,0,0,0,9.0,0,0,0,0,0,-2,9,0,7
['2022-01-29'],Bangladesh Premier League,1296695,Fortune Barishal,10,1,1,0,0,100.0,"13,15,19",3.0,18,6,0,17,1,0,4,0,1,0,1,5.67,0,0,0,0,0,1,126,0,127
['2020-01-15'],Bangladesh Premier League,1208111,Chattogram Challengers,11,0,1,0,0,0.0,"1,3,15,19",4.0,24,9,0,47,4,3,1,0,0,0,3,11.75,0,0,1,0,0,0,30,12,42
['2020-01-13'],Bangladesh Premier League,1208109,Chattogram Challengers,11,0,0,0,0,0.0,"2,4,15,19",4.0,24,11,0,29,3,1,0,0,0,0,4,7.25,0,0,0,0,0,0,11,0,11
['2020-01-04'],Bangladesh Premier League,1208099,Chattogram Challengers,9,0,0,0,0,0.0,"3,5,16,19",4.0,24,12,0,29,3,1,3,1,1,0,1,7.25,1,0,0,0,0,0,107,8,115
['2019-12-31'],Bangladesh Premier League,1208093,Chattogram Challengers,11,0,0,0,0,0.0,"2,9,19",3.0,18,5,0,31,6,0,1,0,1,0,1,10.33,1,0,0,0,0,0,36,8,44
['2019-12-27'],Bangladesh Premier League,1208087,Chattogram Challengers,11,0,0,0,0,0.0,"3,13,18,20",4.0,24,9,0,26,2,0,0,0,0,0,2,6.5,0,0,0,0,0,0,11,0,11
['2019-12-21'],Bangladesh Premier League,1208082,Chattogram Challengers,11,0,0,0,0,0.0,"2,12,16",3.0,18,8,0,16,2,0,1,0,0,0,0,5.33,0,0,0,0,0,0,37,0,37
['2019-12-20'],Bangladesh Premier League,1208080,Chattogram Challengers,11,0,0,0,0,0.0,"3,5,15,19",4.0,24,12,0,28,2,2,4,1,1,0,1,7.0,0,0,0,0,0,0,138,0,138
['2019-12-18'],Bangladesh Premier League,1208078,Chattogram Challengers,11,0,0,0,0,0.0,"2,6,18,20",4.0,24,13,0,23,1,1,3,0,0,0,2,5.75,0,0,0,0,0,0,96,0,96
['2019-12-17'],Bangladesh Premier League,1208076,Chattogram Challengers,11,0,0,0,0,0.0,"4,12,14,20",4.0,24,14,1,23,1,1,4,0,1,0,2,5.75,1,0,0,0,0,0,146,8,154
['2019-12-14'],Bangladesh Premier League,1208073,Chattogram Challengers,11,0,0,0,0,0.0,"1,3,13,19",4.0,24,7,0,33,3,1,1,0,0,0,0,8.25,1,0,0,0,0,0,32,8,40
['2019-01-19'],Bangladesh Premier League,1169399,Sylhet Sixers,8,0,0,0,0,0.0,"5,11,15,19",4.0,24,5,0,57,6,3,0,0,0,0,3,14.25,0,0,0,0,0,0,-1,0,-1
['2019-01-16'],Bangladesh Premier League,1169396,Sylhet Sixers,10,0,0,0,0,0.0,"2,6,15,19",4.0,24,7,0,40,5,1,2,0,0,0,1,10.0,0,0,0,0,0,0,55,0,55
['2017-12-05'],Bangladesh Premier League,1121283,Comilla Victorians,9,1,1,0,0,100.0,"8,10,16,19",4.0,24,8,0,36,3,1,0,0,0,1,3,9.0,0,0,1,0,0,1,8,12,21
