date,event,match_id,teamname,batting_position,runs,balls,fours,sixes,strike_rate,overs_bowled,overs,total_balls,dots,maidens,conceded,fours_conceded,sixes_conceded,wickets,LBW,Bowled,noballs,wides,economy_rate,catches,stumping,direct_hit,indirect_hit,strike_rate_fp,batting_fp,bowling_fp,fielding_fp,total_fp
['2025-02-23'],United States of America tour of Oman,1473147,Oman,4,0,2,0,0,0.0,,0.0,0,0,0,0,0,0,0,0,0,0,0,0.0,0,0,0,0,0,0,0,0,0
['2025-02-21'],United States of America tour of Oman,1473146,Oman,4,5,6,0,0,83.33,,0.0,0,0,0,0,0,0,0,0,0,0,0,0.0,0,0,0,0,0,5,0,0,5
['2025-02-20'],United States of America in Oman T20I Series,1473145,Oman,3,20,12,2,1,166.67,,0.0,0,0,0,0,0,0,0,0,0,0,0,0.0,1,0,0,0,4,38,0,8,46
['2024-12-20'],Gulf T20I Championship,1463666,Oman,8,10,9,1,0,111.11,,0.0,0,0,0,0,0,0,0,0,0,0,0,0.0,2,0,1,0,0,14,0,28,42
['2024-12-17'],Gulf T20I Championship,1463661,Oman,4,9,10,0,0,90.0,,0.0,0,0,0,0,0,0,0,0,0,0,0,0.0,1,0,0,0,0,9,0,8,17
['2024-12-15'],Gulf T20I Championship,1463656,Oman,5,11,9,1,0,122.22,,0.0,0,0,0,0,0,0,0,0,0,0,0,0.0,0,0,0,1,0,15,0,6,21
['2024-12-14'],Gulf T20I Championship,1463655,Oman,4,16,12,0,1,133.33,,0.0,0,0,0,0,0,0,0,0,0,0,0,0.0,0,0,0,0,2,24,0,0,24
['2024-11-16'],Netherlands tour of Oman,1454821,Oman,4,9,7,0,1,128.57,,0.0,0,0,0,0,0,0,0,0,0,0,0,0.0,0,0,0,0,0,15,0,0,15
['2024-11-14'],Netherlands tour of Oman,1454820,Oman,4,23,18,1,1,127.78,,0.0,0,0,0,0,0,0,0,0,0,0,0,0.0,0,0,0,0,0,33,0,0,33
['2024-11-13'],Netherlands tour of Oman,1454819,Oman,5,62,42,5,3,147.62,,0.0,0,0,0,0,0,0,0,0,0,0,0,0.0,0,0,0,0,2,110,0,0,110
['2024-10-03'],Canada T20 Tri-Series,1450828,Oman,6,1,5,0,0,20.0,,0.0,0,0,0,0,0,0,0,0,0,0,0,0.0,1,1,0,0,0,1,0,20,21
