date,event,match_id,teamname,batting_position,runs,balls,fours,sixes,strike_rate,overs_bowled,overs,total_balls,dots,maidens,conceded,fours_conceded,sixes_conceded,wickets,LBW,Bowled,noballs,wides,economy_rate,catches,stumping,direct_hit,indirect_hit,strike_rate_fp,batting_fp,bowling_fp,fielding_fp,total_fp
['2024-12-16'],ICC Men's T20 World Cup Sub Regional Americas Qualifier,1462909,Bahamas,10,3,12,0,0,25.0,7,1.0,6,2,0,8,1,0,0,0,0,0,0,8.0,0,0,0,0,-6,-3,2,0,-1
['2024-12-15'],ICC Men's T20 World Cup Sub Regional Americas Qualifier,1462906,Bahamas,9,1,2,0,0,50.0,"5,7,9,11",4.0,24,12,0,19,1,0,1,1,0,0,3,4.75,0,0,0,0,0,1,51,0,52
['2024-12-14'],ICC Men's T20 World Cup Sub Regional Americas Qualifier,1462901,Bahamas,9,5,7,0,0,71.43,"8,10,12",3.0,18,10,0,14,1,0,2,1,0,0,0,4.67,0,0,0,1,0,5,74,6,85
['2024-12-10'],ICC Men's T20 World Cup Sub Regional Americas Qualifier,1462889,Bahamas,10,0,0,0,0,0.0,,0.0,0,0,0,0,0,0,0,0,0,0,0,0.0,0,0,0,0,0,0,0,0,0
