date,event,match_id,teamname,batting_position,runs,balls,fours,sixes,strike_rate,overs_bowled,overs,total_balls,dots,maidens,conceded,fours_conceded,sixes_conceded,wickets,LBW,Bowled,noballs,wides,economy_rate,catches,stumping,direct_hit,indirect_hit,strike_rate_fp,batting_fp,bowling_fp,fielding_fp,total_fp
['2016-02-09'],Papua New Guinea v Ireland T20I Series,954737,Papua New Guinea,10,8,4,0,1,200.0,7,1.0,6,1,0,9,1,0,0,0,0,0,0,9.0,0,0,0,0,0,14,1,0,15
['2016-02-07'],Papua New Guinea v Ireland T20I Series,954735,Papua New Guinea,11,2,2,0,0,100.0,"8,10",2.0,12,4,0,11,0,0,3,0,0,0,0,5.5,0,0,0,0,0,2,87,0,89
['2015-07-18'],ICC World Twenty20 Qualifier,875529,Papua New Guinea,11,6,7,1,0,85.71,"2,14",2.0,12,4,0,18,1,1,0,0,0,0,1,9.0,0,0,0,0,0,10,4,0,14
['2013-11-29'],ICC World Twenty20 Qualifier,660225,Papua New Guinea,11,0,0,0,0,0.0,"1,13",2.0,12,2,0,26,2,0,0,0,0,0,8,13.0,1,0,0,0,0,0,-4,8,4
['2013-11-28'],ICC World Twenty20 Qualifier,660219,Papua New Guinea,11,1,3,0,0,33.33,"1,3,5,19",4.0,24,14,0,22,1,2,3,0,0,0,0,5.5,0,0,0,0,0,1,97,0,98
['2013-11-24'],ICC World Twenty20 Qualifier,660201,Papua New Guinea,11,0,0,0,0,0.0,"2,9,11,16",4.0,24,6,0,30,3,0,0,0,0,0,0,7.5,1,0,0,0,0,0,6,8,14
