date,event,match_id,teamname,batting_position,runs,balls,fours,sixes,strike_rate,overs_bowled,overs,total_balls,dots,maidens,conceded,fours_conceded,sixes_conceded,wickets,LBW,Bowled,noballs,wides,economy_rate,catches,stumping,direct_hit,indirect_hit,strike_rate_fp,batting_fp,bowling_fp,fielding_fp,total_fp
['2019-03-02'],Syed Mushtaq Ali Trophy,1157203,Mizoram,2,40,56,4,1,71.43,,0.0,0,0,0,0,0,0,0,0,0,0,0,0.0,0,0,0,0,0,66,0,0,66
['2019-02-28'],Syed Mushtaq Ali Trophy,1157188,Mizoram,2,17,20,1,1,85.0,,0.0,0,0,0,0,0,0,0,0,0,0,0,0.0,0,1,0,0,0,27,0,12,39
['2019-02-27'],Syed Mushtaq Ali Trophy,1157170,Mizoram,2,59,41,8,1,143.9,,0.0,0,0,0,0,0,0,0,0,0,0,0,0.0,0,0,0,0,2,107,0,0,107
['2019-02-25'],Syed Mushtaq Ali Trophy,1157154,Mizoram,2,41,42,6,0,97.62,,0.0,0,0,0,0,0,0,0,0,0,0,0,0.0,0,0,0,0,0,69,0,0,69
['2019-02-24'],Syed Mushtaq Ali Trophy,1157136,Mizoram,1,1,5,0,0,20.0,,0.0,0,0,0,0,0,0,0,0,0,0,0,0.0,0,0,0,0,0,1,0,0,1
['2019-02-22'],Syed Mushtaq Ali Trophy,1157117,Mizoram,1,4,5,1,0,80.0,,0.0,0,0,0,0,0,0,0,0,0,0,0,0.0,0,0,0,0,0,8,0,0,8
['2019-02-21'],Syed Mushtaq Ali Trophy,1157103,Mizoram,2,16,11,3,0,145.45,12,1.0,6,1,0,10,1,0,0,0,0,0,0,10.0,0,0,0,0,2,30,1,0,31
