date,event,match_id,teamname,batting_position,runs,balls,fours,sixes,strike_rate,overs_bowled,overs,total_balls,dots,maidens,conceded,fours_conceded,sixes_conceded,wickets,LBW,Bowled,noballs,wides,economy_rate,catches,stumping,direct_hit,indirect_hit,strike_rate_fp,batting_fp,bowling_fp,fielding_fp,total_fp
['2024-12-13'],Africa Continental Cup,1462930,Botswana,1,5,12,1,0,41.67,,0.0,0,0,0,0,0,0,0,0,0,0,0,0.0,1,0,0,0,-6,3,0,8,11
['2024-12-12'],Africa Continental Cup,1462920,Botswana,11,0,0,0,0,0.0,,0.0,0,0,0,0,0,0,0,0,0,0,0,0.0,0,0,0,0,0,0,0,0,0
['2024-12-11'],Africa Continental Cup,1462918,Botswana,2,44,35,5,2,125.71,,0.0,0,0,0,0,0,0,0,0,0,0,0,0.0,1,0,0,0,0,80,0,8,88
['2024-12-09'],Africa Continental Cup,1462928,Botswana,3,31,16,5,1,193.75,,0.0,0,0,0,0,0,0,0,0,0,0,0,0.0,0,0,0,0,6,67,0,0,67
['2024-12-08'],Africa Continental Cup,1462914,Botswana,2,4,5,1,0,80.0,,0.0,0,0,0,0,0,0,0,0,0,0,0,0.0,0,0,0,0,0,8,0,0,8
['2024-12-07'],Africa Continental Cup,1462927,Botswana,4,3,5,0,0,60.0,,0.0,0,0,0,0,0,0,0,0,0,0,0,0.0,0,0,0,0,0,3,0,0,3
['2024-12-06'],Africa Continental Cup,1462924,Botswana,3,3,5,0,0,60.0,,0.0,0,0,0,0,0,0,0,0,0,0,0,0.0,0,0,0,0,0,3,0,0,3
['2024-12-04'],Africa Continental Cup,1462912,Botswana,5,7,12,0,0,58.33,,0.0,0,0,0,0,0,0,0,0,0,0,0,0.0,1,0,0,0,-4,3,0,8,11
['2024-11-28'],ICC Men's T20 World Cup Sub Regional Africa Qualifier Group C,1459379,Botswana,2,1,4,0,0,25.0,,0.0,0,0,0,0,0,0,0,0,0,0,0,0.0,0,0,0,0,0,1,0,0,1
['2024-11-27'],ICC Men's T20 World Cup Sub Regional Africa Qualifier Group C,1459384,Botswana,2,16,20,0,1,80.0,19,0.667,4,3,0,4,1,0,1,0,0,0,0,6.0,0,0,0,0,0,22,28,0,50
['2024-11-26'],ICC Men's T20 World Cup Sub Regional Africa Qualifier Group C,1459382,Botswana,2,15,5,3,0,300.0,,0.0,0,0,0,0,0,0,0,0,0,0,0,0.0,1,0,0,0,0,27,0,8,35
['2024-11-24'],ICC Men's T20 World Cup Sub Regional Africa Qualifier Group C,1459386,Botswana,2,12,8,2,0,150.0,,0.0,0,0,0,0,0,0,0,0,0,0,0,0.0,0,0,0,0,0,20,0,0,20
['2024-11-23'],ICC Men's T20 World Cup Sub Regional Africa Qualifier Group C,1459374,Botswana,2,101,66,12,2,153.03,,0.0,0,0,0,0,0,0,0,0,0,0,0,0.0,1,0,0,0,4,181,0,8,189
['2023-06-19'],Africa Continental Cup,1379585,Botswana,2,47,42,6,1,111.9,,0.0,0,0,0,0,0,0,0,0,0,0,0,0.0,0,0,0,0,0,81,0,0,81
['2023-06-18'],Africa Continental Cup,1379579,Botswana,2,2,6,0,0,33.33,14,1.0,6,1,0,6,0,0,0,0,0,0,0,6.0,0,0,0,0,0,2,1,0,3
['2023-06-17'],Africa Continental Cup,1379575,Botswana,2,13,13,2,0,100.0,,0.0,0,0,0,0,0,0,0,0,0,0,0,0.0,0,0,0,0,0,21,0,0,21
['2023-06-15'],Africa Continental Cup,1379590,Botswana,2,55,38,5,2,144.74,,0.0,0,0,0,0,0,0,0,0,0,0,0,0.0,0,0,0,0,2,97,0,0,97
['2022-11-24'],ICC Men's T20 World Cup Sub Regional Africa Qualifier,1343762,Botswana,2,3,14,0,0,21.43,12,0.5,3,2,0,6,0,1,0,0,0,0,0,12.0,0,0,0,0,-6,-3,2,0,-1
['2022-11-22'],ICC Men's T20 World Cup Sub Regional Africa Qualifier,1343756,Botswana,2,11,8,1,1,137.5,,0.0,0,0,0,0,0,0,0,0,0,0,0,0.0,0,0,0,0,0,21,0,0,21
['2022-11-18'],ICC Men's T20 World Cup Sub Regional Africa Qualifier,1343745,Botswana,9,0,0,0,0,0.0,,0.0,0,0,0,0,0,0,0,0,0,0,0,0.0,0,0,0,0,0,0,0,0,0
['2022-11-17'],ICC Men's T20 World Cup Sub Regional Africa Qualifier,1343740,Botswana,4,3,7,0,0,42.86,,0.0,0,0,0,0,0,0,0,0,0,0,0,0.0,0,0,0,0,0,3,0,0,3
['2022-11-17'],ICC Men's T20 World Cup Sub Regional Africa Qualifier,1343743,Botswana,4,15,12,2,0,125.0,,0.0,0,0,0,0,0,0,0,0,0,0,0,0.0,0,0,0,0,0,23,0,0,23
['2022-09-21'],Africa Cricket Association Cup,1332509,Botswana,4,15,11,0,1,136.36,,0.0,0,0,0,0,0,0,0,0,0,0,0,0.0,0,0,0,0,2,23,0,0,23
['2022-09-19'],Africa Cricket Association Cup,1332504,Botswana,5,2,2,0,0,100.0,"17,19",2.0,12,5,0,11,0,0,2,0,0,0,2,5.5,0,0,0,0,0,2,59,0,61
['2022-09-18'],Africa Cricket Association Cup,1332507,Botswana,4,2,3,0,0,66.67,,0.0,0,0,0,0,0,0,0,0,0,0,0,0.0,1,0,0,0,0,2,0,8,10
['2022-09-15'],Africa Cricket Association Cup,1332496,Botswana,4,9,9,1,0,100.0,19,0.333,2,0,0,5,1,0,0,0,0,0,0,15.02,0,0,0,0,0,13,0,0,13
['2021-11-07'],ICC Men's T20 World Cup Sub Regional Africa Qualifier,1283051,Botswana,5,3,4,0,0,75.0,,0.0,0,0,0,0,0,0,0,0,0,0,0,0.0,1,0,0,0,0,3,0,8,11
['2021-11-06'],ICC Men's T20 World Cup Sub Regional Africa Qualifier,1283048,Botswana,5,9,8,0,1,112.5,,0.0,0,0,0,0,0,0,0,0,0,0,0,0.0,2,0,0,0,0,15,0,16,31
['2021-11-05'],ICC Men's T20 World Cup Sub Regional Africa Qualifier,1283046,Botswana,6,0,0,0,0,0.0,,0.0,0,0,0,0,0,0,0,0,0,0,0,0.0,0,0,0,0,0,0,0,0,0
['2021-11-02'],ICC Men's T20 World Cup Sub Regional Africa Qualifier,1283042,Botswana,6,8,4,0,1,200.0,,0.0,0,0,0,0,0,0,0,0,0,0,0,0.0,0,0,0,0,0,14,0,0,14
['2019-05-22'],ICC Men's T20 World Cup Africa Region Final,1184901,Botswana,5,8,20,1,0,40.0,,0.0,0,0,0,0,0,0,0,0,0,0,0,0.0,0,0,0,0,-6,6,0,0,6
['2019-05-21'],ICC Men's T20 World Cup Africa Region Final,1184263,Botswana,5,29,30,2,1,96.67,,0.0,0,0,0,0,0,0,0,0,0,0,0,0.0,0,0,0,0,0,47,0,0,47
['2019-05-20'],ICC Men's T20 World Cup Africa Region Final,1184260,Botswana,5,26,32,3,0,81.25,,0.0,0,0,0,0,0,0,0,0,0,0,0,0.0,3,0,0,0,0,42,0,28,70
['2018-11-03'],ICC World Twenty20 Africa Region Qualifier C,1163067,Botswana,4,15,15,3,0,100.0,,0.0,0,0,0,0,0,0,0,0,0,0,0,0.0,0,0,0,0,0,27,0,0,27
['2018-11-02'],ICC World Twenty20 Africa Region Qualifier C,1163064,Botswana,4,7,7,1,0,100.0,,0.0,0,0,0,0,0,0,0,0,0,0,0,0.0,0,0,0,0,0,11,0,0,11
['2018-11-01'],ICC World Twenty20 Africa Region Qualifier C,1163061,Botswana,10,0,0,0,0,0.0,,0.0,0,0,0,0,0,0,0,0,0,0,0,0.0,0,0,0,0,0,0,0,0,0
['2018-10-30'],ICC World Twenty20 Africa Region Qualifier C,1163055,Botswana,4,18,20,3,0,90.0,,0.0,0,0,0,0,0,0,0,0,0,0,0,0.0,1,0,0,0,0,30,0,8,38
['2018-10-30'],ICC World Twenty20 Africa Region Qualifier C,1163058,Botswana,4,46,30,5,0,153.33,,0.0,0,0,0,0,0,0,0,0,0,0,0,0.0,0,0,0,0,4,74,0,0,74
