date,event,match_id,teamname,batting_position,runs,balls,fours,sixes,strike_rate,overs_bowled,overs,total_balls,dots,maidens,conceded,fours_conceded,sixes_conceded,wickets,LBW,Bowled,noballs,wides,economy_rate,catches,stumping,direct_hit,indirect_hit,strike_rate_fp,batting_fp,bowling_fp,fielding_fp,total_fp
['2023-02-26'],Isle of Man tour of Spain,1354802,Isle of Man,9,0,1,0,0,0.0,"6,8,10,12",4.0,24,9,0,41,3,3,1,0,0,0,2,10.25,0,0,0,0,0,-2,32,0,30
['2023-02-26'],Isle of Man tour of Spain,1354803,Isle of Man,9,0,12,0,0,0.0,,0.0,0,0,0,0,0,0,0,0,0,0,0,0.0,0,0,0,0,-6,-8,0,0,-8
['2023-02-25'],Isle of Man tour of Spain,1354800,Isle of Man,10,3,5,0,0,60.0,"5,7",2.0,12,5,0,13,1,0,0,0,0,0,2,6.5,0,0,0,0,0,3,7,0,10
['2023-02-25'],Isle of Man tour of Spain,1354801,Isle of Man,9,9,7,0,1,128.57,"6,8,10",3.0,18,8,0,14,0,0,2,0,0,0,2,4.67,1,0,0,0,0,15,64,8,87
['2023-02-24'],Isle of Man tour of Spain,1354799,Isle of Man,6,0,0,0,0,0.0,"7,9,11,13",4.0,24,8,0,27,0,1,1,0,0,0,5,6.75,0,0,0,0,0,0,35,0,35
