date,event,match_id,teamname,batting_position,runs,balls,fours,sixes,strike_rate,overs_bowled,overs,total_balls,dots,maidens,conceded,fours_conceded,sixes_conceded,wickets,LBW,Bowled,noballs,wides,economy_rate,catches,stumping,direct_hit,indirect_hit,strike_rate_fp,batting_fp,bowling_fp,fielding_fp,total_fp
['2024-12-16'],ICC Men's T20 World Cup Sub Regional Americas Qualifier,1462910,Belize,8,7,10,1,0,70.0,,0.0,0,0,0,0,0,0,0,0,0,0,0,0.0,1,0,0,0,-2,9,0,8,17
['2024-12-15'],ICC Men's T20 World Cup Sub Regional Americas Qualifier,1462904,Belize,11,0,0,0,0,0.0,,0.0,0,0,0,0,0,0,0,0,0,0,0,0.0,0,0,0,0,0,0,0,0,0
['2024-12-14'],ICC Men's T20 World Cup Sub Regional Americas Qualifier,1462902,Belize,10,0,0,0,0,0.0,,0.0,0,0,0,0,0,0,0,0,0,0,0,0.0,1,0,0,0,0,0,0,8,8
['2024-12-07'],ICC Men's T20 World Cup Sub Regional Americas Qualifier,1462881,Belize,4,3,14,0,0,21.43,,0.0,0,0,0,0,0,0,0,0,0,0,0,0.0,1,0,0,0,-6,-3,0,8,5
['2018-09-26'],ICC World Twenty20 Americas Sub Regional Qualifier A,1157700,Belize,3,4,12,0,0,33.33,,0.0,0,0,0,0,0,0,0,0,0,0,0,0.0,0,0,0,0,-6,-2,0,0,-2
