date,event,match_id,teamname,batting_position,runs,balls,fours,sixes,strike_rate,overs_bowled,overs,total_balls,dots,maidens,conceded,fours_conceded,sixes_conceded,wickets,LBW,Bowled,noballs,wides,economy_rate,catches,stumping,direct_hit,indirect_hit,strike_rate_fp,batting_fp,bowling_fp,fielding_fp,total_fp
['2018-08-28'],ICC World Twenty20 East Asia-Pacific Region Qualifier A,1155279,Fiji,6,0,1,0,0,0.0,"9,11,17,19",4.0,24,7,0,38,5,1,1,0,1,0,0,9.5,0,0,0,0,0,-2,40,0,38
['2018-08-26'],ICC World Twenty20 East Asia-Pacific Region Qualifier A,1155276,Fiji,1,0,8,0,0,0.0,"15,17,19",3.0,18,4,0,21,2,0,1,0,0,0,0,7.0,0,0,0,0,0,-2,31,0,29
['2018-08-25'],ICC World Twenty20 East Asia-Pacific Region Qualifier A,1155272,Fiji,1,16,27,3,0,59.26,"17,19",2.0,12,3,0,15,2,0,2,0,0,0,0,7.5,0,0,0,0,-4,24,53,0,77
['2018-08-25'],ICC World Twenty20 East Asia-Pacific Region Qualifier A,1155274,Fiji,1,10,17,0,1,58.82,"14,16,20",3.0,18,5,0,23,2,1,3,1,0,0,0,7.67,0,0,0,0,-4,12,92,0,104
