date,event,match_id,teamname,batting_position,runs,balls,fours,sixes,strike_rate,overs_bowled,overs,total_balls,dots,maidens,conceded,fours_conceded,sixes_conceded,wickets,LBW,Bowled,noballs,wides,economy_rate,catches,stumping,direct_hit,indirect_hit,strike_rate_fp,batting_fp,bowling_fp,fielding_fp,total_fp
['2008-04-27'],Indian Premier League,335994,Mumbai Indians,8,7,10,1,0,70.0,,0.0,0,0,0,0,0,0,0,0,0,0,0,0.0,0,0,0,0,-2,9,0,0,9
['2008-04-25'],Indian Premier League,335991,Mumbai Indians,9,8,7,1,0,114.29,"13,15",2.0,12,2,0,22,2,1,0,0,0,0,0,11.0,0,0,0,0,0,12,0,0,12
['2008-04-23'],Indian Premier League,335989,Mumbai Indians,7,9,5,0,1,180.0,"15,17,20",3.0,18,3,0,29,2,1,2,0,0,0,0,9.67,0,0,0,0,0,15,53,0,68
['2008-04-20'],Indian Premier League,335985,Mumbai Indians,9,0,0,0,0,0.0,,0.0,0,0,0,0,0,0,0,0,0,0,0,0.0,0,0,0,0,0,0,0,0,0
