date,event,match_id,teamname,batting_position,runs,balls,fours,sixes,strike_rate,overs_bowled,overs,total_balls,dots,maidens,conceded,fours_conceded,sixes_conceded,wickets,LBW,Bowled,noballs,wides,economy_rate,catches,stumping,direct_hit,indirect_hit,strike_rate_fp,batting_fp,bowling_fp,fielding_fp,total_fp
['2021-11-09'],Syed Mushtaq Ali Trophy,1280278,Services,11,1,3,0,0,33.33,"6,8,10,17",4.0,24,4,0,37,2,2,0,0,0,0,0,9.25,0,0,0,0,0,1,4,0,5
['2021-11-08'],Syed Mushtaq Ali Trophy,1280258,Services,11,0,0,0,0,0.0,"6,8,10",3.0,18,8,0,15,1,0,1,0,0,0,0,5.0,0,0,0,0,0,0,37,0,37
['2021-11-06'],Syed Mushtaq Ali Trophy,1280239,Services,10,5,3,1,0,166.67,"9,11,13,15",4.0,24,7,0,24,2,0,1,0,0,0,0,6.0,0,0,0,0,0,9,34,0,43
['2019-03-02'],Syed Mushtaq Ali Trophy,1157209,Services,11,0,0,0,0,0.0,,0.0,0,0,0,0,0,0,0,0,0,0,0,0.0,0,0,0,0,0,0,0,0,0
['2019-02-21'],Syed Mushtaq Ali Trophy,1157107,Services,8,0,0,0,0,0.0,"4,7,13,16",4.0,24,6,0,51,1,6,0,0,0,0,0,12.75,0,0,0,0,0,0,0,0,0
['2016-01-04'],Syed Mushtaq Ali Trophy,902139,Himachal,8,0,0,0,0,0.0,"8,10,12,14",4.0,24,5,0,28,3,0,1,0,0,0,0,7.0,0,0,0,0,0,0,32,0,32
['2016-01-03'],Syed Mushtaq Ali Trophy,902113,Himachal,8,13,18,0,0,72.22,"8,10,12,14",4.0,24,5,0,25,0,0,2,0,1,0,0,6.25,0,0,0,0,0,13,65,0,78
['2016-01-02'],Syed Mushtaq Ali Trophy,902087,Himachal,11,0,0,0,0,0.0,"8,10,12,14",4.0,24,4,0,25,1,0,1,0,0,0,0,6.25,0,0,0,0,0,0,31,0,31
