date,event,match_id,teamname,batting_position,runs,balls,fours,sixes,strike_rate,overs_bowled,overs,total_balls,dots,maidens,conceded,fours_conceded,sixes_conceded,wickets,LBW,Bowled,noballs,wides,economy_rate,catches,stumping,direct_hit,indirect_hit,strike_rate_fp,batting_fp,bowling_fp,fielding_fp,total_fp
['2023-09-22'],Malaysia Tri-Nation T20I Series,1398298,Hong Kong,7,5,10,0,0,50.0,,0.0,0,0,0,0,0,0,0,0,0,0,0,0.0,0,0,0,0,-4,1,0,0,1
['2023-09-19'],Malaysia Tri-Nation T20I Series,1398295,Hong Kong,6,10,14,0,0,71.43,,0.0,0,0,0,0,0,0,0,0,0,0,0,0.0,0,0,0,0,0,10,0,0,10
['2020-02-24'],Hong Kong tour of Malaysia,1215139,Hong Kong,8,5,3,1,0,166.67,,0.0,0,0,0,0,0,0,0,0,0,0,0,0.0,0,0,0,0,0,9,0,0,9
['2020-02-21'],Hong Kong tour of Malaysia,1215137,Hong Kong,5,10,15,1,0,66.67,,0.0,0,0,0,0,0,0,0,0,0,0,0,0.0,1,0,0,0,-2,12,0,8,20
['2020-02-20'],Hong Kong tour of Malaysia,1215136,Hong Kong,8,0,1,0,0,0.0,,0.0,0,0,0,0,0,0,0,0,0,0,0,0.0,0,0,0,0,0,-2,0,0,-2
