date,event,match_id,teamname,batting_position,runs,balls,fours,sixes,strike_rate,overs_bowled,overs,total_balls,dots,maidens,conceded,fours_conceded,sixes_conceded,wickets,LBW,Bowled,noballs,wides,economy_rate,catches,stumping,direct_hit,indirect_hit,strike_rate_fp,batting_fp,bowling_fp,fielding_fp,total_fp
['2019-11-27'],Syed Mushtaq Ali Trophy,1205858,Jharkhand,4,8,8,2,0,100.0,,0.0,0,0,0,0,0,0,0,0,0,0,0,0.0,0,0,0,0,0,16,0,0,16
['2019-11-24'],Syed Mushtaq Ali Trophy,1205851,Jharkhand,7,1,1,0,0,100.0,,0.0,0,0,0,0,0,0,0,0,0,0,0,0.0,0,0,0,0,0,1,0,0,1
['2019-11-14'],Syed Mushtaq Ali Trophy,1205802,Jharkhand,10,0,0,0,0,0.0,"8,10,15",3.0,18,6,0,38,3,3,0,0,0,0,1,12.67,0,0,0,0,0,0,0,0,0
['2019-11-12'],Syed Mushtaq Ali Trophy,1205785,Jharkhand,9,0,0,0,0,0.0,"6,8,16",3.0,18,10,0,20,2,1,1,0,0,0,0,6.67,0,0,0,0,0,0,37,0,37
['2019-03-09'],Syed Mushtaq Ali Trophy,1175031,Jharkhand,11,0,0,0,0,0.0,"4,7,13,16",4.0,24,4,0,26,2,0,1,0,0,0,0,6.5,0,0,0,0,0,0,31,0,31
['2019-03-08'],Syed Mushtaq Ali Trophy,1175025,Jharkhand,10,0,0,0,0,0.0,,0.0,0,0,0,0,0,0,0,0,0,0,0,0.0,1,0,0,0,0,0,0,8,8
