date,event,match_id,teamname,batting_position,runs,balls,fours,sixes,strike_rate,overs_bowled,overs,total_balls,dots,maidens,conceded,fours_conceded,sixes_conceded,wickets,LBW,Bowled,noballs,wides,economy_rate,catches,stumping,direct_hit,indirect_hit,strike_rate_fp,batting_fp,bowling_fp,fielding_fp,total_fp
['2024-12-13'],Syed Mushtaq Ali Trophy,1446105,Baroda,5,36,24,2,2,150.0,,0.0,0,0,0,0,0,0,0,0,0,0,0,0.0,0,0,0,0,0,60,0,0,60
['2024-12-11'],Syed Mushtaq Ali Trophy,1446101,Baroda,5,24,17,1,2,141.18,,0.0,0,0,0,0,0,0,0,0,0,0,0,0.0,1,0,0,0,2,42,0,8,50
['2023-11-06'],Syed Mushtaq Ali Trophy,1383568,Baroda,6,0,1,0,0,0.0,,0.0,0,0,0,0,0,0,0,0,0,0,0,0.0,0,0,0,0,0,-2,0,0,-2
['2023-11-04'],Syed Mushtaq Ali Trophy,1383567,Baroda,4,13,9,0,1,144.44,,0.0,0,0,0,0,0,0,0,0,0,0,0,0.0,0,0,0,0,0,19,0,0,19
['2023-10-25'],Syed Mushtaq Ali Trophy,1383526,Baroda,8,0,0,0,0,0.0,,0.0,0,0,0,0,0,0,0,0,0,0,0,0.0,1,0,0,0,0,0,0,8,8
['2023-10-16'],Syed Mushtaq Ali Trophy,1383437,Baroda,5,46,36,4,0,127.78,,0.0,0,0,0,0,0,0,0,0,0,0,0,0.0,1,0,0,0,0,66,0,8,74
