date,event,match_id,teamname,batting_position,runs,balls,fours,sixes,strike_rate,overs_bowled,overs,total_balls,dots,maidens,conceded,fours_conceded,sixes_conceded,wickets,LBW,Bowled,noballs,wides,economy_rate,catches,stumping,direct_hit,indirect_hit,strike_rate_fp,batting_fp,bowling_fp,fielding_fp,total_fp
['2024-11-17'],England tour of West Indies,1433377,West Indies,1,29,20,3,2,145.0,,0.0,0,0,0,0,0,0,0,0,0,0,0,0.0,0,0,0,0,2,59,0,0,59
['2024-11-16'],England tour of West Indies,1433376,West Indies,1,68,31,4,7,219.35,,0.0,0,0,0,0,0,0,0,0,0,0,0,0.0,0,0,0,0,6,140,0,0,140
['2024-11-14'],England tour of West Indies,1433375,West Indies,1,3,5,0,0,60.0,,0.0,0,0,0,0,0,0,0,0,0,0,0,0.0,0,0,0,0,0,3,0,0,3
['2024-11-10'],England tour of West Indies,1433374,West Indies,2,8,9,2,0,88.89,,0.0,0,0,0,0,0,0,0,0,0,0,0,0.0,0,0,0,0,0,16,0,0,16
['2024-11-09'],England tour of West Indies,1433373,West Indies,2,13,10,2,0,130.0,,0.0,0,0,0,0,0,0,0,0,0,0,0,0.0,0,0,0,0,2,23,0,0,23
['2024-10-17'],West Indies tour of Sri Lanka,1451816,West Indies,2,0,1,0,0,0.0,,0.0,0,0,0,0,0,0,0,0,0,0,0,0.0,0,0,0,0,0,-2,0,0,-2
['2024-10-15'],West Indies tour of Sri Lanka,1451815,West Indies,2,7,13,1,0,53.85,,0.0,0,0,0,0,0,0,0,0,0,0,0,0.0,0,0,0,0,-4,7,0,0,7
['2024-10-13'],West Indies tour of Sri Lanka,1451814,West Indies,2,50,28,5,4,178.57,,0.0,0,0,0,0,0,0,0,0,0,0,0,0.0,1,0,0,0,6,108,0,8,116
['2024-09-22'],Caribbean Premier League,1428702,St Kitts and Nevis Patriots,1,2,5,0,0,40.0,,0.0,0,0,0,0,0,0,0,0,0,0,0,0.0,1,0,0,0,0,2,0,8,10
['2024-09-20'],Caribbean Premier League,1428698,St Kitts and Nevis Patriots,1,49,46,3,4,106.52,,0.0,0,0,0,0,0,0,0,0,0,0,0,0.0,0,0,0,0,0,89,0,0,89
['2024-09-17'],Caribbean Premier League,1428695,St Kitts and Nevis Patriots,2,6,13,1,0,46.15,,0.0,0,0,0,0,0,0,0,0,0,0,0,0.0,0,0,0,0,-6,4,0,0,4
['2024-09-12'],Caribbean Premier League,1428691,St Kitts and Nevis Patriots,1,15,16,2,0,93.75,,0.0,0,0,0,0,0,0,0,0,0,0,0,0.0,0,0,0,0,0,23,0,0,23
['2024-09-08'],Caribbean Premier League,1428688,St Kitts and Nevis Patriots,1,5,8,0,0,62.5,,0.0,0,0,0,0,0,0,0,0,0,0,0,0.0,0,0,0,0,0,5,0,0,5
['2024-09-06'],Caribbean Premier League,1428686,St Kitts and Nevis Patriots,1,0,2,0,0,0.0,,0.0,0,0,0,0,0,0,0,0,0,0,0,0.0,0,0,0,0,0,-2,0,0,-2
['2024-09-04'],Caribbean Premier League,1428684,St Kitts and Nevis Patriots,1,3,3,0,0,100.0,,0.0,0,0,0,0,0,0,0,0,0,0,0,0.0,1,0,0,0,0,3,0,8,11
['2024-09-01'],Caribbean Premier League,1428682,St Kitts and Nevis Patriots,1,100,54,7,9,185.19,,0.0,0,0,0,0,0,0,0,0,0,0,0,0.0,0,0,0,0,6,204,0,0,204
['2024-08-31'],Caribbean Premier League,1428680,St Kitts and Nevis Patriots,1,39,23,4,2,169.57,,0.0,0,0,0,0,0,0,0,0,0,0,0,0.0,1,0,0,0,4,75,0,8,83
['2024-08-29'],Caribbean Premier League,1428678,St Kitts and Nevis Patriots,1,29,24,1,3,120.83,,0.0,0,0,0,0,0,0,0,0,0,0,0,0.0,1,0,0,0,0,55,0,8,63
['2024-02-20'],Bangladesh Premier League,1412312,Khulna Tigers,4,6,3,1,0,200.0,,0.0,0,0,0,0,0,0,0,0,0,0,0,0.0,0,0,0,0,0,10,0,0,10
['2024-02-16'],Bangladesh Premier League,1412306,Khulna Tigers,2,4,3,1,0,133.33,,0.0,0,0,0,0,0,0,0,0,0,0,0,0.0,0,0,0,0,0,8,0,0,8
['2024-02-14'],Bangladesh Premier League,1412305,Khulna Tigers,4,36,20,3,2,180.0,,0.0,0,0,0,0,0,0,0,0,0,0,0,0.0,0,0,0,0,6,70,0,0,70
['2024-02-13'],Bangladesh Premier League,1412303,Khulna Tigers,1,11,11,1,1,100.0,,0.0,0,0,0,0,0,0,0,0,0,0,0,0.0,2,0,0,0,0,21,0,16,37
['2024-02-09'],Bangladesh Premier League,1412298,Khulna Tigers,2,12,10,3,0,120.0,,0.0,0,0,0,0,0,0,0,0,0,0,0,0.0,1,0,0,0,0,24,0,8,32
['2024-02-07'],Bangladesh Premier League,1412296,Khulna Tigers,2,10,14,0,1,71.43,,0.0,0,0,0,0,0,0,0,0,0,0,0,0.0,0,0,0,0,0,16,0,0,16
['2024-01-29'],Bangladesh Premier League,1412287,Khulna Tigers,2,26,13,3,2,200.0,,0.0,0,0,0,0,0,0,0,0,0,0,0,0.0,1,0,0,0,6,60,0,8,68
['2024-01-26'],Bangladesh Premier League,1412282,Khulna Tigers,2,37,25,3,3,148.0,,0.0,0,0,0,0,0,0,0,0,0,0,0,0.0,0,0,0,0,2,73,0,0,73
['2024-01-22'],Bangladesh Premier League,1412279,Khulna Tigers,2,53,19,5,5,278.95,,0.0,0,0,0,0,0,0,0,0,0,0,0,0.0,0,0,0,0,6,117,0,0,117
['2024-01-20'],Bangladesh Premier League,1412277,Khulna Tigers,2,12,6,0,2,200.0,,0.0,0,0,0,0,0,0,0,0,0,0,0,0.0,0,0,0,0,0,24,0,0,24
['2023-09-16'],Caribbean Premier League,1369584,St Kitts and Nevis Patriots,2,2,5,0,0,40.0,,0.0,0,0,0,0,0,0,0,0,0,0,0,0.0,1,0,0,0,0,2,0,8,10
['2023-09-09'],Caribbean Premier League,1369578,St Kitts and Nevis Patriots,1,1,4,0,0,25.0,,0.0,0,0,0,0,0,0,0,0,0,0,0,0.0,0,0,0,0,0,1,0,0,1
['2023-09-02'],Caribbean Premier League,1369572,St Kitts and Nevis Patriots,2,7,9,1,0,77.78,,0.0,0,0,0,0,0,0,0,0,0,0,0,0.0,1,0,0,0,0,11,0,8,19
['2023-08-27'],Caribbean Premier League,1369569,St Kitts and Nevis Patriots,1,10,10,1,0,100.0,,0.0,0,0,0,0,0,0,0,0,0,0,0,0.0,0,0,0,0,0,14,0,0,14
['2023-08-26'],Caribbean Premier League,1369567,St Kitts and Nevis Patriots,2,8,7,0,1,114.29,,0.0,0,0,0,0,0,0,0,0,0,0,0,0.0,0,0,0,0,0,14,0,0,14
['2023-08-24'],Caribbean Premier League,1369565,St Kitts and Nevis Patriots,2,48,23,1,6,208.7,,0.0,0,0,0,0,0,0,0,0,0,0,0,0.0,0,0,0,0,6,98,0,0,98
['2023-08-23'],Caribbean Premier League,1369564,St Kitts and Nevis Patriots,2,9,8,2,0,112.5,,0.0,0,0,0,0,0,0,0,0,0,0,0,0.0,1,0,0,0,0,17,0,8,25
['2023-08-19'],Caribbean Premier League,1369560,St Kitts and Nevis Patriots,1,0,0,0,0,0.0,,0.0,0,0,0,0,0,0,0,0,0,0,0,0.0,0,0,0,0,0,0,0,0,0
['2022-10-21'],ICC Men's T20 World Cup,1298145,West Indies,3,13,18,0,0,72.22,,0.0,0,0,0,0,0,0,0,0,0,0,0,0.0,0,0,0,0,0,13,0,0,13
['2022-10-19'],ICC Men's T20 World Cup,1298142,West Indies,3,15,18,1,0,83.33,,0.0,0,0,0,0,0,0,0,0,0,0,0,0.0,1,0,0,0,0,19,0,8,27
['2022-10-17'],ICC Men's T20 World Cup,1298137,West Indies,2,14,13,1,1,107.69,,0.0,0,0,0,0,0,0,0,0,0,0,0,0.0,0,0,0,0,0,24,0,0,24
['2022-09-22'],Caribbean Premier League,1323169,St Kitts and Nevis Patriots,1,15,19,2,0,78.95,,0.0,0,0,0,0,0,0,0,0,0,0,0,0.0,1,0,0,0,0,23,0,8,31
['2022-09-21'],Caribbean Premier League,1323167,St Kitts and Nevis Patriots,2,41,36,7,0,113.89,,0.0,0,0,0,0,0,0,0,0,0,0,0,0.0,0,0,0,0,0,73,0,0,73
['2022-09-17'],Caribbean Premier League,1323163,St Kitts and Nevis Patriots,2,19,12,1,2,158.33,,0.0,0,0,0,0,0,0,0,0,0,0,0,0.0,0,0,0,0,4,39,0,0,39
['2022-09-14'],Caribbean Premier League,1323160,St Kitts and Nevis Patriots,2,20,12,2,1,166.67,,0.0,0,0,0,0,0,0,0,0,0,0,0,0.0,0,0,0,0,4,38,0,0,38
['2022-09-11'],Caribbean Premier League,1323158,St Kitts and Nevis Patriots,2,24,9,3,2,266.67,,0.0,0,0,0,0,0,0,0,0,0,0,0,0.0,0,0,0,0,0,48,0,0,48
['2022-09-08'],Caribbean Premier League,1323153,St Kitts and Nevis Patriots,2,10,7,1,1,142.86,,0.0,0,0,0,0,0,0,0,0,0,0,0,0.0,0,0,0,0,0,20,0,0,20
['2022-08-31'],Caribbean Premier League,1323144,St Kitts and Nevis Patriots,2,4,5,0,0,80.0,,0.0,0,0,0,0,0,0,0,0,0,0,0,0.0,0,0,0,0,0,4,0,0,4
['2022-05-25'],Indian Premier League,1312198,Lucknow Super Giants,6,2,6,0,0,33.33,,0.0,0,0,0,0,0,0,0,0,0,0,0,0.0,1,0,0,0,0,2,0,8,10
['2022-05-18'],Indian Premier League,1304112,Lucknow Super Giants,3,0,0,0,0,0.0,,0.0,0,0,0,0,0,0,0,0,0,0,0,0.0,1,0,0,0,0,0,0,8,8
['2022-04-07'],Indian Premier League,1304061,Lucknow Super Giants,3,5,13,0,0,38.46,,0.0,0,0,0,0,0,0,0,0,0,0,0,0.0,0,0,0,0,-6,-1,0,0,-1
['2022-04-04'],Indian Premier League,1304058,Lucknow Super Giants,3,1,5,0,0,20.0,,0.0,0,0,0,0,0,0,0,0,0,0,0,0.0,0,0,0,0,0,1,0,0,1
['2022-03-31'],Indian Premier League,1304053,Lucknow Super Giants,4,55,23,6,3,239.13,,0.0,0,0,0,0,0,0,0,0,0,0,0,0.0,1,0,0,0,6,111,0,8,119
['2022-03-28'],Indian Premier League,1304050,Lucknow Super Giants,3,10,9,2,0,111.11,,0.0,0,0,0,0,0,0,0,0,0,0,0,0.0,0,0,0,0,0,18,0,0,18
['2021-11-06'],ICC Men's T20 World Cup,1273749,West Indies,2,29,26,5,0,111.54,,0.0,0,0,0,0,0,0,0,0,0,0,0,0.0,0,0,0,0,0,53,0,0,53
['2021-11-04'],ICC Men's T20 World Cup,1273746,West Indies,2,8,6,2,0,133.33,,0.0,0,0,0,0,0,0,0,0,0,0,0,0.0,0,0,0,0,0,16,0,0,16
['2021-10-29'],ICC Men's T20 World Cup,1273734,West Indies,2,6,9,1,0,66.67,,0.0,0,0,0,0,0,0,0,0,0,0,0,0.0,0,0,0,0,0,10,0,0,10
['2021-10-26'],ICC Men's T20 World Cup,1273729,West Indies,2,56,35,3,6,160.0,,0.0,0,0,0,0,0,0,0,0,0,0,0,0.0,0,0,0,0,4,116,0,0,116
['2021-10-23'],ICC Men's T20 World Cup,1273725,West Indies,2,6,5,0,1,120.0,,0.0,0,0,0,0,0,0,0,0,0,0,0,0.0,0,0,0,1,0,12,0,6,18
['2021-10-05'],Indian Premier League,1254093,Rajasthan Royals,1,24,19,3,1,126.32,,0.0,0,0,0,0,0,0,0,0,0,0,0,0.0,0,0,0,0,0,42,0,0,42
['2021-10-02'],Indian Premier League,1254089,Rajasthan Royals,1,27,12,2,2,225.0,,0.0,0,0,0,0,0,0,0,0,0,0,0,0.0,0,0,0,0,6,57,0,0,57
['2021-09-29'],Indian Premier League,1254103,Rajasthan Royals,1,58,37,5,3,156.76,,0.0,0,0,0,0,0,0,0,0,0,0,0,0.0,0,0,0,0,4,108,0,0,108
['2021-09-27'],Indian Premier League,1254100,Rajasthan Royals,1,6,4,1,0,150.0,,0.0,0,0,0,0,0,0,0,0,0,0,0,0.0,0,0,0,0,0,10,0,0,10
['2021-09-21'],Indian Premier League,1254111,Rajasthan Royals,1,36,21,7,1,171.43,,0.0,0,0,0,0,0,0,0,0,0,0,0,0.0,0,0,0,0,6,80,0,0,80
['2021-09-15'],Caribbean Premier League,1269732,St Kitts and Nevis Patriots,2,6,6,1,0,100.0,,0.0,0,0,0,0,0,0,0,0,0,0,0,0.0,0,0,0,0,0,10,0,0,10
['2021-09-14'],Caribbean Premier League,1269731,St Kitts and Nevis Patriots,2,77,39,3,8,197.44,,0.0,0,0,0,0,0,0,0,0,0,0,0,0.0,1,0,0,0,6,155,0,8,163
['2021-09-11'],Caribbean Premier League,1269726,St Kitts and Nevis Patriots,2,102,52,5,11,196.15,,0.0,0,0,0,0,0,0,0,0,0,0,0,0.0,1,0,0,0,6,210,0,8,218
['2021-09-08'],Caribbean Premier League,1269720,St Kitts and Nevis Patriots,1,5,4,1,0,125.0,,0.0,0,0,0,0,0,0,0,0,0,0,0,0.0,3,0,0,0,0,9,0,28,37
['2021-09-05'],Caribbean Premier League,1269716,St Kitts and Nevis Patriots,1,7,5,1,0,140.0,,0.0,0,0,0,0,0,0,0,0,0,0,0,0.0,1,0,0,0,0,11,0,8,19
['2021-09-04'],Caribbean Premier League,1269714,St Kitts and Nevis Patriots,2,73,42,5,6,173.81,,0.0,0,0,0,0,0,0,0,0,0,0,0,0.0,0,0,0,0,6,143,0,0,143
['2021-09-02'],Caribbean Premier League,1269713,St Kitts and Nevis Patriots,2,19,11,0,2,172.73,,0.0,0,0,0,0,0,0,0,0,0,0,0,0.0,1,0,0,0,6,37,0,8,45
['2021-09-01'],Caribbean Premier League,1269711,St Kitts and Nevis Patriots,2,39,26,2,4,150.0,,0.0,0,0,0,0,0,0,0,0,0,0,0,0.0,0,0,0,0,0,75,0,0,75
['2021-08-29'],Caribbean Premier League,1269707,St Kitts and Nevis Patriots,2,30,28,2,2,107.14,,0.0,0,0,0,0,0,0,0,0,0,0,0,0.0,0,0,0,0,0,54,0,0,54
['2021-08-28'],Caribbean Premier League,1269704,St Kitts and Nevis Patriots,2,62,38,4,5,163.16,,0.0,0,0,0,0,0,0,0,0,0,0,0,0.0,2,0,0,0,4,120,0,16,136
['2021-08-26'],Caribbean Premier League,1269701,St Kitts and Nevis Patriots,1,6,8,1,0,75.0,,0.0,0,0,0,0,0,0,0,0,0,0,0,0.0,0,0,0,0,0,10,0,0,10
['2021-07-31'],Pakistan tour of West Indies,1263165,West Indies,2,35,33,2,2,106.06,,0.0,0,0,0,0,0,0,0,0,0,0,0,0.0,0,0,0,1,0,59,0,6,65
['2021-07-28'],Pakistan tour of West Indies,1263164,West Indies,2,6,5,1,0,120.0,,0.0,0,0,0,0,0,0,0,0,0,0,0,0.0,0,0,0,0,0,10,0,0,10
['2021-07-16'],Australia tour of West Indies,1263160,West Indies,2,79,33,4,9,239.39,,0.0,0,0,0,0,0,0,0,0,0,0,0,0.0,0,0,0,0,6,167,0,0,167
['2021-07-14'],Australia tour of West Indies,1263159,West Indies,2,31,14,4,2,221.43,,0.0,0,0,0,0,0,0,0,0,0,0,0,0.0,0,0,0,0,6,69,0,0,69
['2021-07-09'],Australia tour of West Indies,1263156,West Indies,2,0,2,0,0,0.0,,0.0,0,0,0,0,0,0,0,0,0,0,0,0.0,1,0,0,0,0,-2,0,8,6
['2021-07-03'],South Africa tour of West Indies,1263155,West Indies,2,52,33,5,3,157.58,,0.0,0,0,0,0,0,0,0,0,0,0,0,0.0,0,0,0,0,4,102,0,0,102
['2021-07-01'],South Africa tour of West Indies,1263154,West Indies,2,7,5,0,1,140.0,,0.0,0,0,0,0,0,0,0,0,0,0,0,0.0,0,0,0,0,0,13,0,0,13
['2021-06-29'],South Africa tour of West Indies,1263153,West Indies,1,27,21,2,1,128.57,,0.0,0,0,0,0,0,0,0,0,0,0,0,0.0,0,0,0,0,0,45,0,0,45
['2021-06-27'],South Africa tour of West Indies,1263152,West Indies,1,21,15,3,1,140.0,,0.0,0,0,0,0,0,0,0,0,0,0,0,0.0,1,0,0,0,2,41,0,8,49
['2021-06-26'],South Africa tour of West Indies,1263151,West Indies,2,71,35,4,7,202.86,,0.0,0,0,0,0,0,0,0,0,0,0,0,0.0,1,0,0,0,6,143,0,8,151
['2021-03-07'],Sri Lanka tour of West Indies,1252068,West Indies,2,21,18,3,1,116.67,,0.0,0,0,0,0,0,0,0,0,0,0,0,0.0,0,0,0,0,0,39,0,0,39
['2021-03-05'],Sri Lanka tour of West Indies,1252067,West Indies,2,6,6,1,0,100.0,,0.0,0,0,0,0,0,0,0,0,0,0,0,0.0,0,0,0,0,0,10,0,0,10
['2021-03-03'],Sri Lanka tour of West Indies,1252066,West Indies,2,28,9,2,3,311.11,,0.0,0,0,0,0,0,0,0,0,0,0,0,0.0,0,0,0,0,0,58,0,0,58
['2020-09-06'],Caribbean Premier League,1227893,St Kitts and Nevis Patriots,1,12,24,0,1,50.0,,0.0,0,0,0,0,0,0,0,0,0,0,0,0.0,0,0,0,0,-4,14,0,0,14
['2020-09-03'],Caribbean Premier League,1227889,St Kitts and Nevis Patriots,1,21,19,2,1,110.53,,0.0,0,0,0,0,0,0,0,0,0,0,0,0.0,0,0,0,0,0,35,0,0,35
['2020-09-02'],Caribbean Premier League,1227887,St Kitts and Nevis Patriots,1,5,5,1,0,100.0,,0.0,0,0,0,0,0,0,0,0,0,0,0,0.0,0,0,0,0,0,9,0,0,9
['2020-08-30'],Caribbean Premier League,1227884,St Kitts and Nevis Patriots,1,15,12,1,1,125.0,,0.0,0,0,0,0,0,0,0,0,0,0,0,0.0,0,0,0,0,0,25,0,0,25
['2020-08-29'],Caribbean Premier League,1227882,St Kitts and Nevis Patriots,7,21,16,0,2,131.25,,0.0,0,0,0,0,0,0,0,0,0,0,0,0.0,1,0,0,0,2,35,0,8,43
['2020-08-27'],Caribbean Premier League,1227879,St Kitts and Nevis Patriots,2,1,3,0,0,33.33,,0.0,0,0,0,0,0,0,0,0,0,0,0,0.0,0,0,0,0,0,1,0,0,1
['2020-08-25'],Caribbean Premier League,1227875,St Kitts and Nevis Patriots,2,89,60,2,9,148.33,,0.0,0,0,0,0,0,0,0,0,0,0,0,0.0,1,0,0,0,2,165,0,8,173
['2020-08-22'],Caribbean Premier League,1227871,St Kitts and Nevis Patriots,2,29,20,4,2,145.0,,0.0,0,0,0,0,0,0,0,0,0,0,0,0.0,0,0,0,0,2,63,0,0,63
['2020-08-19'],Caribbean Premier League,1227868,St Kitts and Nevis Patriots,2,30,18,4,2,166.67,,0.0,0,0,0,0,0,0,0,0,0,0,0,0.0,0,0,0,0,4,66,0,0,66
['2020-08-18'],Caribbean Premier League,1227866,St Kitts and Nevis Patriots,2,12,18,2,0,66.67,,0.0,0,0,0,0,0,0,0,0,0,0,0,0.0,2,0,0,0,-2,18,0,16,34
['2020-01-19'],Ireland tour of West Indies,1203678,West Indies,2,46,25,4,3,184.0,,0.0,0,0,0,0,0,0,0,0,0,0,0,0.0,0,0,0,0,6,90,0,0,90
['2020-01-18'],Ireland tour of West Indies,1203677,West Indies,2,2,3,0,0,66.67,,0.0,0,0,0,0,0,0,0,0,0,0,0,0.0,0,0,0,0,0,2,0,0,2
['2020-01-15'],Ireland tour of West Indies,1203676,West Indies,2,53,29,6,3,182.76,,0.0,0,0,0,0,0,0,0,0,0,0,0,0.0,2,0,0,0,6,109,0,16,125
['2019-12-11'],West Indies tour of India,1187020,West Indies,11,0,0,0,0,0.0,,0.0,0,0,0,0,0,0,0,0,0,0,0,0.0,0,0,0,0,0,0,0,0,0
['2019-12-08'],West Indies tour of India,1187019,West Indies,2,40,35,3,3,114.29,,0.0,0,0,0,0,0,0,0,0,0,0,0,0.0,0,0,0,0,0,74,0,0,74
['2019-12-06'],West Indies tour of India,1187018,West Indies,2,40,17,3,4,235.29,,0.0,0,0,0,0,0,0,0,0,0,0,0,0.0,0,0,0,0,6,86,0,0,86
['2019-10-06'],Caribbean Premier League,1185868,St Kitts and Nevis Patriots,2,9,17,1,0,52.94,,0.0,0,0,0,0,0,0,0,0,0,0,0,0.0,0,0,0,0,-4,9,0,0,9
['2019-09-28'],Caribbean Premier League,1185861,St Kitts and Nevis Patriots,2,19,20,2,0,95.0,,0.0,0,0,0,0,0,0,0,0,0,0,0,0.0,0,0,0,0,0,27,0,0,27
['2019-09-24'],Caribbean Premier League,1185857,St Kitts and Nevis Patriots,2,10,14,2,0,71.43,,0.0,0,0,0,0,0,0,0,0,0,0,0,0.0,0,0,0,0,0,18,0,0,18
['2019-09-19'],Caribbean Premier League,1185852,St Kitts and Nevis Patriots,2,7,6,0,1,116.67,,0.0,0,0,0,0,0,0,0,0,0,0,0,0.0,0,0,0,0,0,13,0,0,13
['2019-09-17'],Caribbean Premier League,1185850,St Kitts and Nevis Patriots,2,46,22,3,5,209.09,,0.0,0,0,0,0,0,0,0,0,0,0,0,0.0,0,0,0,0,6,98,0,0,98
['2019-09-15'],Caribbean Premier League,1185849,St Kitts and Nevis Patriots,2,65,30,5,6,216.67,,0.0,0,0,0,0,0,0,0,0,0,0,0,0.0,0,0,0,0,6,135,0,0,135
['2019-09-11'],Caribbean Premier League,1185844,St Kitts and Nevis Patriots,2,12,9,3,0,133.33,,0.0,0,0,0,0,0,0,0,0,0,0,0,0.0,0,0,0,0,0,24,0,0,24
['2019-09-10'],Caribbean Premier League,1185843,St Kitts and Nevis Patriots,2,53,18,3,6,294.44,,0.0,0,0,0,0,0,0,0,0,0,0,0,0.0,0,0,0,0,6,115,0,0,115
['2019-09-07'],Caribbean Premier League,1185840,St Kitts and Nevis Patriots,2,9,15,0,1,60.0,,0.0,0,0,0,0,0,0,0,0,0,0,0,0.0,0,0,0,0,-2,13,0,0,13
['2019-09-04'],Caribbean Premier League,1185837,St Kitts and Nevis Patriots,2,36,27,2,3,133.33,,0.0,0,0,0,0,0,0,0,0,0,0,0,0.0,0,0,0,0,2,68,0,0,68
['2019-08-06'],India tour of United States of America and West Indies,1188623,West Indies,1,10,11,1,0,90.91,,0.0,0,0,0,0,0,0,0,0,0,0,0,0.0,1,0,0,0,0,14,0,8,22
['2019-08-04'],India tour of United States of America and West Indies,1188622,West Indies,2,0,2,0,0,0.0,,0.0,0,0,0,0,0,0,0,0,0,0,0,0.0,0,0,0,0,0,-2,0,0,-2
['2019-08-03'],India tour of United States of America and West Indies,1188621,West Indies,2,0,4,0,0,0.0,,0.0,0,0,0,0,0,0,0,0,0,0,0,0.0,0,0,0,0,0,-2,0,0,-2
['2019-05-02'],Indian Premier League,1178426,Mumbai Indians,4,1,6,0,0,16.67,,0.0,0,0,0,0,0,0,0,0,0,0,0,0.0,1,0,0,0,0,1,0,8,9
['2019-04-28'],Indian Premier League,1178422,Mumbai Indians,3,15,16,1,1,93.75,,0.0,0,0,0,0,0,0,0,0,0,0,0,0.0,2,0,0,0,0,25,0,16,41
['2019-04-26'],Indian Premier League,1178419,Mumbai Indians,3,32,30,3,1,106.67,,0.0,0,0,0,0,0,0,0,0,0,0,0,0.0,0,0,0,0,0,54,0,0,54
['2019-02-08'],Bangladesh Premier League,1169424,Comilla Victorians,2,6,7,1,0,85.71,,0.0,0,0,0,0,0,0,0,0,0,0,0,0.0,0,0,0,0,0,10,0,0,10
['2019-02-04'],Bangladesh Premier League,1169422,Comilla Victorians,2,71,53,5,3,133.96,,0.0,0,0,0,0,0,0,0,0,0,0,0,0.0,0,0,0,0,2,119,0,0,119
['2019-02-01'],Bangladesh Premier League,1169417,Comilla Victorians,2,8,16,1,0,50.0,,0.0,0,0,0,0,0,0,0,0,0,0,0,0.0,1,0,0,0,-4,8,0,8,16
['2019-01-29'],Bangladesh Premier League,1169413,Comilla Victorians,7,0,0,0,0,0.0,,0.0,0,0,0,0,0,0,0,0,0,0,0,0.0,1,0,0,0,0,0,0,8,8
['2019-01-28'],Bangladesh Premier League,1169411,Comilla Victorians,2,109,48,5,10,227.08,,0.0,0,0,0,0,0,0,0,0,0,0,0,0.0,0,0,0,0,6,211,0,0,211
['2019-01-13'],Bangladesh Premier League,1169392,Comilla Victorians,2,38,34,6,0,111.76,,0.0,0,0,0,0,0,0,0,0,0,0,0,0.0,0,0,0,0,0,66,0,0,66
['2019-01-11'],Bangladesh Premier League,1169388,Comilla Victorians,2,28,21,3,1,133.33,,0.0,0,0,0,0,0,0,0,0,0,0,0,0.0,0,0,0,1,2,52,0,6,58
['2019-01-08'],Bangladesh Premier League,1169384,Comilla Victorians,2,8,15,1,0,53.33,,0.0,0,0,0,0,0,0,0,0,0,0,0,0.0,0,0,0,0,-4,8,0,0,8
['2019-01-06'],Bangladesh Premier League,1169381,Comilla Victorians,2,5,9,1,0,55.56,,0.0,0,0,0,0,0,0,0,0,0,0,0,0.0,0,0,0,0,0,9,0,0,9
['2018-12-22'],West Indies tour of Bangladesh,1153319,West Indies,1,89,36,6,8,247.22,,0.0,0,0,0,0,0,0,0,0,0,0,0,0.0,0,0,0,0,6,179,0,0,179
['2018-12-20'],West Indies tour of Bangladesh,1153318,West Indies,1,1,6,0,0,16.67,,0.0,0,0,0,0,0,0,0,0,0,0,0,0.0,0,0,0,0,0,1,0,0,1
['2018-12-17'],West Indies tour of Bangladesh,1153317,West Indies,1,18,11,1,1,163.64,,0.0,0,0,0,0,0,0,0,0,0,0,0,0.0,0,0,0,0,4,32,0,0,32
['2018-09-14'],Caribbean Premier League,1148679,St Kitts and Nevis Patriots,4,4,7,0,0,57.14,,0.0,0,0,0,0,0,0,0,0,0,0,0,0.0,1,0,0,0,0,4,0,8,12
['2018-09-12'],Caribbean Premier League,1148678,St Kitts and Nevis Patriots,8,8,7,1,0,114.29,,0.0,0,0,0,0,0,0,0,0,0,0,0,0.0,0,0,0,0,0,12,0,0,12
['2018-09-04'],Caribbean Premier League,1148672,St Kitts and Nevis Patriots,2,19,13,1,2,146.15,,0.0,0,0,0,0,0,0,0,0,0,0,0,0.0,0,0,0,0,2,37,0,0,37
['2018-09-02'],Caribbean Premier League,1148671,St Kitts and Nevis Patriots,2,0,1,0,0,0.0,,0.0,0,0,0,0,0,0,0,0,0,0,0,0.0,0,0,0,0,0,-2,0,0,-2
['2018-09-01'],Caribbean Premier League,1148669,St Kitts and Nevis Patriots,2,52,37,2,5,140.54,,0.0,0,0,0,0,0,0,0,0,0,0,0,0.0,0,0,0,0,2,100,0,0,100
['2018-08-28'],Caribbean Premier League,1148665,St Kitts and Nevis Patriots,2,28,22,3,1,127.27,,0.0,0,0,0,0,0,0,0,0,0,0,0,0.0,0,0,0,0,0,50,0,0,50
['2018-08-25'],Caribbean Premier League,1148662,St Kitts and Nevis Patriots,2,1,4,0,0,25.0,,0.0,0,0,0,0,0,0,0,0,0,0,0,0.0,2,0,0,0,0,1,0,16,17
['2018-08-21'],Caribbean Premier League,1148659,St Kitts and Nevis Patriots,1,13,6,1,1,216.67,,0.0,0,0,0,0,0,0,0,0,0,0,0,0.0,1,0,0,0,0,23,0,8,31
['2018-08-15'],Caribbean Premier League,1148654,St Kitts and Nevis Patriots,2,0,2,0,0,0.0,,0.0,0,0,0,0,0,0,0,0,0,0,0,0.0,1,0,0,0,0,-2,0,8,6
['2018-08-11'],Caribbean Premier League,1148651,St Kitts and Nevis Patriots,2,0,1,0,0,0.0,,0.0,0,0,0,0,0,0,0,0,0,0,0,0.0,1,0,0,0,0,-2,0,8,6
['2018-08-09'],Caribbean Premier League,1148648,St Kitts and Nevis Patriots,2,1,7,0,0,14.29,,0.0,0,0,0,0,0,0,0,0,0,0,0,0.0,0,0,0,0,0,1,0,0,1
['2018-08-04'],Bangladesh tour of West Indies and United States of America,1146724,West Indies,2,1,3,0,0,33.33,,0.0,0,0,0,0,0,0,0,0,0,0,0,0.0,0,0,0,0,0,1,0,0,1
['2018-07-31'],Bangladesh tour of West Indies and United States of America,1146723,West Indies,2,2,5,0,0,40.0,,0.0,0,0,0,0,0,0,0,0,0,0,0,0.0,0,0,0,0,0,2,0,0,2
['2018-05-31'],ICC World XI tour of England,1141232,West Indies,2,58,26,5,5,223.08,,0.0,0,0,0,0,0,0,0,0,0,0,0,0.0,2,0,0,0,6,122,0,16,138
['2018-05-20'],Indian Premier League,1136615,Mumbai Indians,2,48,31,3,4,154.84,,0.0,0,0,0,0,0,0,0,0,0,0,0,0.0,0,0,0,0,4,92,0,0,92
['2018-05-16'],Indian Premier League,1136610,Mumbai Indians,2,9,7,0,1,128.57,,0.0,0,0,0,0,0,0,0,0,0,0,0,0.0,1,0,0,0,0,15,0,8,23
['2018-05-13'],Indian Premier League,1136607,Mumbai Indians,2,60,42,4,4,142.86,,0.0,0,0,0,0,0,0,0,0,0,0,0,0.0,0,0,0,0,2,110,0,0,110
['2018-05-09'],Indian Premier League,1136601,Mumbai Indians,2,18,13,3,0,138.46,,0.0,0,0,0,0,0,0,0,0,0,0,0,0.0,0,0,0,0,2,32,0,0,32
['2018-05-06'],Indian Premier League,1136597,Mumbai Indians,2,43,28,5,2,153.57,,0.0,0,0,0,0,0,0,0,0,0,0,0,0.0,0,0,0,0,4,83,0,0,83
['2018-05-04'],Indian Premier League,1136594,Mumbai Indians,2,10,13,0,0,76.92,,0.0,0,0,0,0,0,0,0,0,0,0,0,0.0,0,0,0,0,0,10,0,0,10
['2018-04-28'],Indian Premier League,1136587,Mumbai Indians,2,47,43,3,2,109.3,,0.0,0,0,0,0,0,0,0,0,0,0,0,0.0,1,0,0,0,0,75,0,8,83
['2018-04-24'],Indian Premier League,1136583,Mumbai Indians,2,5,9,1,0,55.56,,0.0,0,0,0,0,0,0,0,0,0,0,0,0.0,0,0,0,0,0,9,0,0,9
['2018-04-22'],Indian Premier League,1136581,Mumbai Indians,2,0,1,0,0,0.0,,0.0,0,0,0,0,0,0,0,0,0,0,0,0.0,0,0,0,0,0,-2,0,0,-2
['2018-04-17'],Indian Premier League,1136574,Mumbai Indians,2,65,42,6,5,154.76,,0.0,0,0,0,0,0,0,0,0,0,0,0,0.0,0,0,0,0,4,131,0,0,131
['2018-04-14'],Indian Premier League,1136569,Mumbai Indians,2,48,28,4,4,171.43,,0.0,0,0,0,0,0,0,0,0,0,0,0,0.0,0,0,0,0,6,98,0,0,98
['2018-04-12'],Indian Premier League,1136567,Mumbai Indians,2,29,17,3,2,170.59,,0.0,0,0,0,0,0,0,0,0,0,0,0,0.0,0,0,0,0,6,63,0,0,63
['2018-04-07'],Indian Premier League,1136561,Mumbai Indians,2,0,2,0,0,0.0,,0.0,0,0,0,0,0,0,0,0,0,0,0,0.0,1,0,0,0,0,-2,0,8,6
['2017-12-12'],Bangladesh Premier League,1121290,Dhaka Dynamites,2,15,9,2,1,166.67,,0.0,0,0,0,0,0,0,0,0,0,0,0,0.0,0,0,0,0,0,29,0,0,29
['2017-12-08'],Bangladesh Premier League,1121288,Dhaka Dynamites,2,47,32,6,3,146.88,,0.0,0,0,0,0,0,0,0,0,0,0,0,0.0,1,0,0,0,2,95,0,8,103
['2017-12-06'],Bangladesh Premier League,1121285,Dhaka Dynamites,2,14,18,2,0,77.78,,0.0,0,0,0,0,0,0,0,0,0,0,0,0.0,1,0,0,0,0,22,0,8,30
['2017-11-29'],Bangladesh Premier League,1121278,Dhaka Dynamites,1,6,4,1,0,150.0,,0.0,0,0,0,0,0,0,0,0,0,0,0,0.0,0,0,0,0,0,10,0,0,10
['2017-11-27'],Bangladesh Premier League,1121273,Dhaka Dynamites,1,75,31,3,9,241.94,,0.0,0,0,0,0,0,0,0,0,0,0,0,0.0,1,0,0,0,6,159,0,8,167
['2017-11-21'],Bangladesh Premier League,1121268,Dhaka Dynamites,1,28,24,0,3,116.67,,0.0,0,0,0,0,0,0,0,0,0,0,0,0.0,0,0,0,0,0,50,0,0,50
['2017-11-20'],Bangladesh Premier League,1121265,Dhaka Dynamites,2,7,5,0,1,140.0,,0.0,0,0,0,0,0,0,0,0,0,0,0,0.0,0,0,0,0,0,13,0,0,13
['2017-11-18'],Bangladesh Premier League,1121263,Dhaka Dynamites,1,64,38,10,1,168.42,,0.0,0,0,0,0,0,0,0,0,0,0,0,0.0,0,0,0,0,4,122,0,0,122
['2017-11-14'],Bangladesh Premier League,1121257,Dhaka Dynamites,1,4,5,1,0,80.0,,0.0,0,0,0,0,0,0,0,0,0,0,0,0.0,0,0,0,0,0,8,0,0,8
['2017-11-11'],Bangladesh Premier League,1121254,Dhaka Dynamites,1,44,18,2,5,244.44,,0.0,0,0,0,0,0,0,0,0,0,0,0,0.0,0,0,0,0,6,92,0,0,92
['2017-11-05'],Bangladesh Premier League,1121248,Dhaka Dynamites,2,66,40,7,3,165.0,,0.0,0,0,0,0,0,0,0,0,0,0,0,0.0,0,0,0,0,4,124,0,0,124
['2017-11-04'],Bangladesh Premier League,1121245,Dhaka Dynamites,2,26,23,3,1,113.04,,0.0,0,0,0,0,0,0,0,0,0,0,0,0.0,1,0,0,0,0,48,0,8,56
['2017-09-16'],West Indies tour of England,1031665,West Indies,2,51,28,6,3,182.14,,0.0,0,0,0,0,0,0,0,0,0,0,0,0.0,2,0,0,0,6,107,0,16,123
['2017-09-09'],Caribbean Premier League,1094705,St Kitts and Nevis Patriots,2,16,16,2,0,100.0,,0.0,0,0,0,0,0,0,0,0,0,0,0,0.0,2,0,0,0,0,24,0,16,40
['2017-09-05'],Caribbean Premier League,1094702,St Kitts and Nevis Patriots,2,6,10,1,0,60.0,,0.0,0,0,0,0,0,0,0,0,0,0,0,0.0,0,0,0,0,-2,8,0,0,8
['2017-09-03'],Caribbean Premier League,1094701,St Kitts and Nevis Patriots,2,97,29,6,11,334.48,,0.0,0,0,0,0,0,0,0,0,0,0,0,0.0,0,0,0,0,6,205,0,0,205
['2017-08-30'],Caribbean Premier League,1094697,St Kitts and Nevis Patriots,2,40,17,6,2,235.29,,0.0,0,0,0,0,0,0,0,0,0,0,0,0.0,0,0,0,0,6,86,0,0,86
['2017-08-23'],Caribbean Premier League,1094693,St Kitts and Nevis Patriots,2,39,14,3,4,278.57,,0.0,0,0,0,0,0,0,0,0,0,0,0,0.0,0,0,0,0,6,85,0,0,85
['2017-08-21'],Caribbean Premier League,1094691,St Kitts and Nevis Patriots,2,69,39,5,6,176.92,,0.0,0,0,0,0,0,0,0,0,0,0,0,0.0,2,0,0,0,6,139,0,16,155
['2017-08-19'],Caribbean Premier League,1094689,St Kitts and Nevis Patriots,2,0,0,0,0,0.0,,0.0,0,0,0,0,0,0,0,0,0,0,0,0.0,0,0,0,0,0,0,0,0,0
['2017-08-18'],Caribbean Premier League,1094687,St Kitts and Nevis Patriots,2,7,3,0,1,233.33,,0.0,0,0,0,0,0,0,0,0,0,0,0,0.0,0,0,0,0,0,13,0,0,13
['2017-08-12'],Caribbean Premier League,1094681,St Kitts and Nevis Patriots,2,92,52,5,7,176.92,,0.0,0,0,0,0,0,0,0,0,0,0,0,0.0,0,0,0,0,6,172,0,0,172
['2017-08-06'],Caribbean Premier League,1094675,St Kitts and Nevis Patriots,2,4,15,0,0,26.67,,0.0,0,0,0,0,0,0,0,0,0,0,0,0.0,1,0,0,0,-6,-2,0,8,6
['2017-08-05'],Caribbean Premier League,1094673,St Kitts and Nevis Patriots,2,1,3,0,0,33.33,,0.0,0,0,0,0,0,0,0,0,0,0,0,0.0,0,0,0,0,0,1,0,0,1
['2017-07-09'],NA,1098211,West Indies,2,125,62,6,12,201.61,,0.0,0,0,0,0,0,0,0,0,0,0,0,0.0,0,0,0,0,6,243,0,0,243
['2017-04-02'],Pakistan in West Indies T20I Series,1085496,West Indies,1,7,8,0,1,87.5,,0.0,0,0,0,0,0,0,0,0,0,0,0,0.0,0,0,0,0,0,13,0,0,13
['2017-04-01'],Pakistan in West Indies T20I Series,1085495,West Indies,1,91,50,5,9,182.0,,0.0,0,0,0,0,0,0,0,0,0,0,0,0.0,1,0,0,0,6,183,0,8,191
['2017-03-30'],Pakistan in West Indies T20I Series,1077948,West Indies,1,3,6,0,0,50.0,,0.0,0,0,0,0,0,0,0,0,0,0,0,0.0,0,0,0,0,0,3,0,0,3
['2017-03-26'],Pakistan in West Indies T20I Series,1077947,West Indies,1,10,10,0,1,100.0,,0.0,0,0,0,0,0,0,0,0,0,0,0,0.0,1,0,0,0,0,16,0,8,24
['2016-12-09'],Bangladesh Premier League,1063092,Dhaka Dynamites,2,45,31,8,0,145.16,,0.0,0,0,0,0,0,0,0,0,0,0,0,0.0,0,0,0,0,2,83,0,0,83
['2016-12-06'],Bangladesh Premier League,1063090,Dhaka Dynamites,2,11,8,1,1,137.5,,0.0,0,0,0,0,0,0,0,0,0,0,0,0.0,1,0,0,0,0,21,0,8,29
['2016-11-30'],Bangladesh Premier League,1063081,Dhaka Dynamites,2,75,34,3,8,220.59,,0.0,0,0,0,0,0,0,0,0,0,0,0,0.0,0,0,0,0,6,153,0,0,153
['2016-09-24'],Pakistan v West Indies T20I Series,1050219,West Indies,2,3,6,0,0,50.0,,0.0,0,0,0,0,0,0,0,0,0,0,0,0.0,0,0,0,1,0,3,0,6,9
['2016-09-23'],Pakistan v West Indies T20I Series,1050217,West Indies,2,1,3,0,0,33.33,,0.0,0,0,0,0,0,0,0,0,0,0,0,0.0,0,0,0,0,0,1,0,0,1
['2016-08-28'],West Indies v India T20I Series,1041617,West Indies,2,7,6,1,0,116.67,,0.0,0,0,0,0,0,0,0,0,0,0,0,0.0,0,0,0,0,0,11,0,0,11
['2016-08-27'],West Indies v India T20I Series,1041615,West Indies,2,100,49,5,9,204.08,,0.0,0,0,0,0,0,0,0,0,0,0,0,0.0,0,0,0,0,6,196,0,0,196
['2016-07-31'],Caribbean Premier League,994685,St Kitts and Nevis Patriots,2,1,5,0,0,20.0,,0.0,0,0,0,0,0,0,0,0,0,0,0,0.0,0,0,0,0,0,1,0,0,1
['2016-07-29'],Caribbean Premier League,994679,St Kitts and Nevis Patriots,2,79,40,4,8,197.5,,0.0,0,0,0,0,0,0,0,0,0,0,0,0.0,0,0,0,0,6,161,0,0,161
['2016-07-21'],Caribbean Premier League,1011497,St Kitts and Nevis Patriots,2,7,7,1,0,100.0,,0.0,0,0,0,0,0,0,0,0,0,0,0,0.0,2,0,0,0,0,11,0,16,27
['2016-07-16'],Caribbean Premier League,1019771,St Kitts and Nevis Patriots,2,17,16,1,1,106.25,,0.0,0,0,0,0,0,0,0,0,0,0,0,0.0,0,0,0,0,0,27,0,0,27
['2016-07-03'],Caribbean Premier League,994673,St Kitts and Nevis Patriots,2,73,36,6,5,202.78,,0.0,0,0,0,0,0,0,0,0,0,0,0,0.0,0,0,0,0,6,141,0,0,141
['2016-07-02'],Caribbean Premier League,994671,St Kitts and Nevis Patriots,2,8,4,2,0,200.0,,0.0,0,0,0,0,0,0,0,0,0,0,0,0.0,0,0,0,0,0,16,0,0,16
['2016-06-30'],Caribbean Premier League,994669,St Kitts and Nevis Patriots,2,8,10,1,0,80.0,,0.0,0,0,0,0,0,0,0,0,0,0,0,0.0,0,0,0,0,0,12,0,0,12
['2015-12-10'],Bangladesh Premier League,935341,Barisal Bulls,5,9,11,1,0,81.82,,0.0,0,0,0,0,0,0,0,0,0,0,0,0.0,0,0,0,0,0,13,0,0,13
['2015-12-09'],Bangladesh Premier League,935337,Barisal Bulls,5,0,0,0,0,0.0,,0.0,0,0,0,0,0,0,0,0,0,0,0,0.0,0,0,0,0,0,0,0,0,0
['2015-12-07'],Bangladesh Premier League,935327,Barisal Bulls,2,15,23,1,1,65.22,,0.0,0,0,0,0,0,0,0,0,0,0,0,0.0,0,0,0,0,-2,23,0,0,23
['2015-12-06'],Bangladesh Premier League,935323,Barisal Bulls,2,12,15,2,0,80.0,,0.0,0,0,0,0,0,0,0,0,0,0,0,0.0,0,0,0,0,0,20,0,0,20
['2015-12-03'],Bangladesh Premier League,935319,Barisal Bulls,2,4,4,1,0,100.0,,0.0,0,0,0,0,0,0,0,0,0,0,0,0.0,0,0,0,0,0,8,0,0,8
['2015-12-01'],Bangladesh Premier League,935313,Barisal Bulls,2,101,65,7,6,155.38,,0.0,0,0,0,0,0,0,0,0,0,0,0,0.0,0,0,0,0,4,185,0,0,185
['2015-11-30'],Bangladesh Premier League,935307,Barisal Bulls,1,4,3,1,0,133.33,,0.0,0,0,0,0,0,0,0,0,0,0,0,0.0,0,0,0,0,0,8,0,0,8
['2015-07-18'],Caribbean Premier League,857755,St Kitts and Nevis Patriots,1,40,22,2,5,181.82,,0.0,0,0,0,0,0,0,0,0,0,0,0,0.0,0,0,0,0,6,88,0,0,88
['2015-07-11'],Caribbean Premier League,857741,St Kitts and Nevis Patriots,2,10,16,2,0,62.5,,0.0,0,0,0,0,0,0,0,0,0,0,0,0.0,0,0,0,0,-2,16,0,0,16
['2015-07-10'],Caribbean Premier League,857739,St Kitts and Nevis Patriots,2,3,8,0,0,37.5,,0.0,0,0,0,0,0,0,0,0,0,0,0,0.0,0,0,0,0,0,3,0,0,3
['2015-07-08'],Caribbean Premier League,857735,St Kitts and Nevis Patriots,2,14,11,1,1,127.27,,0.0,0,0,0,0,0,0,0,0,0,0,0,0.0,0,0,0,0,0,24,0,0,24
['2015-07-06'],Caribbean Premier League,857731,St Kitts and Nevis Patriots,2,10,8,2,0,125.0,,0.0,0,0,0,0,0,0,0,0,0,0,0,0.0,0,0,0,0,0,18,0,0,18
['2015-07-04'],Caribbean Premier League,857727,St Kitts and Nevis Patriots,2,82,45,6,6,182.22,,0.0,0,0,0,0,0,0,0,0,0,0,0,0.0,1,0,0,0,6,160,0,8,168
['2015-07-03'],Caribbean Premier League,857723,St Kitts and Nevis Patriots,2,34,34,3,1,100.0,,0.0,0,0,0,0,0,0,0,0,0,0,0,0.0,0,0,0,0,0,56,0,0,56
['2015-06-30'],Caribbean Premier League,857719,St Kitts and Nevis Patriots,2,10,5,1,1,200.0,,0.0,0,0,0,0,0,0,0,0,0,0,0,0.0,0,0,0,0,0,20,0,0,20
['2015-06-27'],Caribbean Premier League,857715,St Kitts and Nevis Patriots,2,19,25,3,0,76.0,,0.0,0,0,0,0,0,0,0,0,0,0,0,0.0,0,0,0,0,0,31,0,0,31
['2015-06-24'],Caribbean Premier League,857709,St Kitts and Nevis Patriots,2,0,5,0,0,0.0,,0.0,0,0,0,0,0,0,0,0,0,0,0,0.0,0,0,0,0,0,-2,0,0,-2
['2014-08-13'],Caribbean Premier League,743191,Trinidad & Tobago Red Steel,2,18,17,2,0,105.88,,0.0,0,0,0,0,0,0,0,0,0,0,0,0.0,0,0,0,0,0,26,0,0,26
['2014-08-09'],Caribbean Premier League,743185,Trinidad & Tobago Red Steel,2,38,36,2,1,105.56,,0.0,0,0,0,0,0,0,0,0,0,0,0,0.0,0,0,0,0,0,56,0,0,56
['2014-08-07'],Caribbean Premier League,743181,Trinidad & Tobago Red Steel,2,14,11,1,1,127.27,,0.0,0,0,0,0,0,0,0,0,0,0,0,0.0,0,0,0,0,0,24,0,0,24
['2014-08-02'],Caribbean Premier League,743173,Trinidad & Tobago Red Steel,2,59,39,3,5,151.28,,0.0,0,0,0,0,0,0,0,0,0,0,0,0.0,0,0,0,0,4,113,0,0,113
['2014-07-27'],Caribbean Premier League,743165,Trinidad & Tobago Red Steel,2,77,45,12,2,171.11,,0.0,0,0,0,0,0,0,0,0,0,0,0,0.0,0,0,0,0,6,155,0,0,155
['2014-07-26'],Caribbean Premier League,743161,Trinidad & Tobago Red Steel,2,72,43,2,8,167.44,,0.0,0,0,0,0,0,0,0,0,0,0,0,0.0,0,0,0,0,4,140,0,0,140
['2014-07-12'],Caribbean Premier League,743139,Trinidad & Tobago Red Steel,2,4,9,0,0,44.44,,0.0,0,0,0,0,0,0,0,0,0,0,0,0.0,0,0,0,0,0,4,0,0,4
