date,event,match_id,teamname,batting_position,runs,balls,fours,sixes,strike_rate,overs_bowled,overs,total_balls,dots,maidens,conceded,fours_conceded,sixes_conceded,wickets,LBW,Bowled,noballs,wides,economy_rate,catches,stumping,direct_hit,indirect_hit,strike_rate_fp,batting_fp,bowling_fp,fielding_fp,total_fp
['2022-02-20'],CSA T20 Challenge,1299625,Lions,2,1,3,0,0,33.33,,0.0,0,0,0,0,0,0,0,0,0,0,0,0.0,0,0,0,0,0,1,0,0,1
['2022-02-19'],CSA T20 Challenge,1299623,Lions,3,9,10,0,1,90.0,,0.0,0,0,0,0,0,0,0,0,0,0,0,0.0,0,0,0,0,0,15,0,0,15
['2022-02-17'],CSA T20 Challenge,1299618,Lions,3,0,1,0,0,0.0,,0.0,0,0,0,0,0,0,0,0,0,0,0,0.0,0,0,0,0,0,-2,0,0,-2
['2022-02-15'],CSA T20 Challenge,1299616,Lions,3,29,24,4,0,120.83,,0.0,0,0,0,0,0,0,0,0,0,0,0,0.0,0,0,0,0,0,49,0,0,49
['2022-02-13'],CSA T20 Challenge,1299612,Lions,3,27,16,5,0,168.75,18,1.0,6,0,0,12,1,0,0,0,0,0,1,12.0,1,0,0,0,4,55,0,8,63
['2022-02-10'],CSA T20 Challenge,1299609,Lions,3,42,28,3,2,150.0,"10,12,14,16",4.0,24,1,0,35,2,0,0,0,0,1,1,8.75,0,0,0,0,0,70,1,0,71
['2022-02-08'],CSA T20 Challenge,1299604,Lions,5,17,19,1,0,89.47,,0.0,0,0,0,0,0,0,0,0,0,0,0,0.0,0,0,0,0,0,21,0,0,21
