date,event,match_id,teamname,batting_position,runs,balls,fours,sixes,strike_rate,overs_bowled,overs,total_balls,dots,maidens,conceded,fours_conceded,sixes_conceded,wickets,LBW,Bowled,noballs,wides,economy_rate,catches,stumping,direct_hit,indirect_hit,strike_rate_fp,batting_fp,bowling_fp,fielding_fp,total_fp
['2024-08-28'],ICC Men's T20 World Cup Sub Regional Europe Qualifier Group C,1443789,Guernsey,11,0,0,0,0,0.0,"3,9,15,20",4.0,24,6,0,35,2,2,2,0,0,0,0,8.75,0,0,0,0,0,0,56,0,56
['2024-08-25'],ICC Men's T20 World Cup Sub Regional Europe Qualifier Group C,1443780,Guernsey,10,0,0,0,0,0.0,"3,6,17,20",4.0,24,13,0,31,2,2,3,0,1,1,2,7.75,0,0,0,0,0,0,100,0,100
['2024-08-24'],ICC Men's T20 World Cup Sub Regional Europe Qualifier Group C,1443775,Guernsey,10,3,3,0,0,100.0,"4,10",2.0,12,4,0,22,1,2,2,0,0,0,0,11.0,0,0,0,0,0,3,52,0,55
['2024-08-22'],ICC Men's T20 World Cup Sub Regional Europe Qualifier Group C,1443772,Guernsey,9,0,0,0,0,0.0,"1,3,5,19",4.0,24,11,0,31,5,0,3,0,1,0,0,7.75,0,0,0,0,0,0,98,0,98
['2024-08-21'],ICC Men's T20 World Cup Sub Regional Europe Qualifier Group C,1443767,Guernsey,10,0,0,0,0,0.0,"5,9,19",3.0,18,9,0,18,0,2,2,0,0,0,0,6.0,0,0,0,0,0,0,61,0,61
['2024-06-23'],Jersey tour of Guernsey,1440131,Guernsey,11,0,0,0,0,0.0,"6,16,18",3.0,18,8,0,17,1,0,3,0,0,0,0,5.67,0,0,0,0,0,0,91,0,91
['2024-06-22'],Jersey tour of Guernsey,1440129,Guernsey,9,0,0,0,0,0.0,"4,6",2.0,12,6,0,15,3,0,1,0,0,0,0,7.5,0,0,0,0,0,0,31,0,31
['2024-06-22'],Jersey tour of Guernsey,1440130,Guernsey,10,12,11,0,1,109.09,"4,6",2.0,12,3,0,32,4,2,0,0,0,0,0,16.0,1,0,0,0,0,18,-3,8,23
