date,event,match_id,teamname,batting_position,runs,balls,fours,sixes,strike_rate,overs_bowled,overs,total_balls,dots,maidens,conceded,fours_conceded,sixes_conceded,wickets,LBW,Bowled,noballs,wides,economy_rate,catches,stumping,direct_hit,indirect_hit,strike_rate_fp,batting_fp,bowling_fp,fielding_fp,total_fp
['2024-12-16'],ICC Men's T20 World Cup Sub Regional Americas Qualifier,1462911,Brazil,1,1,5,0,0,20.0,,0.0,0,0,0,0,0,0,0,0,0,0,0,0.0,1,0,0,0,0,1,0,8,9
['2024-12-15'],ICC Men's T20 World Cup Sub Regional Americas Qualifier,1462904,Brazil,1,11,10,2,0,110.0,,0.0,0,0,0,0,0,0,0,0,0,0,0,0.0,0,0,0,0,0,19,0,0,19
['2024-12-14'],ICC Men's T20 World Cup Sub Regional Americas Qualifier,1462900,Brazil,1,0,1,0,0,0.0,,0.0,0,0,0,0,0,0,0,0,0,0,0,0.0,0,0,0,0,0,-2,0,0,-2
['2024-12-12'],ICC Men's T20 World Cup Sub Regional Americas Qualifier,1462896,Brazil,3,0,1,0,0,0.0,,0.0,0,0,0,0,0,0,0,0,0,0,0,0.0,0,0,0,0,0,0,0,0,0
['2024-12-11'],ICC Men's T20 World Cup Sub Regional Americas Qualifier,1462894,Brazil,3,1,9,0,0,11.11,,0.0,0,0,0,0,0,0,0,0,0,0,0,0.0,0,0,0,0,0,1,0,0,1
['2024-10-12'],South American Men's Championships,1453903,Brazil,2,3,11,0,0,27.27,,0.0,0,0,0,0,0,0,0,0,0,0,0,0.0,0,0,0,0,-6,-3,0,0,-3
