date,event,match_id,teamname,batting_position,runs,balls,fours,sixes,strike_rate,overs_bowled,overs,total_balls,dots,maidens,conceded,fours_conceded,sixes_conceded,wickets,LBW,Bowled,noballs,wides,economy_rate,catches,stumping,direct_hit,indirect_hit,strike_rate_fp,batting_fp,bowling_fp,fielding_fp,total_fp
['2019-06-29'],Malaysia Tri-Nation T20I Series,1186493,Maldives,5,0,1,0,0,0.0,,0.0,0,0,0,0,0,0,0,0,0,0,0,0.0,0,1,0,0,0,-2,0,12,10
['2019-06-28'],Malaysia Tri-Nation T20I Series,1186492,Maldives,3,0,0,0,0,0.0,,0.0,0,0,0,0,0,0,0,0,0,0,0,0.0,0,1,0,0,0,0,0,12,12
['2019-06-26'],Malaysia Tri-Nation T20I Series,1186490,Maldives,3,0,1,0,0,0.0,,0.0,0,0,0,0,0,0,0,0,0,0,0,0.0,1,0,0,0,0,-2,0,8,6
['2018-04-26'],ICC World Twenty20 Asia Region Qualifier A,1142222,Maldives,3,18,14,4,0,128.57,,0.0,0,0,0,0,0,0,0,0,0,0,0,0.0,0,0,0,0,0,34,0,0,34
['2018-04-20'],ICC World Twenty20 Asia Region Qualifier A,1142208,Maldives,2,2,5,0,0,40.0,,0.0,0,0,0,0,0,0,0,0,0,0,0,0.0,0,0,0,0,0,2,0,0,2
['2015-01-27'],ACC Twenty20 Cup,811121,Maldives,6,4,2,1,0,200.0,,0.0,0,0,0,0,0,0,0,0,0,0,0,0.0,0,0,0,0,0,8,0,0,8
['2015-01-25'],ACC Twenty20 Cup,811111,Maldives,4,0,1,0,0,0.0,,0.0,0,0,0,0,0,0,0,0,0,0,0,0.0,0,0,0,0,0,-2,0,0,-2
['2014-09-28'],Asian Games Men's Cricket Competition,778023,Maldives,7,12,26,0,0,46.15,,0.0,0,0,0,0,0,0,0,0,0,0,0,0.0,0,0,0,0,-6,6,0,0,6
