date,event,match_id,teamname,batting_position,runs,balls,fours,sixes,strike_rate,overs_bowled,overs,total_balls,dots,maidens,conceded,fours_conceded,sixes_conceded,wickets,LBW,Bowled,noballs,wides,economy_rate,catches,stumping,direct_hit,indirect_hit,strike_rate_fp,batting_fp,bowling_fp,fielding_fp,total_fp
['2023-01-14'],Bangladesh Premier League,1351062,Fortune Barishal,10,0,0,0,0,0.0,"7,15",2.0,12,1,0,22,2,1,0,0,0,0,0,11.0,0,0,0,0,0,0,-1,0,-1
['2019-02-08'],Bangladesh Premier League,1169424,Dhaka Dynamites,11,1,2,0,0,50.0,"8,10",2.0,12,0,0,19,2,0,0,0,0,0,0,9.5,0,0,0,0,0,1,0,0,1
['2019-02-06'],Bangladesh Premier League,1169423,Dhaka Dynamites,9,0,0,0,0,0.0,"10,14,16",3.0,18,5,0,21,2,0,2,0,0,0,0,7.0,0,0,0,0,0,0,57,0,57
['2019-02-04'],Bangladesh Premier League,1169421,Dhaka Dynamites,9,0,0,0,0,0.0,"9,16,18,20",4.0,24,6,0,36,4,1,1,0,1,0,0,9.0,0,0,0,1,0,0,39,6,45
['2019-02-02'],Bangladesh Premier League,1169420,Dhaka Dynamites,9,0,0,0,0,0.0,"7,10,16",3.0,18,6,0,20,2,0,1,0,1,0,0,6.67,0,0,0,0,0,0,41,0,41
['2019-01-28'],Bangladesh Premier League,1169412,Dhaka Dynamites,11,0,0,0,0,0.0,"10,19",1.333,8,2,0,14,1,1,0,0,0,0,0,10.5,0,0,0,0,0,0,2,0,2
['2017-12-05'],Bangladesh Premier League,1121284,Rajshahi Kings,10,3,6,0,0,50.0,"6,17",2.0,12,1,0,27,2,2,0,0,0,0,0,13.5,1,0,0,0,0,3,-5,8,6
['2017-12-02'],Bangladesh Premier League,1121280,Rajshahi Kings,9,7,18,0,0,38.89,"5,10,17,20",4.0,24,6,0,52,4,4,2,0,0,0,0,13.0,1,0,0,0,-6,1,50,8,59
['2017-11-29'],Bangladesh Premier League,1121277,Rajshahi Kings,10,0,0,0,0,0.0,"8,16,18,20",3.333,20,8,0,17,1,0,4,0,1,0,1,5.1,0,0,0,0,0,0,128,0,128
