date,event,match_id,teamname,batting_position,runs,balls,fours,sixes,strike_rate,overs_bowled,overs,total_balls,dots,maidens,conceded,fours_conceded,sixes_conceded,wickets,LBW,Bowled,noballs,wides,economy_rate,catches,stumping,direct_hit,indirect_hit,strike_rate_fp,batting_fp,bowling_fp,fielding_fp,total_fp
['2021-10-22'],ICC Men's T20 World Cup Sub Regional Africa Qualifier,1283038,Swaziland,6,1,6,0,0,16.67,,0.0,0,0,0,0,0,0,0,0,0,0,0,0.0,0,0,0,0,0,1,0,0,1
['2021-10-20'],ICC Men's T20 World Cup Sub Regional Africa Qualifier,1283034,Swaziland,5,2,4,0,0,50.0,,0.0,0,0,0,0,0,0,0,0,0,0,0,0.0,0,0,0,0,0,2,0,0,2
['2021-10-20'],ICC Men's T20 World Cup Sub Regional Africa Qualifier,1283035,Swaziland,4,4,5,0,0,80.0,,0.0,0,0,0,0,0,0,0,0,0,0,0,0.0,1,0,0,0,0,4,0,8,12
['2021-10-19'],ICC Men's T20 World Cup Sub Regional Africa Qualifier,1283032,Swaziland,7,25,21,3,1,119.05,,0.0,0,0,0,0,0,0,0,0,0,0,0,0.0,0,0,0,0,0,47,0,0,47
['2021-10-17'],ICC Men's T20 World Cup Sub Regional Africa Qualifier,1283026,Swaziland,7,3,6,0,0,50.0,,0.0,0,0,0,0,0,0,0,0,0,0,0,0.0,0,0,0,0,0,3,0,0,3
['2018-11-01'],ICC World Twenty20 Africa Region Qualifier C,1163061,Swaziland,2,19,23,4,0,82.61,,0.0,0,0,0,0,0,0,0,0,0,0,0,0.0,0,0,0,0,0,35,0,0,35
['2018-10-30'],ICC World Twenty20 Africa Region Qualifier C,1163056,Swaziland,5,19,22,3,0,86.36,,0.0,0,0,0,0,0,0,0,0,0,0,0,0.0,0,0,0,0,0,31,0,0,31
['2018-10-29'],ICC World Twenty20 Africa Region Qualifier C,1163051,Swaziland,2,8,7,2,0,114.29,,0.0,0,0,0,0,0,0,0,0,0,0,0,0.0,0,0,0,0,0,16,0,0,16
['2018-10-28'],ICC World Twenty20 Africa Region Qualifier C,1163048,Swaziland,4,0,1,0,0,0.0,,0.0,0,0,0,0,0,0,0,0,0,0,0,0.0,0,0,0,0,0,-2,0,0,-2
