date,event,match_id,teamname,batting_position,runs,balls,fours,sixes,strike_rate,overs_bowled,overs,total_balls,dots,maidens,conceded,fours_conceded,sixes_conceded,wickets,LBW,Bowled,noballs,wides,economy_rate,catches,stumping,direct_hit,indirect_hit,strike_rate_fp,batting_fp,bowling_fp,fielding_fp,total_fp
['2025-02-23'],United States of America tour of Oman,1473147,Oman,7,13,13,1,0,100.0,,0.0,0,0,0,0,0,0,0,0,0,0,0,0.0,0,0,0,0,0,17,0,0,17
['2025-02-21'],United States of America tour of Oman,1473146,Oman,6,7,6,0,0,116.67,,0.0,0,0,0,0,0,0,0,0,0,0,0,0.0,0,0,0,0,0,7,0,0,7
['2025-02-20'],United States of America in Oman T20I Series,1473145,Oman,5,36,22,2,2,163.64,,0.0,0,0,0,0,0,0,0,0,0,0,0,0.0,0,0,0,0,4,64,0,0,64
['2024-12-20'],Gulf T20I Championship,1463666,Oman,6,52,29,3,3,179.31,,0.0,0,0,0,0,0,0,0,0,0,0,0,0.0,1,0,0,0,6,96,0,8,104
['2024-12-18'],Gulf T20I Championship,1463662,Oman,5,0,1,0,0,0.0,,0.0,0,0,0,0,0,0,0,0,0,0,0,0.0,0,0,0,0,0,-2,0,0,-2
['2024-12-17'],Gulf T20I Championship,1463661,Oman,6,33,24,3,1,137.5,,0.0,0,0,0,0,0,0,0,0,0,0,0,0.0,0,1,1,0,2,57,0,24,81
['2024-12-15'],Gulf T20I Championship,1463656,Oman,6,9,17,1,0,52.94,,0.0,0,0,0,0,0,0,0,0,0,0,0,0.0,0,0,0,1,-4,9,0,6,15
['2024-12-14'],Gulf T20I Championship,1463655,Oman,6,40,18,7,1,222.22,,0.0,0,0,0,0,0,0,0,0,0,0,0,0.0,0,0,0,0,6,84,0,0,84
