date,event,match_id,teamname,batting_position,runs,balls,fours,sixes,strike_rate,overs_bowled,overs,total_balls,dots,maidens,conceded,fours_conceded,sixes_conceded,wickets,LBW,Bowled,noballs,wides,economy_rate,catches,stumping,direct_hit,indirect_hit,strike_rate_fp,batting_fp,bowling_fp,fielding_fp,total_fp
['2012-12-21'],New Zealand in South Africa T20I Series,567353,New Zealand,2,9,13,2,0,69.23,,0.0,0,0,0,0,0,0,0,0,0,0,0,0.0,1,0,0,0,-2,15,0,8,23
['2009-02-15'],NA,351696,New Zealand,3,1,8,0,0,12.5,,0.0,0,0,0,0,0,0,0,0,0,0,0,0.0,0,0,0,0,0,1,0,0,1
['2008-06-13'],NA,296903,New Zealand,6,0,2,0,0,0.0,,0.0,0,0,0,0,0,0,0,0,0,0,0,0.0,0,0,0,0,0,-2,0,0,-2
['2008-02-07'],England in New Zealand T20I Series,300436,New Zealand,6,2,5,0,0,40.0,,0.0,0,0,0,0,0,0,0,0,0,0,0,0.0,0,0,0,1,0,2,0,6,8
['2008-02-05'],England in New Zealand T20I Series,300435,New Zealand,6,8,9,1,0,88.89,,0.0,0,0,0,0,0,0,0,0,0,0,0,0.0,0,0,0,0,0,12,0,0,12
['2007-09-22'],ICC World Twenty20,287877,New Zealand,4,10,15,0,0,66.67,,0.0,0,0,0,0,0,0,0,0,0,0,0,0.0,1,0,0,0,-2,8,0,8,16
['2007-09-18'],ICC World Twenty20,287869,New Zealand,3,0,2,0,0,0.0,,0.0,0,0,0,0,0,0,0,0,0,0,0,0.0,0,0,0,0,0,-2,0,0,-2
['2007-09-16'],ICC World Twenty20,287865,New Zealand,3,21,23,1,1,91.3,,0.0,0,0,0,0,0,0,0,0,0,0,0,0.0,0,0,0,0,0,31,0,0,31
['2007-09-15'],ICC World Twenty20,287863,New Zealand,3,25,19,1,2,131.58,,0.0,0,0,0,0,0,0,0,0,0,0,0,0.0,1,0,0,0,2,47,0,8,55
['2007-09-12'],ICC World Twenty20,287854,New Zealand,3,21,14,1,2,150.0,,0.0,0,0,0,0,0,0,0,0,0,0,0,0.0,0,0,0,0,0,37,0,0,37
['2006-12-26'],Sri Lanka in New Zealand T20I Series,251488,New Zealand,5,14,13,1,1,107.69,,0.0,0,0,0,0,0,0,0,0,0,0,0,0.0,1,0,0,1,0,24,0,14,38
['2006-02-16'],NA,237242,New Zealand,6,16,17,0,0,94.12,,0.0,0,0,0,0,0,0,0,0,0,0,0,0.0,0,0,0,0,0,16,0,0,16
