date,event,match_id,teamname,batting_position,runs,balls,fours,sixes,strike_rate,overs_bowled,overs,total_balls,dots,maidens,conceded,fours_conceded,sixes_conceded,wickets,LBW,Bowled,noballs,wides,economy_rate,catches,stumping,direct_hit,indirect_hit,strike_rate_fp,batting_fp,bowling_fp,fielding_fp,total_fp
['2024-07-11'],ICC Men's T20 World Cup Sub Regional Europe Qualifier,1439826,Switzerland,5,4,8,0,0,50.0,,0.0,0,0,0,0,0,0,0,0,0,0,0,0.0,2,0,0,0,0,4,0,16,20
['2024-07-09'],ICC Men's T20 World Cup Sub Regional Europe Qualifier,1439820,Switzerland,6,4,13,0,0,30.77,,0.0,0,0,0,0,0,0,0,0,0,0,0,0.0,1,0,0,0,-6,-2,0,8,6
['2024-07-07'],ICC Men's T20 World Cup Sub Regional Europe Qualifier,1439815,Switzerland,6,1,1,0,0,100.0,,0.0,0,0,0,0,0,0,0,0,0,0,0,0.0,0,0,0,0,0,1,0,0,1
['2022-07-31'],ICC Men's T20 World Cup Sub Regional Europe Qualifier,1321303,Switzerland,3,6,11,0,0,54.55,"12,14,16,20",4.0,24,10,0,23,2,0,5,0,1,0,1,5.75,0,0,0,0,-4,2,159,0,161
['2022-07-28'],ICC Men's T20 World Cup Sub Regional Europe Qualifier,1321293,Switzerland,7,0,0,0,0,0.0,,0.0,0,0,0,0,0,0,0,0,0,0,0,0.0,1,0,0,0,0,0,0,8,8
['2022-07-27'],ICC Men's T20 World Cup Sub Regional Europe Qualifier,1321290,Switzerland,5,0,2,0,0,0.0,,0.0,0,0,0,0,0,0,0,0,0,0,0,0.0,0,0,0,0,0,-2,0,0,-2
['2022-07-25'],ICC Men's T20 World Cup Sub Regional Europe Qualifier,1321287,Switzerland,4,1,4,0,0,25.0,,0.0,0,0,0,0,0,0,0,0,0,0,0,0.0,0,0,0,1,0,1,0,6,7
