date,event,match_id,teamname,batting_position,runs,balls,fours,sixes,strike_rate,overs_bowled,overs,total_balls,dots,maidens,conceded,fours_conceded,sixes_conceded,wickets,LBW,Bowled,noballs,wides,economy_rate,catches,stumping,direct_hit,indirect_hit,strike_rate_fp,batting_fp,bowling_fp,fielding_fp,total_fp
['2021-11-09'],Syed Mushtaq Ali Trophy,1280286,Chandigarh,2,38,22,4,2,172.73,9,1.0,6,0,0,13,2,0,0,0,0,0,0,13.0,0,0,0,0,6,76,0,0,76
['2021-11-06'],Syed Mushtaq Ali Trophy,1280249,Chandigarh,2,13,19,2,0,68.42,,0.0,0,0,0,0,0,0,0,0,0,0,0,0.0,0,0,0,0,-2,19,0,0,19
['2021-11-05'],Syed Mushtaq Ali Trophy,1280231,Chandigarh,2,50,36,3,5,138.89,,0.0,0,0,0,0,0,0,0,0,0,0,0,0.0,0,0,0,0,2,102,0,0,102
['2021-11-04'],Syed Mushtaq Ali Trophy,1280211,Chandigarh,2,10,16,1,0,62.5,,0.0,0,0,0,0,0,0,0,0,0,0,0,0.0,0,0,0,0,-2,12,0,0,12
['2021-01-15'],Syed Mushtaq Ali Trophy,1244360,Chandigarh,2,0,2,0,0,0.0,,0.0,0,0,0,0,0,0,0,0,0,0,0,0.0,0,0,0,0,0,-2,0,0,-2
['2021-01-13'],Syed Mushtaq Ali Trophy,1244341,Chandigarh,2,14,17,0,1,82.35,,0.0,0,0,0,0,0,0,0,0,0,0,0,0.0,0,0,0,0,0,20,0,0,20
['2018-01-15'],Syed Mushtaq Ali Trophy,1130719,Uttar Pradesh,1,15,14,2,0,107.14,,0.0,0,0,0,0,0,0,0,0,0,0,0,0.0,0,0,0,0,0,23,0,0,23
['2018-01-10'],Syed Mushtaq Ali Trophy,1130681,Uttar Pradesh,1,8,11,0,0,72.73,,0.0,0,0,0,0,0,0,0,0,0,0,0,0.0,0,0,0,0,0,8,0,0,8
