date,event,match_id,teamname,batting_position,runs,balls,fours,sixes,strike_rate,overs_bowled,overs,total_balls,dots,maidens,conceded,fours_conceded,sixes_conceded,wickets,LBW,Bowled,noballs,wides,economy_rate,catches,stumping,direct_hit,indirect_hit,strike_rate_fp,batting_fp,bowling_fp,fielding_fp,total_fp
['2024-08-24'],ICC Men's T20 World Cup East Asia-Pacific Region Qualifier A,1444962,Fiji,5,5,11,0,0,45.45,"16,18",2.0,12,2,0,15,1,0,0,0,0,0,0,7.5,0,0,0,1,-6,-1,2,6,7
['2024-08-23'],ICC Men's T20 World Cup East Asia-Pacific Region Qualifier A,1444960,Fiji,5,46,34,3,3,135.29,,0.0,0,0,0,0,0,0,0,0,0,0,0,0.0,0,0,0,0,2,82,0,0,82
['2024-08-21'],ICC Men's T20 World Cup East Asia-Pacific Region Qualifier A,1444958,Fiji,4,23,10,0,3,230.0,,0.0,0,0,0,0,0,0,0,0,0,0,0,0.0,1,0,0,0,6,47,0,8,55
['2024-08-20'],ICC Men's T20 World Cup East Asia-Pacific Region Qualifier A,1444957,Fiji,4,62,36,3,5,172.22,,0.0,0,0,0,0,0,0,0,0,0,0,0,0.0,1,0,0,0,6,118,0,8,126
['2024-08-19'],ICC Men's T20 World Cup East Asia-Pacific Region Qualifier A,1444955,Fiji,4,19,19,1,1,100.0,"11,13",2.167,13,3,0,24,1,2,0,0,0,0,0,11.08,1,0,0,0,0,29,-1,8,36
['2024-08-17'],ICC Men's T20 World Cup East Asia-Pacific Region Qualifier A,1444953,Fiji,5,19,15,3,0,126.67,,0.0,0,0,0,0,0,0,0,0,0,0,0,0.0,0,0,0,0,0,31,0,0,31
