date,event,match_id,teamname,batting_position,runs,balls,fours,sixes,strike_rate,overs_bowled,overs,total_balls,dots,maidens,conceded,fours_conceded,sixes_conceded,wickets,LBW,Bowled,noballs,wides,economy_rate,catches,stumping,direct_hit,indirect_hit,strike_rate_fp,batting_fp,bowling_fp,fielding_fp,total_fp
['2024-08-24'],ICC Men's T20 World Cup East Asia-Pacific Region Qualifier A,1444962,Cook Islands,6,9,18,0,0,50.0,,0.0,0,0,0,0,0,0,0,0,0,0,0,0.0,0,0,0,0,-4,5,0,0,5
['2024-08-23'],ICC Men's T20 World Cup East Asia-Pacific Region Qualifier A,1444961,Cook Islands,10,0,0,0,0,0.0,,0.0,0,0,0,0,0,0,0,0,0,0,0,0.0,0,0,0,0,0,0,0,0,0
['2024-08-19'],ICC Men's T20 World Cup East Asia-Pacific Region Qualifier A,1444954,Cook Islands,10,0,0,0,0,0.0,1,0.667,4,3,0,1,0,0,1,0,0,0,0,1.5,0,0,0,0,0,0,28,0,28
['2024-08-17'],ICC Men's T20 World Cup East Asia-Pacific Region Qualifier A,1444952,Cook Islands,10,0,0,0,0,0.0,"8,10,16,20",4.0,24,11,0,42,2,4,2,0,2,0,1,10.5,0,0,0,0,0,0,75,0,75
