date,event,match_id,teamname,batting_position,runs,balls,fours,sixes,strike_rate,overs_bowled,overs,total_balls,dots,maidens,conceded,fours_conceded,sixes_conceded,wickets,LBW,Bowled,noballs,wides,economy_rate,catches,stumping,direct_hit,indirect_hit,strike_rate_fp,batting_fp,bowling_fp,fielding_fp,total_fp
['2022-09-15'],ICC Men's T20 World Cup East Asia-Pacific Region Qualifier A,1333928,Samoa,9,1,4,0,0,25.0,"5,11,13",3.0,18,9,0,14,1,0,1,1,0,0,1,4.67,3,0,0,0,0,1,48,28,77
['2022-09-14'],ICC Men's T20 World Cup East Asia-Pacific Region Qualifier A,1333926,Samoa,9,40,23,2,3,173.91,,0.0,0,0,0,0,0,0,0,0,0,0,0,0.0,0,0,0,0,6,76,0,0,76
['2022-09-13'],ICC Men's T20 World Cup East Asia-Pacific Region Qualifier A,1333924,Samoa,9,1,3,0,0,33.33,,0.0,0,0,0,0,0,0,0,0,0,0,0,0.0,0,0,0,0,0,1,0,0,1
['2022-09-11'],ICC Men's T20 World Cup East Asia-Pacific Region Qualifier A,1333923,Samoa,7,0,1,0,0,0.0,"4,6,17",3.0,18,6,0,32,4,0,0,0,0,0,7,10.67,0,0,0,0,0,-2,4,0,2
['2022-09-10'],ICC Men's T20 World Cup East Asia-Pacific Region Qualifier A,1333921,Samoa,7,8,17,0,0,47.06,"1,5",2.0,12,4,0,22,3,1,0,0,0,0,0,11.0,0,0,0,0,-6,2,2,0,4
