date,event,match_id,teamname,batting_position,runs,balls,fours,sixes,strike_rate,overs_bowled,overs,total_balls,dots,maidens,conceded,fours_conceded,sixes_conceded,wickets,LBW,Bowled,noballs,wides,economy_rate,catches,stumping,direct_hit,indirect_hit,strike_rate_fp,batting_fp,bowling_fp,fielding_fp,total_fp
['2024-08-24'],ICC Men's T20 World Cup East Asia-Pacific Region Qualifier A,1444963,Samoa,2,21,17,0,2,123.53,,0.0,0,0,0,0,0,0,0,0,0,0,0,0.0,0,0,0,0,0,33,0,0,33
['2024-08-23'],ICC Men's T20 World Cup East Asia-Pacific Region Qualifier A,1444961,Samoa,2,55,34,6,4,161.76,,0.0,0,0,0,0,0,0,0,0,0,0,0,0.0,0,0,0,0,4,115,0,0,115
['2024-08-21'],ICC Men's T20 World Cup East Asia-Pacific Region Qualifier A,1444958,Samoa,2,29,20,2,2,145.0,,0.0,0,0,0,0,0,0,0,0,0,0,0,0.0,0,0,0,0,2,55,0,0,55
['2024-08-17'],ICC Men's T20 World Cup East Asia-Pacific Region Qualifier A,1444953,Samoa,6,0,0,0,0,0.0,,0.0,0,0,0,0,0,0,0,0,0,0,0,0.0,0,0,0,0,0,0,0,0,0
['2022-09-15'],ICC Men's T20 World Cup East Asia-Pacific Region Qualifier A,1333928,Samoa,11,1,1,0,0,100.0,"6,8,16",3.0,18,10,0,23,1,1,3,0,0,0,4,7.67,0,0,0,0,0,1,89,0,90
['2022-09-11'],ICC Men's T20 World Cup East Asia-Pacific Region Qualifier A,1333923,Samoa,10,0,0,0,0,0.0,,0.0,0,0,0,0,0,0,0,0,0,0,0,0.0,0,0,0,0,0,0,0,0,0
