date,event,match_id,teamname,batting_position,runs,balls,fours,sixes,strike_rate,overs_bowled,overs,total_balls,dots,maidens,conceded,fours_conceded,sixes_conceded,wickets,LBW,Bowled,noballs,wides,economy_rate,catches,stumping,direct_hit,indirect_hit,strike_rate_fp,batting_fp,bowling_fp,fielding_fp,total_fp
['2013-11-26'],ICC World Twenty20 Qualifier,660209,Canada,4,48,46,5,0,104.35,,0.0,0,0,0,0,0,0,0,0,0,0,0,0.0,1,1,0,0,0,72,0,20,92
['2013-11-24'],ICC World Twenty20 Qualifier,660191,Canada,4,2,8,0,0,25.0,,0.0,0,0,0,0,0,0,0,0,0,0,0,0.0,1,0,0,0,0,2,0,8,10
['2013-11-23'],ICC World Twenty20 Qualifier,660183,Canada,4,12,14,1,0,85.71,,0.0,0,0,0,0,0,0,0,0,0,0,0,0.0,0,0,0,0,0,16,0,0,16
['2013-11-22'],ICC World Twenty20 Qualifier,660171,Canada,3,43,41,3,1,104.88,,0.0,0,0,0,0,0,0,0,0,0,0,0,0.0,1,1,0,0,0,65,0,20,85
['2013-11-19'],ICC World Twenty20 Qualifier,660147,Canada,3,40,42,4,0,95.24,,0.0,0,0,0,0,0,0,0,0,0,0,0,0.0,0,0,1,0,0,60,0,12,72
['2013-11-18'],ICC World Twenty20 Qualifier,660137,Canada,4,15,21,0,0,71.43,,0.0,0,0,0,0,0,0,0,0,0,0,0,0.0,0,0,0,0,0,15,0,0,15
['2013-11-16'],ICC World Twenty20 Qualifier,660113,Canada,4,67,55,7,0,121.82,,0.0,0,0,0,0,0,0,0,0,0,0,0,0.0,1,1,0,0,0,103,0,20,123
['2010-02-10'],ICC World Twenty20 Qualifier,439499,Canada,5,36,36,2,0,100.0,,0.0,0,0,0,0,0,0,0,0,0,0,0,0.0,0,0,0,0,0,48,0,0,48
['2010-02-09'],ICC World Twenty20 Qualifier,439497,Canada,5,14,17,0,0,82.35,,0.0,0,0,0,0,0,0,0,0,0,0,0,0.0,1,1,0,1,0,14,0,26,40
