date,event,match_id,teamname,batting_position,runs,balls,fours,sixes,strike_rate,overs_bowled,overs,total_balls,dots,maidens,conceded,fours_conceded,sixes_conceded,wickets,LBW,Bowled,noballs,wides,economy_rate,catches,stumping,direct_hit,indirect_hit,strike_rate_fp,batting_fp,bowling_fp,fielding_fp,total_fp
['2023-10-03'],Asian Games Men's Cricket Competition,1399114,Hong Kong,4,10,16,1,0,62.5,,0.0,0,0,0,0,0,0,0,0,0,0,0,0.0,0,0,0,0,-2,12,0,0,12
['2023-09-24'],Malaysia Tri-Nation T20I Series,1398300,Hong Kong,4,11,10,1,0,110.0,,0.0,0,0,0,0,0,0,0,0,0,0,0,0.0,0,0,0,0,0,15,0,0,15
['2023-09-22'],Malaysia Tri-Nation T20I Series,1398298,Hong Kong,4,39,41,1,1,95.12,,0.0,0,0,0,0,0,0,0,0,0,0,0,0.0,0,0,0,0,0,53,0,0,53
['2023-09-19'],Malaysia Tri-Nation T20I Series,1398295,Hong Kong,4,3,7,0,0,42.86,,0.0,0,0,0,0,0,0,0,0,0,0,0,0.0,1,0,0,0,0,3,0,8,11
