date,event,match_id,teamname,batting_position,runs,balls,fours,sixes,strike_rate,overs_bowled,overs,total_balls,dots,maidens,conceded,fours_conceded,sixes_conceded,wickets,LBW,Bowled,noballs,wides,economy_rate,catches,stumping,direct_hit,indirect_hit,strike_rate_fp,batting_fp,bowling_fp,fielding_fp,total_fp
['2022-07-18'],ICC Men's T20 World Cup Sub Regional Europe Qualifier,1321275,Finland,8,0,0,0,0,0.0,"11,13,15",3.0,18,9,0,23,1,2,2,0,1,0,0,7.67,0,0,0,0,0,0,67,0,67
['2022-07-16'],ICC Men's T20 World Cup Sub Regional Europe Qualifier,1321270,Finland,10,0,0,0,0,0.0,"9,11",2.0,12,2,0,26,0,3,0,0,0,0,1,13.0,0,0,0,0,0,0,-4,0,-4
['2022-07-13'],ICC Men's T20 World Cup Sub Regional Europe Qualifier,1321264,Finland,9,0,0,0,0,0.0,"7,9,11,13",4.0,24,7,0,32,3,1,0,0,0,0,0,8.0,0,0,0,0,0,0,7,0,7
['2022-07-12'],ICC Men's T20 World Cup Sub Regional Europe Qualifier,1321259,Finland,11,1,1,0,0,100.0,"8,10,12,14",4.0,24,7,0,18,0,0,0,0,0,0,1,4.5,0,0,0,0,0,1,13,0,14
['2022-05-08'],Finland tour of Denmark,1310169,Finland,11,0,0,0,0,0.0,"7,9,16",3.0,18,5,0,21,1,0,0,0,0,0,0,7.0,0,0,0,0,0,0,7,0,7
['2022-05-07'],Finland tour of Denmark,1310167,Finland,11,0,0,0,0,0.0,"8,10,12,18",4.0,24,10,0,34,1,1,2,0,1,0,8,8.5,1,0,0,0,0,0,68,8,76
['2022-05-07'],Finland tour of Denmark,1310168,Finland,11,0,1,0,0,0.0,"8,10,12",3.0,18,7,0,20,0,0,0,0,0,0,4,6.67,0,0,0,0,0,-2,9,0,7
