date,event,match_id,teamname,batting_position,runs,balls,fours,sixes,strike_rate,overs_bowled,overs,total_balls,dots,maidens,conceded,fours_conceded,sixes_conceded,wickets,LBW,Bowled,noballs,wides,economy_rate,catches,stumping,direct_hit,indirect_hit,strike_rate_fp,batting_fp,bowling_fp,fielding_fp,total_fp
['2014-11-09'],Ram Slam T20 Challenge,736269,Titans,5,8,7,1,0,114.29,,0.0,0,0,0,0,0,0,0,0,0,0,0,0.0,0,0,0,0,0,12,0,0,12
['2014-11-07'],Ram Slam T20 Challenge,736267,Titans,8,0,0,0,0,0.0,"9,15",2.0,12,1,0,31,5,1,0,0,0,0,0,15.5,1,0,0,0,0,0,-5,8,3
['2012-02-22'],MiWAY T20 Challenge,530327,Impi,6,4,6,0,0,66.67,,0.0,0,0,0,0,0,0,0,0,0,0,0,0.0,0,0,0,0,0,4,0,0,4
['2012-02-19'],MiWAY T20 Challenge,530325,Impi,3,2,6,0,0,33.33,,0.0,0,0,0,0,0,0,0,0,0,0,0,0.0,0,0,0,0,0,2,0,0,2
['2012-02-17'],MiWAY T20 Challenge,530324,Impi,5,18,21,2,0,85.71,,0.0,0,0,0,0,0,0,0,0,0,0,0,0.0,2,0,0,0,0,26,0,16,42
