date,event,match_id,teamname,batting_position,runs,balls,fours,sixes,strike_rate,overs_bowled,overs,total_balls,dots,maidens,conceded,fours_conceded,sixes_conceded,wickets,LBW,Bowled,noballs,wides,economy_rate,catches,stumping,direct_hit,indirect_hit,strike_rate_fp,batting_fp,bowling_fp,fielding_fp,total_fp
['2018-04-27'],ICC World Twenty20 Asia Region Qualifier A,1142223,Saudi Arabia,10,0,0,0,0,0.0,"2,4,13,15",4.0,24,15,1,17,2,0,2,0,0,1,2,4.25,0,0,0,0,0,0,83,0,83
['2018-04-24'],ICC World Twenty20 Asia Region Qualifier A,1142218,Saudi Arabia,9,1,2,0,0,50.0,"2,9,19",2.833,17,3,0,27,1,1,0,0,0,1,0,9.53,0,0,0,0,0,1,3,0,4
['2018-04-23'],ICC World Twenty20 Asia Region Qualifier A,1142215,Saudi Arabia,9,0,0,0,0,0.0,"2,4,6,15",4.0,24,15,0,10,0,0,0,0,0,0,1,2.5,0,0,0,0,0,0,21,0,21
['2018-04-21'],ICC World Twenty20 Asia Region Qualifier A,1142213,Saudi Arabia,9,0,1,0,0,0.0,"1,3",2.0,12,10,1,17,2,1,0,0,0,2,0,8.5,0,0,0,0,0,-2,22,0,20
['2018-04-20'],ICC World Twenty20 Asia Region Qualifier A,1142209,Saudi Arabia,10,0,0,0,0,0.0,"1,3,14,16",4.0,24,12,0,21,1,0,0,0,0,0,11,5.25,1,0,0,0,0,0,16,8,24
['2016-09-28'],Kenya T20 Quadrangular Series,1058157,Saudi Arabia,7,1,3,0,0,33.33,"1,3,5,20",4.0,24,7,0,38,5,1,1,0,0,0,1,9.5,0,0,0,0,0,1,32,0,33
['2016-09-27'],Kenya T20 Quadrangular Series,1058152,Saudi Arabia,8,0,1,0,0,0.0,"1,3,5",3.0,18,11,0,9,0,0,3,0,0,0,1,3.0,1,0,0,0,0,-2,96,8,102
['2015-01-27'],ACC Twenty20 Cup,811125,Saudi Arabia,7,30,15,2,2,200.0,"1,3",2.0,12,8,0,9,1,0,0,0,0,0,0,4.5,0,0,0,0,6,60,14,0,74
['2015-01-26'],ACC Twenty20 Cup,811117,Saudi Arabia,7,10,8,1,0,125.0,"2,4,6,20",3.833,23,11,0,30,2,2,1,0,0,0,0,7.83,1,0,0,0,0,14,36,8,58
