date,event,match_id,teamname,batting_position,runs,balls,fours,sixes,strike_rate,overs_bowled,overs,total_balls,dots,maidens,conceded,fours_conceded,sixes_conceded,wickets,LBW,Bowled,noballs,wides,economy_rate,catches,stumping,direct_hit,indirect_hit,strike_rate_fp,batting_fp,bowling_fp,fielding_fp,total_fp
['2024-08-24'],ICC Men's T20 World Cup East Asia-Pacific Region Qualifier A,1444962,Cook Islands,8,9,13,0,0,69.23,"2,6,14,20",4.0,24,11,0,44,1,5,1,0,1,0,1,11.0,0,0,0,0,-2,7,42,0,49
['2024-08-23'],ICC Men's T20 World Cup East Asia-Pacific Region Qualifier A,1444961,Cook Islands,7,0,0,0,0,0.0,"2,4,12,20",4.0,24,13,0,29,3,0,1,0,0,0,3,7.25,0,0,0,0,0,0,38,0,38
['2024-08-21'],ICC Men's T20 World Cup East Asia-Pacific Region Qualifier A,1444959,Cook Islands,8,0,0,0,0,0.0,"2,10,12,16",4.0,24,17,0,12,0,0,1,0,0,0,5,3.0,0,0,0,0,0,0,48,0,48
['2024-08-20'],ICC Men's T20 World Cup East Asia-Pacific Region Qualifier A,1444957,Cook Islands,8,3,5,0,0,60.0,"2,4,6,20",4.0,24,14,0,24,3,0,2,0,2,0,2,6.0,0,0,0,0,0,3,82,0,85
['2024-08-19'],ICC Men's T20 World Cup East Asia-Pacific Region Qualifier A,1444954,Cook Islands,9,0,0,0,0,0.0,"2,4,6,18",4.0,24,16,0,17,2,0,2,0,1,1,0,4.25,1,0,0,0,0,0,80,8,88
['2024-08-17'],ICC Men's T20 World Cup East Asia-Pacific Region Qualifier A,1444952,Cook Islands,9,0,0,0,0,0.0,"1,5,17,19",4.0,24,10,0,31,3,1,1,0,1,1,0,7.75,0,0,0,0,0,0,43,0,43
