date,event,match_id,teamname,batting_position,runs,balls,fours,sixes,strike_rate,overs_bowled,overs,total_balls,dots,maidens,conceded,fours_conceded,sixes_conceded,wickets,LBW,Bowled,noballs,wides,economy_rate,catches,stumping,direct_hit,indirect_hit,strike_rate_fp,batting_fp,bowling_fp,fielding_fp,total_fp
['2024-11-28'],ICC Men's T20 World Cup Sub Regional Africa Qualifier Group C,1459377,St Helena,7,0,0,0,0,0.0,"14,16",2.0,12,12,0,3,0,0,0,0,0,0,3,1.5,0,0,0,0,0,0,18,0,18
['2024-11-27'],ICC Men's T20 World Cup Sub Regional Africa Qualifier Group C,1459384,St Helena,7,6,12,0,0,50.0,,0.0,0,0,0,0,0,0,0,0,0,0,0,0.0,0,0,0,0,-4,2,0,0,2
['2024-11-26'],ICC Men's T20 World Cup Sub Regional Africa Qualifier Group C,1459380,St Helena,7,0,0,0,0,0.0,"9,11,15",3.0,18,4,0,23,1,0,0,0,0,0,1,7.67,0,0,0,0,0,0,4,0,4
['2024-11-24'],ICC Men's T20 World Cup Sub Regional Africa Qualifier Group C,1459388,St Helena,8,0,0,0,0,0.0,"17,19",2.0,12,4,0,15,2,0,1,0,1,0,0,7.5,0,0,0,0,0,0,37,0,37
['2024-11-23'],ICC Men's T20 World Cup Sub Regional Africa Qualifier Group C,1459376,St Helena,7,1,3,0,0,33.33,,0.0,0,0,0,0,0,0,0,0,0,0,0,0.0,0,0,0,0,0,1,0,0,1
