date,event,match_id,teamname,batting_position,runs,balls,fours,sixes,strike_rate,overs_bowled,overs,total_balls,dots,maidens,conceded,fours_conceded,sixes_conceded,wickets,LBW,Bowled,noballs,wides,economy_rate,catches,stumping,direct_hit,indirect_hit,strike_rate_fp,batting_fp,bowling_fp,fielding_fp,total_fp
['2019-08-30'],Vitality Blast,1167250,Birmingham Bears,10,0,0,0,0,0.0,"2,17",2.0,12,2,0,39,4,3,0,0,0,0,1,19.5,0,0,0,0,0,0,-4,0,-4
['2019-08-27'],Vitality Blast,1167239,Birmingham Bears,11,0,0,0,0,0.0,"9,11,15,19",4.0,24,4,0,28,1,0,1,0,0,0,3,7.0,0,0,0,0,0,0,31,0,31
['2019-08-07'],Vitality Blast,1167188,Birmingham Bears,10,1,1,0,0,100.0,"3,8",2.0,12,4,0,19,3,0,0,0,0,0,3,9.5,0,0,0,0,0,1,4,0,5
['2019-08-04'],Vitality Blast,1167182,Birmingham Bears,10,0,0,0,0,0.0,"3,7,11",3.0,18,4,0,31,4,0,0,0,0,2,3,10.33,0,0,0,0,0,0,2,0,2
['2019-07-26'],Vitality Blast,1167150,Birmingham Bears,10,0,2,0,0,0.0,"2,8,14,18",4.0,24,9,0,33,3,1,1,0,0,2,2,8.25,0,0,0,0,0,0,34,0,34
['2016-06-02'],NatWest T20 Blast,947127,Yorkshire,10,0,0,0,0,0.0,"1,3",2.0,12,4,0,22,3,1,0,0,0,0,1,11.0,0,0,0,0,0,0,2,0,2
['2016-05-27'],NatWest T20 Blast,947113,Yorkshire,10,12,12,1,0,100.0,"2,4,6",3.0,18,6,0,27,4,0,1,0,0,0,1,9.0,0,0,0,0,0,16,31,0,47
