date,event,match_id,teamname,batting_position,runs,balls,fours,sixes,strike_rate,overs_bowled,overs,total_balls,dots,maidens,conceded,fours_conceded,sixes_conceded,wickets,LBW,Bowled,noballs,wides,economy_rate,catches,stumping,direct_hit,indirect_hit,strike_rate_fp,batting_fp,bowling_fp,fielding_fp,total_fp
['2024-06-16'],ICC Men's T20 World Cup Sub Regional Europe Qualifier,1436491,Israel,10,4,1,1,0,400.0,"7,9,11,15",4.0,24,8,0,30,4,0,2,0,1,0,1,7.5,0,0,0,0,0,8,66,0,74
['2024-06-15'],ICC Men's T20 World Cup Sub Regional Europe Qualifier,1436490,Israel,10,0,0,0,0,0.0,,0.0,0,0,0,0,0,0,0,0,0,0,0,0.0,0,0,0,0,0,0,0,0,0
['2024-06-12'],ICC Men's T20 World Cup Sub Regional Europe Qualifier,1436482,Israel,9,1,2,0,0,50.0,,0.0,0,0,0,0,0,0,0,0,0,0,0,0.0,0,0,0,0,0,1,0,0,1
['2022-07-03'],ICC Men's T20 World Cup Sub Regional Europe Qualifier Group C,1320985,Israel,11,0,0,0,0,0.0,"6,20",2.0,12,8,0,10,1,0,3,0,1,0,2,5.0,1,0,0,0,0,0,99,8,107
['2022-07-01'],ICC Men's T20 World Cup Sub Regional Europe Qualifier Group C,1320979,Israel,10,0,0,0,0,0.0,"6,8,10,12",4.0,24,11,0,30,3,1,2,0,0,0,2,7.5,1,0,0,0,0,0,61,8,69
['2022-06-29'],ICC Men's T20 World Cup Sub Regional Europe Qualifier Group C,1320975,Israel,10,1,1,0,0,100.0,,0.0,0,0,0,0,0,0,0,0,0,0,0,0.0,0,0,0,0,0,1,0,0,1
['2018-09-02'],ICC World Twenty20 Europe Region Qualifier C,1156678,Israel,9,0,1,0,0,0.0,"10,12,14,16",4.0,24,10,0,25,1,0,5,1,4,0,1,6.25,0,0,0,0,0,0,189,0,189
['2018-08-30'],ICC World Twenty20 Europe Region Qualifier C,1156670,Israel,9,0,1,0,0,0.0,,0.0,0,0,0,0,0,0,0,0,0,0,0,0.0,0,0,0,0,0,-2,0,0,-2
