date,event,match_id,teamname,batting_position,runs,balls,fours,sixes,strike_rate,overs_bowled,overs,total_balls,dots,maidens,conceded,fours_conceded,sixes_conceded,wickets,LBW,Bowled,noballs,wides,economy_rate,catches,stumping,direct_hit,indirect_hit,strike_rate_fp,batting_fp,bowling_fp,fielding_fp,total_fp
['2021-11-09'],Syed Mushtaq Ali Trophy,1280292,Arunachal Pradesh,2,24,29,1,0,82.76,,0.0,0,0,0,0,0,0,0,0,0,0,0,0.0,0,0,0,0,0,28,0,0,28
['2021-11-08'],Syed Mushtaq Ali Trophy,1280271,Arunachal Pradesh,2,26,22,2,1,118.18,,0.0,0,0,0,0,0,0,0,0,0,0,0,0.0,0,0,0,0,0,44,0,0,44
['2019-11-17'],Syed Mushtaq Ali Trophy,1205826,Arunachal Pradesh,7,5,17,0,0,29.41,,0.0,0,0,0,0,0,0,0,0,0,0,0,0.0,0,0,0,0,-6,-1,0,0,-1
['2019-11-15'],Syed Mushtaq Ali Trophy,1205808,Arunachal Pradesh,7,0,1,0,0,0.0,,0.0,0,0,0,0,0,0,0,0,0,0,0,0.0,0,0,0,0,0,-2,0,0,-2
['2019-11-14'],Syed Mushtaq Ali Trophy,1205798,Arunachal Pradesh,7,6,7,0,0,85.71,,0.0,0,0,0,0,0,0,0,0,0,0,0,0.0,0,0,0,0,0,6,0,0,6
['2019-11-12'],Syed Mushtaq Ali Trophy,1205772,Arunachal Pradesh,7,0,0,0,0,0.0,,0.0,0,0,0,0,0,0,0,0,0,0,0,0.0,0,0,0,0,0,0,0,0,0
['2019-11-11'],Syed Mushtaq Ali Trophy,1205762,Arunachal Pradesh,7,4,4,0,0,100.0,,0.0,0,0,0,0,0,0,0,0,0,0,0,0.0,0,0,0,0,0,4,0,0,4
['2019-11-09'],Syed Mushtaq Ali Trophy,1205736,Arunachal Pradesh,7,2,3,0,0,66.67,,0.0,0,0,0,0,0,0,0,0,0,0,0,0.0,0,0,0,0,0,2,0,0,2
['2019-11-08'],Syed Mushtaq Ali Trophy,1205718,Arunachal Pradesh,7,0,0,0,0,0.0,,0.0,0,0,0,0,0,0,0,0,0,0,0,0.0,0,0,0,0,0,0,0,0,0
['2019-02-28'],Syed Mushtaq Ali Trophy,1157188,Arunachal Pradesh,9,0,0,0,0,0.0,,0.0,0,0,0,0,0,0,0,0,0,0,0,0.0,0,0,0,0,0,0,0,0,0
['2019-02-27'],Syed Mushtaq Ali Trophy,1157171,Arunachal Pradesh,11,0,0,0,0,0.0,,0.0,0,0,0,0,0,0,0,0,0,0,0,0.0,0,0,0,0,0,0,0,0,0
['2019-02-25'],Syed Mushtaq Ali Trophy,1157153,Arunachal Pradesh,7,7,15,0,0,46.67,,0.0,0,0,0,0,0,0,0,0,0,0,0,0.0,0,0,0,0,-6,1,0,0,1
['2019-02-24'],Syed Mushtaq Ali Trophy,1157137,Arunachal Pradesh,3,0,1,0,0,0.0,,0.0,0,0,0,0,0,0,0,0,0,0,0,0.0,1,0,0,0,0,-2,0,8,6
['2019-02-21'],Syed Mushtaq Ali Trophy,1157102,Arunachal Pradesh,5,0,1,0,0,0.0,,0.0,0,0,0,0,0,0,0,0,0,0,0,0.0,0,0,0,0,0,-2,0,0,-2
