date,event,match_id,teamname,batting_position,runs,balls,fours,sixes,strike_rate,overs_bowled,overs,total_balls,dots,maidens,conceded,fours_conceded,sixes_conceded,wickets,LBW,Bowled,noballs,wides,economy_rate,catches,stumping,direct_hit,indirect_hit,strike_rate_fp,batting_fp,bowling_fp,fielding_fp,total_fp
['2021-01-26'],Syed Mushtaq Ali Trophy,1244402,Himachal,4,16,18,1,0,88.89,,0.0,0,0,0,0,0,0,0,0,0,0,0,0.0,0,0,0,0,0,20,0,0,20
['2021-01-18'],Syed Mushtaq Ali Trophy,1244390,Himachal,3,14,14,3,0,100.0,,0.0,0,0,0,0,0,0,0,0,0,0,0,0.0,2,0,0,0,0,26,0,16,42
['2021-01-16'],Syed Mushtaq Ali Trophy,1244369,Himachal,10,0,0,0,0,0.0,,0.0,0,0,0,0,0,0,0,0,0,0,0,0.0,0,0,0,0,0,0,0,0,0
['2021-01-14'],Syed Mushtaq Ali Trophy,1244351,Himachal,1,1,3,0,0,33.33,,0.0,0,0,0,0,0,0,0,0,0,0,0,0.0,0,0,0,0,0,1,0,0,1
['2021-01-12'],Syed Mushtaq Ali Trophy,1244333,Himachal,1,1,7,0,0,14.29,,0.0,0,0,0,0,0,0,0,0,0,0,0,0.0,0,0,0,0,0,1,0,0,1
['2021-01-10'],Syed Mushtaq Ali Trophy,1244313,Himachal,1,53,36,5,3,147.22,,0.0,0,0,0,0,0,0,0,0,0,0,0,0.0,0,0,0,0,2,101,0,0,101
