date,event,match_id,teamname,batting_position,runs,balls,fours,sixes,strike_rate,overs_bowled,overs,total_balls,dots,maidens,conceded,fours_conceded,sixes_conceded,wickets,LBW,Bowled,noballs,wides,economy_rate,catches,stumping,direct_hit,indirect_hit,strike_rate_fp,batting_fp,bowling_fp,fielding_fp,total_fp
['2013-11-26'],ICC World Twenty20 Qualifier,660207,Denmark,4,0,1,0,0,0.0,"8,10,15,17",4.0,24,9,0,33,3,1,0,0,0,0,1,8.25,1,0,0,0,0,-2,9,8,15
['2013-11-24'],ICC World Twenty20 Qualifier,660195,Denmark,4,14,11,2,0,127.27,"13,20",2.0,12,2,0,23,1,2,0,0,0,0,0,11.5,0,0,0,0,0,22,-2,0,20
['2013-11-19'],ICC World Twenty20 Qualifier,660143,Denmark,6,41,31,5,1,132.26,,0.0,0,0,0,0,0,0,0,0,0,0,0,0.0,0,0,0,0,2,73,0,0,73
['2013-11-18'],ICC World Twenty20 Qualifier,660135,Denmark,4,3,7,0,0,42.86,"8,10",1.167,7,3,0,5,0,0,1,0,0,0,0,4.28,0,0,1,0,0,3,28,12,43
['2013-11-16'],ICC World Twenty20 Qualifier,660111,Denmark,4,9,8,0,0,112.5,"9,11",2.0,12,5,0,9,1,0,0,0,0,0,0,4.5,0,0,0,0,0,9,11,0,20
['2013-11-15'],ICC World Twenty20 Qualifier,660097,Denmark,4,0,1,0,0,0.0,"12,14",1.167,7,4,0,4,0,0,2,0,0,0,0,3.43,0,0,0,0,0,-2,54,0,52
