date,event,match_id,teamname,batting_position,runs,balls,fours,sixes,strike_rate,overs_bowled,overs,total_balls,dots,maidens,conceded,fours_conceded,sixes_conceded,wickets,LBW,Bowled,noballs,wides,economy_rate,catches,stumping,direct_hit,indirect_hit,strike_rate_fp,batting_fp,bowling_fp,fielding_fp,total_fp
['2023-07-31'],ICC Men's T20 World Cup Asia B Qualifier,1383109,China,7,2,5,0,0,40.0,"2,4,6,19",4.0,24,15,0,18,1,0,2,1,1,0,3,4.5,0,0,0,0,0,2,87,0,89
['2023-07-30'],ICC Men's T20 World Cup Asia B Qualifier,1383106,China,7,1,3,0,0,33.33,"2,4,18",2.167,13,4,0,18,2,0,0,0,0,0,1,8.31,0,0,0,1,0,1,4,6,11
['2023-07-27'],ICC Men's T20 World Cup Asia B Qualifier,1383103,China,8,0,2,0,0,0.0,"2,4",2.0,12,7,0,7,0,0,1,0,1,0,1,3.5,0,0,0,0,0,-2,46,0,44
['2023-07-26'],ICC Men's T20 World Cup Asia B Qualifier,1383101,China,6,0,6,0,0,0.0,"2,4",2.0,12,8,0,5,0,0,1,0,1,0,1,2.5,0,0,0,0,0,-2,47,0,45
