date,event,match_id,teamname,batting_position,runs,balls,fours,sixes,strike_rate,overs_bowled,overs,total_balls,dots,maidens,conceded,fours_conceded,sixes_conceded,wickets,LBW,Bowled,noballs,wides,economy_rate,catches,stumping,direct_hit,indirect_hit,strike_rate_fp,batting_fp,bowling_fp,fielding_fp,total_fp
['2022-12-23'],Quadrangular Twenty20 Series (Malaysia),1349390,Singapore,2,0,2,0,0,0.0,,0.0,0,0,0,0,0,0,0,0,0,0,0,0.0,0,0,0,0,0,-2,0,0,-2
['2022-12-22'],Quadrangular Twenty20 Series (Malaysia),1349388,Singapore,2,6,6,1,0,100.0,,0.0,0,0,0,0,0,0,0,0,0,0,0,0.0,1,0,0,0,0,10,0,8,18
['2022-12-21'],Quadrangular Twenty20 Series (Malaysia),1349386,Singapore,1,67,55,5,1,121.82,,0.0,0,0,0,0,0,0,0,0,0,0,0,0.0,0,0,0,0,0,101,0,0,101
['2022-12-19'],Quadrangular Twenty20 Series (Malaysia),1349384,Singapore,7,14,11,2,0,127.27,,0.0,0,0,0,0,0,0,0,0,0,0,0,0.0,0,0,0,0,0,22,0,0,22
['2022-12-18'],Quadrangular Twenty20 Series (Malaysia),1349383,Singapore,8,7,20,0,0,35.0,,0.0,0,0,0,0,0,0,0,0,0,0,0,0.0,0,0,0,0,-6,1,0,0,1
['2022-12-15'],Quadrangular Twenty20 Series (Malaysia),1349379,Singapore,8,22,21,1,0,104.76,,0.0,0,0,0,0,0,0,0,0,0,0,0,0.0,0,0,0,0,0,26,0,0,26
['2022-07-24'],ICC Men's T20 World Cup Sub Regional Europe Qualifier,1321284,France,8,1,2,0,0,50.0,,0.0,0,0,0,0,0,0,0,0,0,0,0,0.0,1,0,0,0,0,1,0,8,9
