date,event,match_id,teamname,batting_position,runs,balls,fours,sixes,strike_rate,overs_bowled,overs,total_balls,dots,maidens,conceded,fours_conceded,sixes_conceded,wickets,LBW,Bowled,noballs,wides,economy_rate,catches,stumping,direct_hit,indirect_hit,strike_rate_fp,batting_fp,bowling_fp,fielding_fp,total_fp
['2024-06-15'],ICC Men's T20 World Cup Sub Regional Europe Qualifier,1436488,Hungary,8,7,6,0,0,116.67,,0.0,0,0,0,0,0,0,0,0,0,0,0,0.0,0,0,0,0,0,7,0,0,7
['2024-06-13'],ICC Men's T20 World Cup Sub Regional Europe Qualifier,1436483,Hungary,6,0,2,0,0,0.0,13,0.167,1,0,0,1,0,0,0,0,0,0,0,5.99,0,0,0,0,0,-2,0,0,-2
['2024-06-12'],ICC Men's T20 World Cup Sub Regional Europe Qualifier,1436482,Hungary,8,24,19,0,1,126.32,,0.0,0,0,0,0,0,0,0,0,0,0,0,0.0,0,0,0,0,0,30,0,0,30
['2024-06-09'],ICC Men's T20 World Cup Sub Regional Europe Qualifier,1436472,Hungary,10,0,0,0,0,0.0,15,1.0,6,0,0,12,2,0,0,0,0,0,0,12.0,1,0,0,0,0,0,0,8,8
['2024-05-26'],Continental Cup,1434162,Hungary,5,0,0,0,0,0.0,"8,15,17",3.0,18,5,0,45,4,3,0,0,0,0,4,15.0,0,0,0,0,0,0,-1,0,-1
['2023-06-11'],Hungary tour of Czech Republic,1380586,Hungary,10,2,2,0,0,100.0,,0.0,0,0,0,0,0,0,0,0,0,0,0,0.0,0,0,0,0,0,2,0,0,2
['2022-07-01'],ICC Men's T20 World Cup Sub Regional Europe Qualifier Group C,1320978,Hungary,10,2,6,0,0,33.33,"2,4",2.0,12,6,0,11,1,0,1,0,0,0,2,5.5,0,0,0,0,0,2,35,0,37
['2022-06-29'],ICC Men's T20 World Cup Sub Regional Europe Qualifier Group C,1320976,Hungary,10,1,2,0,0,50.0,"2,4",2.0,12,7,0,15,2,0,2,0,0,0,3,7.5,0,0,0,0,0,1,57,0,58
['2021-09-03'],Continental Cup,1275272,Hungary,11,3,3,0,0,100.0,"4,6",2.0,12,8,0,18,1,1,0,0,0,0,6,9.0,0,0,0,0,0,3,8,0,11
