date,event,match_id,teamname,batting_position,runs,balls,fours,sixes,strike_rate,overs_bowled,overs,total_balls,dots,maidens,conceded,fours_conceded,sixes_conceded,wickets,LBW,Bowled,noballs,wides,economy_rate,catches,stumping,direct_hit,indirect_hit,strike_rate_fp,batting_fp,bowling_fp,fielding_fp,total_fp
['2022-12-06'],ICC Men's T20 World Cup Sub Regional Africa Qualifier,1343785,Sierra Leone,4,6,4,1,0,150.0,,0.0,0,0,0,0,0,0,0,0,0,0,0,0.0,0,0,0,1,0,10,0,6,16
['2022-12-05'],ICC Men's T20 World Cup Sub Regional Africa Qualifier,1343781,Sierra Leone,8,0,0,0,0,0.0,5,1.0,6,3,0,4,1,0,2,0,1,0,0,4.0,0,0,0,0,0,0,61,0,61
['2022-12-05'],ICC Men's T20 World Cup Sub Regional Africa Qualifier,1343783,Sierra Leone,8,0,0,0,0,0.0,"12,14,16,18",4.0,24,6,0,27,0,1,1,0,1,0,0,6.75,0,0,0,0,0,0,41,0,41
['2022-12-02'],ICC Men's T20 World Cup Sub Regional Africa Qualifier,1343772,Sierra Leone,9,0,1,0,0,0.0,13,0.5,3,1,0,3,0,0,0,0,0,0,0,6.0,0,0,0,0,0,-2,1,0,-1
['2022-12-01'],ICC Men's T20 World Cup Sub Regional Africa Qualifier,1343768,Sierra Leone,7,0,1,0,0,0.0,8,0.5,3,1,0,3,0,0,0,0,0,0,0,6.0,0,0,0,0,0,-2,1,0,-1
