date,event,match_id,teamname,batting_position,runs,balls,fours,sixes,strike_rate,overs_bowled,overs,total_balls,dots,maidens,conceded,fours_conceded,sixes_conceded,wickets,LBW,Bowled,noballs,wides,economy_rate,catches,stumping,direct_hit,indirect_hit,strike_rate_fp,batting_fp,bowling_fp,fielding_fp,total_fp
['2015-07-23'],NatWest T20 Blast,804681,Middlesex,11,0,0,0,0,0.0,"2,17,19",3.0,18,5,0,25,3,0,0,0,0,2,1,8.33,0,0,0,0,0,0,5,0,5
['2015-07-17'],NatWest T20 Blast,804667,Middlesex,11,0,0,0,0,0.0,"1,3,15,19",3.667,22,11,0,19,3,0,1,0,1,0,0,5.18,0,0,0,0,0,0,48,0,48
['2015-07-03'],NatWest T20 Blast,804623,Middlesex,11,1,3,0,0,33.33,"1,4,6",3.0,18,9,0,14,0,1,1,0,1,0,0,4.67,0,0,0,0,0,1,48,0,49
['2014-06-20'],NatWest T20 Blast,693129,Middlesex,10,0,0,0,0,0.0,"1,3,17,20",3.667,22,7,0,41,3,3,1,0,0,0,1,11.18,1,0,0,0,0,0,28,8,36
['2014-06-18'],NatWest T20 Blast,693113,Middlesex,10,0,0,0,0,0.0,"1,5,17,19",4.0,24,9,0,34,4,1,1,0,1,0,1,8.5,0,0,0,0,0,0,42,0,42
