_id,Player Occupation,Total Runs Scored in all matches combined,strike rate in all matches combined,no. of fours/ no. of balls played,no. of sixes/ no. of balls played,highest runs scored in a match,Balls Played till now,no. of dot_balls/ no. of balls played,maiden_overs/ floor(overs played),run conceded/ no. of balls played,Average Economy Rate,no. of wickets/ no. of balls played,highest wickets taken in a match,total_centuries,total_halfcenturies
48739,0,2915,148.49719816607234,0.1553744268976057,0.052980132450331126,109,1963,0.3413143148242486,0.0,0.0,0.0,0.0,0,1,35
15887,2,2314,134.14492753623188,0.14956521739130435,0.030144927536231884,101,1725,0.3397101449275362,0.0,2.0,5.0,0.1111111111111111,1,1,23
47078,2,157,121.70542635658914,0.11627906976744186,0.023255813953488372,52,129,0.32558139534883723,0.0,1.0303030303030303,5.0,0.10101010101010101,3,0,1
7716,2,709,144.1056910569106,0.11585365853658537,0.08333333333333333,58,492,0.3780487804878049,0.0,1.2,5.0,0.12,4,0,5
64479,2,237,143.63636363636363,0.08484848484848485,0.06666666666666667,59,165,0.24848484848484848,0.0,1.5833333333333333,5.0,0.08333333333333333,1,0,2
49028,2,37,185.0,0.1,0.15,37,20,0.3,0.0,1.4583333333333333,5.0,0.08333333333333333,2,0,0
12701,0,417,137.17105263157893,0.1118421052631579,0.07894736842105263,94,304,0.4144736842105263,0.0,0.0,0.0,0.0,0,0,3
47347,2,62,213.79310344827584,0.10344827586206896,0.1724137931034483,35,29,0.20689655172413793,0.0,1.263157894736842,5.0,0.06140350877192982,2,0,0
54282,2,27,103.84615384615385,0.11538461538461539,0.0,27,26,0.38461538461538464,0.06896551724137931,1.0670470756062767,5.0,0.07988587731811697,5,0,0
7804,1,0,0.0,0.0,0.0,0,0,0.0,0.01639344262295082,1.0673854447439353,5.0,0.0862533692722372,4,0,0
79159,2,149,215.94202898550722,0.11594202898550725,0.21739130434782608,79,69,0.36231884057971014,0.017094017094017096,1.0905233380480905,5.0,0.08486562942008487,4,0,1
7568,2,1609,154.8604427333975,0.11453320500481232,0.11934552454282965,102,1039,0.4215591915303176,0.0,1.1818181818181819,5.0,0.12121212121212122,3,1,14
59601,0,438,136.4485981308411,0.16822429906542055,0.024922118380062305,77,321,0.35202492211838005,0.0,0.0,0.0,0.0,0,0,2
66190,0,89,296.6666666666667,0.26666666666666666,0.26666666666666666,89,30,0.23333333333333334,0.0,0.0,0.0,0.0,0,0,1
51482,0,299,134.6846846846847,0.15315315315315314,0.036036036036036036,63,222,0.33783783783783783,0.0,0.0,0.0,0.0,0,0,2
10125,2,1595,160.140562248996,0.15562248995983935,0.08835341365461848,117,996,0.36244979919678716,0.0,1.0948012232415902,5.0,0.08868501529051988,3,1,16
61479,-1,0,0.0,0.0,0.0,0,0,0.0,0.0,0.0,0.0,0.0,0,0,0
10553,2,231,150.0,0.1038961038961039,0.06493506493506493,48,154,0.2857142857142857,0.0,1.5333333333333334,5.0,0.1,2,0,0
51455,2,8,160.0,0.2,0.0,8,5,0.2,0.0,1.1448275862068966,5.0,0.09655172413793103,4,0,0
62490,1,0,0.0,0.0,0.0,0,0,0.0,0.0,2.0,5.0,0.1,2,0,0
61325,1,0,0.0,0.0,0.0,0,0,0.0,0.018292682926829267,1.1385237613751265,5.0,0.09302325581395349,5,0,0
66085,1,0,0.0,0.0,0.0,0,0,0.0,0.5,1.1176470588235294,5.0,0.058823529411764705,1,0,0
51096,0,1622,129.656274980016,0.13269384492406075,0.027977617905675458,84,1251,0.32214228617106316,0.0,0.0,0.0,0.0,0,0,15
59599,0,951,142.57871064467767,0.13943028485757122,0.049475262368815595,89,667,0.32233883058470764,0.0,0.0,0.0,0.0,0,0,8
50281,0,834,130.92621664050233,0.11930926216640503,0.03610675039246468,84,637,0.3281004709576138,0.0,0.0,0.0,0.0,0,0,5
53320,2,446,154.32525951557093,0.14186851211072665,0.058823529411764705,107,289,0.2837370242214533,0.09523809523809523,1.0793650793650793,5.0,0.1111111111111111,3,2,3
7593,0,1313,151.09321058688147,0.09781357882623705,0.08745684695051784,84,869,0.31070195627157654,0.0,0.0,0.0,0.0,0,0,10
47624,0,455,114.60957178841309,0.11335012594458438,0.030226700251889168,61,397,0.3954659949622166,0.0,0.0,0.0,0.0,0,0,4
7520,2,39,105.40540540540539,0.02702702702702703,0.05405405405405406,23,37,0.35135135135135137,0.0,1.125,5.0,0.10096153846153846,4,0,0
62022,2,39,195.0,0.05,0.15,39,20,0.15,0.0851063829787234,1.1099290780141844,5.0,0.09929078014184398,4,0,0
58435,1,0,0.0,0.0,0.0,0,0,0.0,0.0,1.0454545454545454,5.0,0.09090909090909091,3,0,0
48965,1,0,0.0,0.0,0.0,0,0,0.0,0.0,1.1253918495297806,5.0,0.08150470219435736,4,0,0
19422,1,0,0.0,0.0,0.0,0,0,0.0,0.0,0.9576923076923077,5.0,0.11153846153846154,4,0,0
9900,0,875,127.73722627737227,0.16642335766423358,0.020437956204379562,70,685,0.38248175182481753,0.0,0.0,0.0,0.0,0,0,7
53271,0,1350,168.11955168119553,0.1656288916562889,0.08343711083437111,107,803,0.32627646326276466,0.0,0.0,0.0,0.0,0,3,13
48405,2,2252,138.24432166973602,0.1289134438305709,0.057704112952731736,105,1629,0.3474524248004911,0.0,0.8333333333333334,5.0,0.15151515151515152,4,1,20
70411,2,863,146.02368866328257,0.12690355329949238,0.07445008460236886,85,591,0.34856175972927245,0.0,0.8055555555555556,5.0,0.08333333333333333,2,0,10
8999,0,1497,132.24381625441697,0.11307420494699646,0.053003533568904596,100,1132,0.3365724381625442,0.0,0.0,0.0,0.0,0,1,10
63224,2,366,157.75862068965517,0.1853448275862069,0.05603448275862069,45,232,0.3448275862068966,0.022222222222222223,0.945054945054945,5.0,0.10256410256410256,3,0,0
49040,2,824,196.65871121718376,0.10978520286396182,0.16945107398568018,87,419,0.2840095465393795,0.0,1.2687224669603525,5.0,0.1013215859030837,4,0,9
70633,2,469,156.8561872909699,0.15719063545150502,0.07357859531772576,91,299,0.31438127090301005,0.0,1.2058823529411764,5.0,0.09243697478991597,3,0,3
49108,1,0,0.0,0.0,0.0,0,0,0.0,0.0,1.1541666666666666,5.0,0.07916666666666666,3,0,0
53716,1,0,0.0,0.0,0.0,0,0,0.0,0.0,1.1372549019607843,5.0,0.11274509803921569,4,0,0
70640,2,16,145.45454545454547,0.0,0.09090909090909091,16,11,0.18181818181818182,0.020618556701030927,1.029109589041096,5.0,0.0976027397260274,4,0,0
52290,0,291,171.17647058823528,0.18823529411764706,0.07647058823529412,91,170,0.3058823529411765,0.0,0.0,0.0,0.0,0,0,3
10384,0,964,147.8527607361963,0.1579754601226994,0.06595092024539877,81,652,0.3773006134969325,0.0,0.0,0.0,0.0,0,0,6
15716,2,1475,146.91235059760956,0.150398406374502,0.053784860557768925,87,1004,0.31175298804780877,0.0,0.9473684210526315,5.0,0.11842105263157894,2,0,13
35812,0,605,135.3467561521253,0.15212527964205816,0.042505592841163314,74,447,0.38478747203579416,0.0,0.0,0.0,0.0,0,0,6
8813,0,1203,149.25558312655087,0.16129032258064516,0.04466501240694789,83,806,0.29156327543424315,0.0,0.0,0.0,0.0,0,0,9
45554,2,944,155.008210180624,0.1510673234811166,0.090311986863711,87,609,0.4220032840722496,0.0,1.4,5.0,0.13333333333333333,2,0,11
53549,1,0,0.0,0.0,0.0,0,0,0.0,0.0,1.3866666666666667,5.0,0.08,3,0,0
48319,2,18,120.0,0.06666666666666667,0.13333333333333333,18,15,0.6666666666666666,0.07936507936507936,0.9396325459317585,5.0,0.07611548556430446,3,0,0
7458,1,0,0.0,0.0,0.0,0,0,0.0,0.0,1.2182539682539681,5.0,0.09523809523809523,4,0,0
51098,2,28,147.36842105263156,0.0,0.10526315789473684,28,19,0.21052631578947367,0.08888888888888889,1.1094890510948905,5.0,0.08759124087591241,4,0,0
84649,1,0,0.0,0.0,0.0,0,0,0.0,0.0,1.0625,5.0,0.0625,2,0,0
7773,0,1867,128.14001372683597,0.15305422100205904,0.011667810569663692,90,1457,0.3287577213452299,0.0,0.0,0.0,0.0,0,0,20
54340,0,597,155.8746736292428,0.15404699738903394,0.08093994778067885,93,383,0.3577023498694517,0.0,0.0,0.0,0.0,0,0,6
8742,0,2093,143.6513383665065,0.1455044612216884,0.05628002745367193,87,1457,0.3575840768702814,0.0,0.0,0.0,0.0,0,0,15
51454,0,1258,136.2946912242687,0.11592632719393282,0.050920910075839654,94,923,0.3261105092091008,0.0,0.0,0.0,0.0,0,0,10
15473,2,1392,170.79754601226992,0.13496932515337423,0.10797546012269939,100,815,0.3006134969325153,0.0,1.115702479338843,5.0,0.09917355371900827,2,1,11
61990,0,1264,167.86188579017264,0.17264276228419656,0.07569721115537849,102,753,0.29349269588313415,0.0,0.0,0.0,0.0,0,1,14
49496,1,0,0.0,0.0,0.0,0,0,0.0,0.0,1.212962962962963,5.0,0.12037037037037036,3,0,0
47185,2,34,109.6774193548387,0.0967741935483871,0.06451612903225806,21,31,0.5483870967741935,0.0,1.1081081081081081,5.0,0.08108108108108109,4,0,0
67609,1,0,0.0,0.0,0.0,0,0,0.0,0.0,1.2751937984496124,5.0,0.08914728682170543,4,0,0
49039,2,275,223.57723577235774,0.23577235772357724,0.17073170731707318,54,123,0.3821138211382114,0.018691588785046728,0.9689922480620154,5.0,0.08527131782945736,4,0,2
51092,1,0,0.0,0.0,0.0,0,0,0.0,0.04819277108433735,1.1546184738955823,5.0,0.0783132530120482,3,0,0
9952,0,74,127.58620689655173,0.08620689655172414,0.05172413793103448,58,58,0.3275862068965517,0.0,0.0,0.0,0.0,0,0,1
66358,0,351,169.56521739130434,0.17391304347826086,0.07246376811594203,95,207,0.3333333333333333,0.0,0.0,0.0,0.0,0,0,2
51216,0,754,135.12544802867384,0.15232974910394265,0.03046594982078853,68,558,0.34229390681003585,0.0,0.0,0.0,0.0,0,0,7
67455,2,370,143.96887159533074,0.09727626459143969,0.07782101167315175,57,257,0.3229571984435798,0.0,1.061705989110708,5.0,0.0780399274047187,4,0,1
54222,2,787,176.457399103139,0.1681614349775785,0.08744394618834081,95,446,0.273542600896861,0.0,1.2916666666666667,5.0,0.09375,2,0,7
53891,0,1257,164.31372549019608,0.11372549019607843,0.09542483660130718,101,765,0.27058823529411763,0.0,0.0,0.0,0.0,0,1,13
54212,2,558,163.1578947368421,0.14327485380116958,0.08771929824561403,124,342,0.30701754385964913,0.0,1.5833333333333333,5.0,0.125,3,1,4
49096,1,0,0.0,0.0,0.0,0,0,0.0,0.0,1.5555555555555556,5.0,0.1111111111111111,2,0,0
66722,1,0,0.0,0.0,0.0,0,0,0.0,0.0,1.270103092783505,5.0,0.11134020618556702,5,0,0
61797,1,0,0.0,0.0,0.0,0,0,0.0,0.05263157894736842,1.1973684210526316,5.0,0.08333333333333333,4,0,0
79597,1,0,0.0,0.0,0.0,0,0,0.0,0.045454545454545456,1.2954545454545454,5.0,0.08333333333333333,4,0,0
44853,2,25,192.30769230769232,0.07692307692307693,0.15384615384615385,25,13,0.23076923076923078,0.0,1.3680555555555556,5.0,0.0763888888888889,2,0,0
95219,1,0,0.0,0.0,0.0,0,0,0.0,0.01282051282051282,1.0533049040511726,5.0,0.08528784648187633,4,0,0
75995,-1,0,0.0,0.0,0.0,0,0,0.0,0.0,0.0,0.0,0.0,0,0,0
66253,2,21,91.30434782608695,0.08695652173913043,0.0,21,23,0.34782608695652173,0.0,1.0625,5.0,0.09659090909090909,3,0,0
51050,2,33,132.0,0.12,0.04,33,25,0.32,0.0,1.2173913043478262,5.0,0.09937888198757763,3,0,0
66371,1,0,0.0,0.0,0.0,0,0,0.0,0.0,1.2083333333333333,5.0,0.08333333333333333,2,0,0
55296,0,35,129.62962962962962,0.1111111111111111,0.07407407407407407,35,27,0.4074074074074074,0.0,0.0,0.0,0.0,0,0,0
52241,0,106,165.625,0.0625,0.109375,56,64,0.234375,0.0,0.0,0.0,0.0,0,0,1
59600,0,485,151.5625,0.16875,0.053125,83,320,0.33125,0.0,0.0,0.0,0.0,0,0,5
60806,0,1576,153.0097087378641,0.11844660194174757,0.07766990291262135,119,1030,0.30097087378640774,0.0,0.0,0.0,0.0,0,1,13
86165,0,1296,155.58223289315725,0.1404561824729892,0.07683073229291716,97,833,0.32292917166866747,0.0,0.0,0.0,0.0,0,0,8
61832,2,221,202.75229357798165,0.11926605504587157,0.1559633027522936,82,109,0.22935779816513763,0.0,1.1272727272727272,5.0,0.09545454545454546,4,0,2
62457,1,0,0.0,0.0,0.0,0,0,0.0,0.0,1.4883720930232558,5.0,0.10465116279069768,3,0,0
64244,2,155,254.0983606557377,0.14754098360655737,0.26229508196721313,66,61,0.29508196721311475,0.015625,1.3316195372750643,5.0,0.08226221079691516,4,0,2
12562,2,75,92.5925925925926,0.1111111111111111,0.0,31,81,0.41975308641975306,0.02158273381294964,1.0227817745803358,5.0,0.09592326139088729,5,0,0
15308,1,0,0.0,0.0,0.0,0,0,0.0,0.0,1.0833333333333333,5.0,0.07575757575757576,2,0,0
7678,1,0,0.0,0.0,0.0,0,0,0.0,0.014925373134328358,1.108641975308642,5.0,0.09876543209876543,4,0,0
75993,1,0,0.0,0.0,0.0,0,0,0.0,0.0,1.2975206611570247,5.0,0.10743801652892562,3,0,0
96752,-1,0,0.0,0.0,0.0,0,0,0.0,0.0,0.0,0.0,0.0,0,0,0
7139,2,118,171.0144927536232,0.13043478260869565,0.13043478260869565,64,69,0.391304347826087,0.02830188679245283,1.0608424336973479,5.0,0.08892355694227769,5,0,1
45105,2,17,106.25,0.0625,0.0625,17,16,0.4375,0.026785714285714284,1.0460624071322437,5.0,0.09212481426448738,4,0,0
69114,1,0,0.0,0.0,0.0,0,0,0.0,0.05263157894736842,1.2894736842105263,5.0,0.08771929824561403,3,0,0
57444,1,0,0.0,0.0,0.0,0,0,0.0,0.0,1.4077669902912622,5.0,0.07766990291262135,2,0,0
46533,0,1523,161.33474576271186,0.13241525423728814,0.0847457627118644,90,944,0.2955508474576271,0.0,0.0,0.0,0.0,0,0,16
46933,0,1637,145.6405693950178,0.13701067615658363,0.05516014234875445,87,1124,0.3104982206405694,0.0,0.0,0.0,0.0,0,0,16
61999,0,717,158.6283185840708,0.16592920353982302,0.07079646017699115,93,452,0.334070796460177,0.0,0.0,0.0,0.0,0,0,7
51057,2,181,179.20792079207922,0.15841584158415842,0.10891089108910891,95,101,0.3069306930693069,0.0,1.5416666666666667,5.0,0.08333333333333333,1,0,1
63509,0,326,139.91416309012877,0.13304721030042918,0.055793991416309016,63,233,0.33476394849785407,0.0,0.0,0.0,0.0,0,0,5
54674,1,0,0.0,0.0,0.0,0,0,0.0,0.0,1.295774647887324,5.0,0.07042253521126761,3,0,0
47231,2,99,128.57142857142858,0.1038961038961039,0.06493506493506493,37,77,0.37662337662337664,0.0,0.5882352941176471,5.0,0.11764705882352941,3,0,0
58274,1,0,0.0,0.0,0.0,0,0,0.0,0.0,1.182051282051282,5.0,0.08461538461538462,3,0,0
49327,1,0,0.0,0.0,0.0,0,0,0.0,0.0,1.2655889145496535,5.0,0.08314087759815242,5,0,0
49752,0,2887,141.17359413202934,0.1310513447432763,0.0488997555012225,108,2045,0.31149144254278727,0.0,0.0,0.0,0.0,0,2,24
45772,1,0,0.0,0.0,0.0,0,0,0.0,0.14285714285714285,0.9047619047619048,5.0,0.14285714285714285,4,0,0
75325,0,895,160.3942652329749,0.13978494623655913,0.08960573476702509,99,558,0.3279569892473118,0.0,0.0,0.0,0.0,0,0,10
49247,2,522,130.5,0.1025,0.0425,50,400,0.3225,0.011494252873563218,1.0549242424242424,5.0,0.10795454545454546,5,0,1
62500,1,0,0.0,0.0,0.0,0,0,0.0,0.0,1.3666666666666667,5.0,0.075,2,0,0
60609,1,0,0.0,0.0,0.0,0,0,0.0,0.0,0.9333333333333333,5.0,0.06666666666666667,2,0,0
63477,2,24,126.3157894736842,0.10526315789473684,0.05263157894736842,24,19,0.3684210526315789,0.0,1.457236842105263,5.0,0.10197368421052631,4,0,0
64402,1,0,0.0,0.0,0.0,0,0,0.0,0.027777777777777776,0.9634703196347032,5.0,0.0958904109589041,4,0,0
71331,0,1082,139.79328165374676,0.14082687338501293,0.04392764857881137,96,774,0.3178294573643411,0.0,0.0,0.0,0.0,0,0,11
47055,0,439,135.91331269349845,0.1021671826625387,0.07430340557275542,66,323,0.3653250773993808,0.0,0.0,0.0,0.0,0,0,2
77835,1,0,0.0,0.0,0.0,0,0,0.0,0.0,1.0,5.0,0.08333333333333333,2,0,0
47100,1,0,0.0,0.0,0.0,0,0,0.0,0.038461538461538464,0.9,5.0,0.10625,4,0,0
62153,-1,0,0.0,0.0,0.0,0,0,0.0,0.0,0.0,0.0,0.0,0,0,0
59261,2,24,141.1764705882353,0.11764705882352941,0.058823529411764705,24,17,0.35294117647058826,0.022222222222222223,1.4259259259259258,5.0,0.09259259259259259,5,0,0
47023,2,154,128.33333333333334,0.016666666666666666,0.08333333333333333,40,120,0.25833333333333336,0.0,1.2254901960784315,5.0,0.08823529411764706,3,0,0
63646,1,0,0.0,0.0,0.0,0,0,0.0,0.02702702702702703,1.2027027027027026,5.0,0.07882882882882883,4,0,0
49958,1,0,0.0,0.0,0.0,0,0,0.0,0.045454545454545456,1.2014925373134329,5.0,0.05970149253731343,2,0,0
46888,2,48,165.51724137931035,0.13793103448275862,0.10344827586206896,31,29,0.3103448275862069,0.0,0.84375,5.0,0.15625,4,0,0
66726,1,0,0.0,0.0,0.0,0,0,0.0,0.0,1.4166666666666667,5.0,0.08333333333333333,2,0,0
54283,1,0,0.0,0.0,0.0,0,0,0.0,0.05555555555555555,1.08675799086758,5.0,0.0776255707762557,3,0,0
51088,0,825,136.58940397350995,0.1076158940397351,0.04966887417218543,84,604,0.2913907284768212,0.0,0.0,0.0,0.0,0,0,11
87477,1,0,0.0,0.0,0.0,0,0,0.0,0.02531645569620253,1.3016877637130801,5.0,0.08860759493670886,4,0,0
62051,1,0,0.0,0.0,0.0,0,0,0.0,0.0,1.0416666666666667,5.0,0.041666666666666664,1,0,0
10129,0,946,145.53846153846152,0.1523076923076923,0.04923076923076923,95,650,0.32,0.0,0.0,0.0,0.0,0,0,11
66725,2,104,113.04347826086956,0.15217391304347827,0.010869565217391304,65,92,0.391304347826087,0.0,1.0666666666666667,5.0,0.13333333333333333,2,0,1
48277,2,73,173.80952380952382,0.19047619047619047,0.07142857142857142,46,42,0.23809523809523808,0.0,1.2222222222222223,5.0,0.08080808080808081,2,0,0
50483,2,67,167.5,0.1,0.1,35,40,0.25,0.047619047619047616,1.1468253968253967,5.0,0.0992063492063492,3,0,0
10130,1,0,0.0,0.0,0.0,0,0,0.0,0.02631578947368421,1.1535087719298245,5.0,0.09649122807017543,3,0,0
67296,2,44,112.82051282051282,0.10256410256410256,0.02564102564102564,44,39,0.3333333333333333,0.0,1.1364522417153997,5.0,0.09746588693957114,4,0,0
75311,2,87,167.30769230769232,0.19230769230769232,0.057692307692307696,40,52,0.2692307692307692,0.0,0.8492063492063492,5.0,0.07936507936507936,3,0,0
64767,-1,0,0.0,0.0,0.0,0,0,0.0,0.0,0.0,0.0,0.0,0,0,0
96401,-1,0,0.0,0.0,0.0,0,0,0.0,0.0,0.0,0.0,0.0,0,0,0
81195,-1,0,0.0,0.0,0.0,0,0,0.0,0.0,0.0,0.0,0.0,0,0,0
15731,2,71,133.96226415094338,0.05660377358490566,0.07547169811320754,39,53,0.2830188679245283,0.0,1.189102564102564,5.0,0.09294871794871795,4,0,0
51054,-1,0,0.0,0.0,0.0,0,0,0.0,0.0,0.0,0.0,0.0,0,0,0
96768,-1,0,0.0,0.0,0.0,0,0,0.0,0.0,0.0,0.0,0.0,0,0,0
49357,-1,0,0.0,0.0,0.0,0,0,0.0,0.0,0.0,0.0,0.0,0,0,0
54385,-1,0,0.0,0.0,0.0,0,0,0.0,0.0,0.0,0.0,0.0,0,0,0
48927,0,50,185.1851851851852,0.2222222222222222,0.1111111111111111,50,27,0.37037037037037035,0.0,0.0,0.0,0.0,0,0,1
58299,1,0,0.0,0.0,0.0,0,0,0.0,0.0,1.8309859154929577,5.0,0.09859154929577464,2,0,0
11399,2,264,156.2130177514793,0.09467455621301775,0.09467455621301775,60,169,0.3076923076923077,0.06818181818181818,1.070631970260223,5.0,0.06691449814126393,2,0,1
51181,1,0,0.0,0.0,0.0,0,0,0.0,0.047619047619047616,1.1666666666666667,5.0,0.1111111111111111,3,0,0
10238,2,26,108.33333333333333,0.08333333333333333,0.041666666666666664,26,24,0.5,0.0,0.4166666666666667,5.0,0.08333333333333333,1,0,0
45256,0,381,140.59040590405905,0.13284132841328414,0.06273062730627306,100,271,0.3837638376383764,0.0,0.0,0.0,0.0,0,1,4
60628,2,424,148.7719298245614,0.13333333333333333,0.08070175438596491,53,285,0.37894736842105264,0.0,1.1533333333333333,5.0,0.06666666666666667,3,0,1
64947,-1,0,0.0,0.0,0.0,0,0,0.0,0.0,0.0,0.0,0.0,0,0,0
15317,0,336,123.07692307692308,0.0695970695970696,0.054945054945054944,50,273,0.32234432234432236,0.0,0.0,0.0,0.0,0,0,1
10556,2,51,110.86956521739131,0.08695652173913043,0.021739130434782608,26,46,0.34782608695652173,0.019230769230769232,1.1794871794871795,5.0,0.09935897435897435,4,0,0
59260,1,0,0.0,0.0,0.0,0,0,0.0,0.0,1.3932346723044398,5.0,0.09302325581395349,4,0,0
73507,2,12,300.0,0.0,0.5,12,4,0.5,0.030303030303030304,1.1527093596059113,5.0,0.12807881773399016,4,0,0
51189,-1,0,0.0,0.0,0.0,0,0,0.0,0.0,0.0,0.0,0.0,0,0,0
51421,1,0,0.0,0.0,0.0,0,0,0.0,0.058823529411764705,1.2476190476190476,5.0,0.10476190476190476,4,0,0
61413,0,150,154.63917525773198,0.12371134020618557,0.09278350515463918,55,97,0.35051546391752575,0.0,0.0,0.0,0.0,0,0,1
96617,1,0,0.0,0.0,0.0,0,0,0.0,0.0,1.2575757575757576,5.0,0.09090909090909091,4,0,0
45257,2,295,131.69642857142858,0.11607142857142858,0.0625,70,224,0.41964285714285715,0.01,1.1148086522462561,5.0,0.09484193011647254,3,0,3
56993,1,0,0.0,0.0,0.0,0,0,0.0,0.0,0.5833333333333334,5.0,0.20833333333333334,5,0,0
60530,0,2036,140.70490670352453,0.1161022805805114,0.05597788527988943,98,1447,0.3075328265376641,0.0,0.0,0.0,0.0,0,0,22
12894,2,101,165.5737704918033,0.11475409836065574,0.09836065573770492,45,61,0.2786885245901639,0.012903225806451613,1.025695931477516,5.0,0.08029978586723768,3,0,0
90165,1,0,0.0,0.0,0.0,0,0,0.0,0.0,1.4166666666666667,5.0,0.08333333333333333,2,0,0
49106,-1,0,0.0,0.0,0.0,0,0,0.0,0.0,0.0,0.0,0.0,0,0,0
75591,0,357,168.39622641509433,0.1320754716981132,0.10849056603773585,67,212,0.30660377358490565,0.0,0.0,0.0,0.0,0,0,4
51012,2,795,204.3701799485861,0.13624678663239073,0.18766066838046272,70,389,0.3496143958868895,0.0,1.3104693140794224,5.0,0.10830324909747292,4,0,6
58406,0,1231,144.14519906323184,0.16744730679156908,0.040983606557377046,108,854,0.33021077283372363,0.0,0.0,0.0,0.0,0,1,11
71335,0,112,140.0,0.125,0.0375,67,80,0.25,0.0,0.0,0.0,0.0,0,0,1
96758,-1,0,0.0,0.0,0.0,0,0,0.0,0.0,0.0,0.0,0.0,0,0,0
53268,2,44,176.0,0.08,0.16,44,25,0.28,0.0,1.6666666666666667,5.0,0.16666666666666666,1,0,0
60737,2,23,176.9230769230769,0.07692307692307693,0.15384615384615385,23,13,0.23076923076923078,0.0,1.0555555555555556,5.0,0.08333333333333333,2,0,0
56596,1,0,0.0,0.0,0.0,0,0,0.0,0.0,1.194331983805668,5.0,0.08502024291497975,4,0,0
53439,1,0,0.0,0.0,0.0,0,0,0.0,0.0,1.4583333333333333,5.0,0.16666666666666666,2,0,0
67312,2,54,150.0,0.05555555555555555,0.08333333333333333,54,36,0.25,0.0,1.7,5.0,0.125,3,0,1
68065,-1,0,0.0,0.0,0.0,0,0,0.0,0.0,0.0,0.0,0.0,0,0,0
95316,0,1212,136.02693602693603,0.1324354657687991,0.037037037037037035,104,891,0.31200897867564537,0.0,0.0,0.0,0.0,0,1,11
96417,1,0,0.0,0.0,0.0,0,0,0.0,0.05555555555555555,0.908256880733945,5.0,0.09174311926605505,4,0,0
49342,0,814,126.3975155279503,0.12422360248447205,0.040372670807453416,89,644,0.40062111801242234,0.0,0.0,0.0,0.0,0,0,7
61634,0,292,166.85714285714286,0.08571428571428572,0.11428571428571428,64,175,0.24571428571428572,0.0,0.0,0.0,0.0,0,0,2
71341,-1,0,0.0,0.0,0.0,0,0,0.0,0.0,0.0,0.0,0.0,0,0,0
72379,2,24,218.18181818181816,0.2727272727272727,0.09090909090909091,24,11,0.18181818181818182,0.0,0.9027777777777778,5.0,0.05555555555555555,2,0,0
95315,0,552,172.5,0.215625,0.065625,99,320,0.303125,0.0,0.0,0.0,0.0,0,0,5
45443,1,0,0.0,0.0,0.0,0,0,0.0,0.0,1.125,5.0,0.041666666666666664,1,0,0
45222,2,430,120.78651685393258,0.08426966292134831,0.0449438202247191,59,356,0.35674157303370785,0.0,0.9305555555555556,5.0,0.1111111111111111,4,0,4
81197,2,86,156.36363636363637,0.07272727272727272,0.12727272727272726,34,55,0.34545454545454546,0.0,1.2222222222222223,5.0,0.05555555555555555,1,0,0
67586,1,0,0.0,0.0,0.0,0,0,0.0,0.14285714285714285,1.0930232558139534,5.0,0.09302325581395349,3,0,0
49532,0,45,145.16129032258064,0.0967741935483871,0.0967741935483871,45,31,0.3548387096774194,0.0,0.0,0.0,0.0,0,0,0
66116,1,0,0.0,0.0,0.0,0,0,0.0,0.0,1.3280423280423281,5.0,0.09523809523809523,3,0,0
96757,1,0,0.0,0.0,0.0,0,0,0.0,0.0,1.8979591836734695,5.0,0.08163265306122448,2,0,0
66941,1,0,0.0,0.0,0.0,0,0,0.0,0.0,1.125,5.0,0.08333333333333333,3,0,0
68885,-1,0,0.0,0.0,0.0,0,0,0.0,0.0,0.0,0.0,0.0,0,0,0
53121,1,0,0.0,0.0,0.0,0,0,0.0,0.0,1.0833333333333333,5.0,0.041666666666666664,1,0,0
84635,1,0,0.0,0.0,0.0,0,0,0.0,0.06666666666666667,1.1777777777777778,5.0,0.08888888888888889,3,0,0
46597,2,136,144.6808510638298,0.13829787234042554,0.07446808510638298,56,94,0.4148936170212766,0.0,0.8670520231213873,5.0,0.11560693641618497,4,0,1
52539,0,43,93.47826086956522,0.13043478260869565,0.0,43,46,0.5217391304347826,0.0,0.0,0.0,0.0,0,0,0
64741,-1,0,0.0,0.0,0.0,0,0,0.0,0.0,0.0,0.0,0.0,0,0,0
49035,-1,0,0.0,0.0,0.0,0,0,0.0,0.0,0.0,0.0,0.0,0,0,0
95320,2,471,186.16600790513834,0.1857707509881423,0.10276679841897234,75,253,0.2845849802371542,0.0,1.1904761904761905,5.0,0.07142857142857142,2,0,4
89165,1,0,0.0,0.0,0.0,0,0,0.0,0.0,1.0416666666666667,5.0,0.041666666666666664,1,0,0
67090,-1,0,0.0,0.0,0.0,0,0,0.0,0.0,0.0,0.0,0.0,0,0,0
87603,1,0,0.0,0.0,0.0,0,0,0.0,0.04878048780487805,1.352,5.0,0.1,3,0,0
72393,0,370,188.77551020408163,0.09183673469387756,0.14795918367346939,75,196,0.23979591836734693,0.0,0.0,0.0,0.0,0,0,3
74975,2,285,148.4375,0.08854166666666667,0.09375,64,192,0.328125,0.0,1.2083333333333333,5.0,0.125,2,0,3
74633,1,0,0.0,0.0,0.0,0,0,0.0,0.0,1.3859649122807018,5.0,0.07894736842105263,2,0,0
52161,0,896,152.90102389078498,0.15870307167235495,0.06996587030716724,108,586,0.363481228668942,0.0,0.0,0.0,0.0,0,1,6
103872,1,0,0.0,0.0,0.0,0,0,0.0,0.0,1.625,5.0,0.125,3,0,0
48155,0,51,124.39024390243902,0.12195121951219512,0.024390243902439025,38,41,0.3170731707317073,0.0,0.0,0.0,0.0,0,0,0
72509,1,0,0.0,0.0,0.0,0,0,0.0,0.0,0.7083333333333334,5.0,0.125,3,0,0
70405,0,768,179.85948477751757,0.11475409836065574,0.13817330210772832,77,427,0.2997658079625293,0.0,0.0,0.0,0.0,0,0,7
72103,2,126,143.1818181818182,0.125,0.045454545454545456,63,88,0.25,0.0,1.091743119266055,5.0,0.11009174311926606,4,0,2
58253,1,0,0.0,0.0,0.0,0,0,0.0,0.0,1.625,5.0,0.08333333333333333,2,0,0
98673,1,0,0.0,0.0,0.0,0,0,0.0,0.017241379310344827,1.0539772727272727,5.0,0.09943181818181818,5,0,0
62182,0,115,106.4814814814815,0.08333333333333333,0.0,46,108,0.3055555555555556,0.0,0.0,0.0,0.0,0,0,0
67458,-1,0,0.0,0.0,0.0,0,0,0.0,0.0,0.0,0.0,0.0,0,0,0
103589,0,19,79.16666666666666,0.08333333333333333,0.0,19,24,0.4583333333333333,0.0,0.0,0.0,0.0,0,0,0
64864,2,22,110.00000000000001,0.0,0.1,22,20,0.4,0.0,1.3666666666666667,5.0,0.05,1,0,0
50789,1,0,0.0,0.0,0.0,0,0,0.0,0.0,1.4523809523809523,5.0,0.07142857142857142,2,0,0
66844,1,0,0.0,0.0,0.0,0,0,0.0,0.0,1.5416666666666667,5.0,0.08333333333333333,2,0,0
72397,1,0,0.0,0.0,0.0,0,0,0.0,0.14285714285714285,0.8478260869565217,5.0,0.17391304347826086,6,0,0
101751,-1,0,0.0,0.0,0.0,0,0,0.0,0.0,0.0,0.0,0.0,0,0,0
49441,1,0,0.0,0.0,0.0,0,0,0.0,0.0,1.5416666666666667,5.0,0.08333333333333333,2,0,0
60557,-1,0,0.0,0.0,0.0,0,0,0.0,0.0,0.0,0.0,0.0,0,0,0
96392,2,360,152.54237288135593,0.13559322033898305,0.08050847457627118,77,236,0.3389830508474576,0.0,1.3888888888888888,5.0,0.05555555555555555,1,0,2
46925,-1,0,0.0,0.0,0.0,0,0,0.0,0.0,0.0,0.0,0.0,0,0,0
59832,2,276,186.48648648648648,0.10135135135135136,0.16891891891891891,94,148,0.31756756756756754,0.0,1.1666666666666667,5.0,0.08333333333333333,2,0,1
101430,1,0,0.0,0.0,0.0,0,0,0.0,0.0,1.3347639484978542,5.0,0.10300429184549356,4,0,0
64758,-1,0,0.0,0.0,0.0,0,0,0.0,0.0,0.0,0.0,0.0,0,0,0
47154,1,0,0.0,0.0,0.0,0,0,0.0,0.031578947368421054,0.9055944055944056,5.0,0.08391608391608392,3,0,0
84201,0,28,70.0,0.025,0.025,28,40,0.525,0.0,0.0,0.0,0.0,0,0,0
104281,1,0,0.0,0.0,0.0,0,0,0.0,0.05,0.875,5.0,0.1,4,0,0
101217,1,0,0.0,0.0,0.0,0,0,0.0,0.0,1.6111111111111112,5.0,0.05555555555555555,1,0,0
84225,-1,0,0.0,0.0,0.0,0,0,0.0,0.0,0.0,0.0,0.0,0,0,0
96408,-1,0,0.0,0.0,0.0,0,0,0.0,0.0,0.0,0.0,0.0,0,0,0
69227,1,0,0.0,0.0,0.0,0,0,0.0,0.0,2.2222222222222223,5.0,0.1111111111111111,2,0,0
103766,0,153,151.4851485148515,0.13861386138613863,0.0891089108910891,46,101,0.38613861386138615,0.0,0.0,0.0,0.0,0,0,0
66101,2,34,161.9047619047619,0.19047619047619047,0.09523809523809523,34,21,0.42857142857142855,0.0,1.9166666666666667,5.0,0.08333333333333333,1,0,0
50781,1,0,0.0,0.0,0.0,0,0,0.0,0.0,1.2612612612612613,5.0,0.08108108108108109,2,0,0
63651,2,23,164.28571428571428,0.2857142857142857,0.0,23,14,0.21428571428571427,0.0,1.3028169014084507,5.0,0.08450704225352113,3,0,0
64443,-1,0,0.0,0.0,0.0,0,0,0.0,0.0,0.0,0.0,0.0,0,0,0
104770,1,0,0.0,0.0,0.0,0,0,0.0,0.0,1.0966183574879227,5.0,0.0966183574879227,3,0,0
82071,-1,0,0.0,0.0,0.0,0,0,0.0,0.0,0.0,0.0,0.0,0,0,0
100878,0,367,149.79591836734693,0.16326530612244897,0.053061224489795916,101,245,0.32653061224489793,0.0,0.0,0.0,0.0,0,1,4
54460,1,0,0.0,0.0,0.0,0,0,0.0,0.0,1.5476190476190477,5.0,0.07142857142857142,2,0,0
95319,-1,0,0.0,0.0,0.0,0,0,0.0,0.0,0.0,0.0,0.0,0,0,0
59339,2,97,164.40677966101697,0.06779661016949153,0.13559322033898305,47,59,0.3220338983050847,0.0,1.3875968992248062,5.0,0.10852713178294573,3,0,0
104814,0,65,135.41666666666669,0.08333333333333333,0.0625,33,48,0.2916666666666667,0.0,0.0,0.0,0.0,0,0,0
102743,0,747,156.9327731092437,0.18067226890756302,0.06092436974789916,104,476,0.33403361344537813,0.0,0.0,0.0,0.0,0,1,7
95094,0,758,131.59722222222223,0.12152777777777778,0.034722222222222224,75,576,0.3125,0.0,0.0,0.0,0.0,0,0,6
95323,1,0,0.0,0.0,0.0,0,0,0.0,0.0,1.1333333333333333,5.0,0.1,2,0,0
80607,1,0,0.0,0.0,0.0,0,0,0.0,0.0,1.5913978494623655,5.0,0.10215053763440861,4,0,0
101339,-1,0,0.0,0.0,0.0,0,0,0.0,0.0,0.0,0.0,0.0,0,0,0
101306,1,0,0.0,0.0,0.0,0,0,0.0,0.0,1.2083333333333333,5.0,0.08333333333333333,2,0,0
57196,2,22,146.66666666666666,0.13333333333333333,0.0,22,15,0.26666666666666666,0.0,1.5555555555555556,5.0,0.1111111111111111,2,0,0
80807,1,0,0.0,0.0,0.0,0,0,0.0,0.0,1.25,5.0,0.16666666666666666,4,0,0
103588,2,153,139.0909090909091,0.08181818181818182,0.06363636363636363,45,110,0.2909090909090909,0.0,1.180952380952381,5.0,0.11428571428571428,3,0,0
94125,0,33,117.85714285714286,0.14285714285714285,0.0,33,28,0.32142857142857145,0.0,0.0,0.0,0.0,0,0,0
54314,-1,0,0.0,0.0,0.0,0,0,0.0,0.0,0.0,0.0,0.0,0,0,0
51367,1,0,0.0,0.0,0.0,0,0,0.0,0.0,1.1176470588235294,5.0,0.09803921568627451,4,0,0
78281,-1,0,0.0,0.0,0.0,0,0,0.0,0.0,0.0,0.0,0.0,0,0,0
50771,2,239,140.58823529411762,0.06470588235294118,0.10588235294117647,89,170,0.35294117647058826,0.0,1.263157894736842,5.0,0.05263157894736842,1,0,2
77821,-1,0,0.0,0.0,0.0,0,0,0.0,0.0,0.0,0.0,0.0,0,0,0
73505,-1,0,0.0,0.0,0.0,0,0,0.0,0.0,0.0,0.0,0.0,0,0,0
73871,1,0,0.0,0.0,0.0,0,0,0.0,0.0,1.3541666666666667,5.0,0.08333333333333333,2,0,0
80645,0,138,145.26315789473685,0.08421052631578947,0.10526315789473684,52,95,0.3684210526315789,0.0,0.0,0.0,0.0,0,0,1
70691,1,0,0.0,0.0,0.0,0,0,0.0,0.0,1.7380952380952381,5.0,0.09523809523809523,3,0,0
101780,1,0,0.0,0.0,0.0,0,0,0.0,0.3333333333333333,2.0,5.0,0.05555555555555555,1,0,0
75315,-1,0,0.0,0.0,0.0,0,0,0.0,0.0,0.0,0.0,0.0,0,0,0
77669,1,0,0.0,0.0,0.0,0,0,0.0,0.0,1.7083333333333333,5.0,0.08333333333333333,2,0,0
89779,1,0,0.0,0.0,0.0,0,0,0.0,0.0,1.375,5.0,0.08333333333333333,2,0,0
86109,2,111,132.14285714285714,0.13095238095238096,0.03571428571428571,48,84,0.3333333333333333,0.0,0.875,5.0,0.041666666666666664,1,0,0
75321,-1,0,0.0,0.0,0.0,0,0,0.0,0.0,0.0,0.0,0.0,0,0,0
68063,-1,0,0.0,0.0,0.0,0,0,0.0,0.0,0.0,0.0,0.0,0,0,0
49346,-1,0,0.0,0.0,0.0,0,0,0.0,0.0,0.0,0.0,0.0,0,0,0
72385,1,0,0.0,0.0,0.0,0,0,0.0,0.25,0.9166666666666666,5.0,0.041666666666666664,1,0,0
50709,2,26,130.0,0.1,0.05,26,20,0.35,0.0,1.1666666666666667,5.0,0.09259259259259259,3,0,0
101312,0,66,140.4255319148936,0.0425531914893617,0.1276595744680851,66,47,0.40425531914893614,0.0,0.0,0.0,0.0,0,0,1
49309,-1,0,0.0,0.0,0.0,0,0,0.0,0.0,0.0,0.0,0.0,0,0,0
81147,2,545,154.39093484419263,0.1388101983002833,0.0821529745042493,83,353,0.34560906515580736,0.0,2.0,5.0,0.06666666666666667,1,0,8
66183,0,122,140.22988505747128,0.06896551724137931,0.05747126436781609,78,87,0.22988505747126436,0.0,0.0,0.0,0.0,0,0,1
78239,2,18,138.46153846153845,0.15384615384615385,0.0,18,13,0.23076923076923078,0.05,1.3666666666666667,5.0,0.1,5,0,0
108529,1,0,0.0,0.0,0.0,0,0,0.0,0.0,1.0454545454545454,5.0,0.13636363636363635,5,0,0
80639,1,0,0.0,0.0,0.0,0,0,0.0,0.0,0.8333333333333334,5.0,0.08333333333333333,1,0,0
104787,-1,0,0.0,0.0,0.0,0,0,0.0,0.0,0.0,0.0,0.0,0,0,0
71379,1,0,0.0,0.0,0.0,0,0,0.0,0.0,1.125,5.0,0.041666666666666664,1,0,0
70277,0,434,139.1025641025641,0.12179487179487179,0.05128205128205128,68,312,0.2948717948717949,0.0,0.0,0.0,0.0,0,0,3
106886,-1,0,0.0,0.0,0.0,0,0,0.0,0.0,0.0,0.0,0.0,0,0,0
58408,1,0,0.0,0.0,0.0,0,0,0.0,0.0,0.875,5.0,0.041666666666666664,1,0,0
80817,1,0,0.0,0.0,0.0,0,0,0.0,0.0,1.1515151515151516,5.0,0.10606060606060606,4,0,0
106418,-1,0,0.0,0.0,0.0,0,0,0.0,0.0,0.0,0.0,0.0,0,0,0
70695,-1,0,0.0,0.0,0.0,0,0,0.0,0.0,0.0,0.0,0.0,0,0,0
81141,-1,0,0.0,0.0,0.0,0,0,0.0,0.0,0.0,0.0,0.0,0,0,0
89889,-1,0,0.0,0.0,0.0,0,0,0.0,0.0,0.0,0.0,0.0,0,0,0
49427,1,0,0.0,0.0,0.0,0,0,0.0,0.0,1.2777777777777777,5.0,0.1111111111111111,2,0,0
83439,0,157,212.16216216216216,0.10810810810810811,0.17567567567567569,46,74,0.21621621621621623,0.0,0.0,0.0,0.0,0,0,0
58403,0,274,137.68844221105527,0.16080402010050251,0.02512562814070352,77,199,0.3065326633165829,0.0,0.0,0.0,0.0,0,0,3
80425,0,33,206.25,0.0625,0.1875,33,16,0.125,0.0,0.0,0.0,0.0,0,0,0
104396,0,479,159.66666666666666,0.12666666666666668,0.09,64,300,0.29,0.0,0.0,0.0,0.0,0,0,3
56511,0,83,166.0,0.14,0.1,43,50,0.36,0.0,0.0,0.0,0.0,0,0,0
110981,-1,0,0.0,0.0,0.0,0,0,0.0,0.0,0.0,0.0,0.0,0,0,0
80451,1,0,0.0,0.0,0.0,0,0,0.0,0.0,1.6666666666666667,5.0,0.2222222222222222,4,0,0
104922,-1,0,0.0,0.0,0.0,0,0,0.0,0.0,0.0,0.0,0.0,0,0,0
49024,0,20,133.33333333333331,0.13333333333333333,0.0,20,15,0.2,0.0,0.0,0.0,0.0,0,0,0
77887,0,26,78.78787878787878,0.0,0.030303030303030304,26,33,0.36363636363636365,0.0,0.0,0.0,0.0,0,0,0
102735,2,59,178.78787878787878,0.06060606060606061,0.12121212121212122,59,33,0.2727272727272727,0.0,1.0,5.0,0.16666666666666666,1,0,1
67342,1,0,0.0,0.0,0.0,0,0,0.0,0.0,1.2222222222222223,5.0,0.1111111111111111,2,0,0
101792,1,0,0.0,0.0,0.0,0,0,0.0,0.05,1.025,5.0,0.11666666666666667,4,0,0
72505,-1,0,0.0,0.0,0.0,0,0,0.0,0.0,0.0,0.0,0.0,0,0,0
54430,1,0,0.0,0.0,0.0,0,0,0.0,0.0,1.2916666666666667,5.0,0.08333333333333333,2,0,0
101414,1,0,0.0,0.0,0.0,0,0,0.0,0.0,1.3444444444444446,5.0,0.1111111111111111,4,0,0
75347,0,85,139.34426229508196,0.08196721311475409,0.08196721311475409,44,61,0.39344262295081966,0.0,0.0,0.0,0.0,0,0,0
107007,1,0,0.0,0.0,0.0,0,0,0.0,0.0,1.2,5.0,0.1,3,0,0
95429,2,163,149.54128440366972,0.11926605504587157,0.11009174311926606,49,109,0.43119266055045874,0.0,2.6666666666666665,5.0,0.3333333333333333,1,0,0
102753,0,310,131.35593220338984,0.1228813559322034,0.029661016949152543,65,236,0.2923728813559322,0.0,0.0,0.0,0.0,0,0,2
99252,1,0,0.0,0.0,0.0,0,0,0.0,0.0,1.2,5.0,0.2,1,0,0
101991,1,0,0.0,0.0,0.0,0,0,0.0,0.0,1.2,5.0,0.09166666666666666,4,0,0
58341,0,280,191.7808219178082,0.1643835616438356,0.1232876712328767,68,146,0.23972602739726026,0.0,0.0,0.0,0.0,0,0,2
96395,-1,0,0.0,0.0,0.0,0,0,0.0,0.0,0.0,0.0,0.0,0,0,0
55398,-1,0,0.0,0.0,0.0,0,0,0.0,0.0,0.0,0.0,0.0,0,0,0
104045,1,0,0.0,0.0,0.0,0,0,0.0,0.0,1.390625,5.0,0.125,4,0,0
96803,0,34,188.88888888888889,0.2777777777777778,0.05555555555555555,34,18,0.2222222222222222,0.0,0.0,0.0,0.0,0,0,0
103597,1,0,0.0,0.0,0.0,0,0,0.0,0.0,1.5223880597014925,5.0,0.11940298507462686,3,0,0
108718,-1,0,0.0,0.0,0.0,0,0,0.0,0.0,0.0,0.0,0.0,0,0,0
83915,1,0,0.0,0.0,0.0,0,0,0.0,0.0,1.7608695652173914,5.0,0.06521739130434782,2,0,0
104752,-1,0,0.0,0.0,0.0,0,0,0.0,0.0,0.0,0.0,0.0,0,0,0
51491,1,0,0.0,0.0,0.0,0,0,0.0,0.0,1.271604938271605,5.0,0.06790123456790123,2,0,0
58772,0,63,185.29411764705884,0.20588235294117646,0.08823529411764706,63,34,0.2647058823529412,0.0,0.0,0.0,0.0,0,0,1
63522,-1,0,0.0,0.0,0.0,0,0,0.0,0.0,0.0,0.0,0.0,0,0,0
111976,1,0,0.0,0.0,0.0,0,0,0.0,0.0,1.4466019417475728,5.0,0.10679611650485436,3,0,0
103701,1,0,0.0,0.0,0.0,0,0,0.0,0.0,1.0,5.0,0.041666666666666664,1,0,0
103599,1,0,0.0,0.0,0.0,0,0,0.0,0.0,0.8888888888888888,5.0,0.1111111111111111,2,0,0
59610,-1,0,0.0,0.0,0.0,0,0,0.0,0.0,0.0,0.0,0.0,0,0,0
90231,1,0,0.0,0.0,0.0,0,0,0.0,0.0,1.0714285714285714,5.0,0.07142857142857142,2,0,0
108519,-1,0,0.0,0.0,0.0,0,0,0.0,0.0,0.0,0.0,0.0,0,0,0
94051,1,0,0.0,0.0,0.0,0,0,0.0,0.0,1.2333333333333334,5.0,0.1,2,0,0
69697,2,169,211.24999999999997,0.1125,0.175,71,80,0.1875,0.0,0.6666666666666666,5.0,0.16666666666666666,1,0,2
108612,1,0,0.0,0.0,0.0,0,0,0.0,0.0,1.6666666666666667,5.0,0.16666666666666666,2,0,0
105938,1,0,0.0,0.0,0.0,0,0,0.0,0.0,1.3128205128205128,5.0,0.10256410256410256,4,0,0
94153,-1,0,0.0,0.0,0.0,0,0,0.0,0.0,0.0,0.0,0.0,0,0,0
96532,-1,0,0.0,0.0,0.0,0,0,0.0,0.0,0.0,0.0,0.0,0,0,0
88977,0,64,142.22222222222223,0.15555555555555556,0.044444444444444446,64,45,0.3111111111111111,0.0,0.0,0.0,0.0,0,0,1
85975,1,0,0.0,0.0,0.0,0,0,0.0,0.0,1.875,5.0,0.16666666666666666,4,0,0
104758,1,0,0.0,0.0,0.0,0,0,0.0,0.0,1.5,5.0,0.125,3,0,0
52319,0,93,147.61904761904762,0.12698412698412698,0.06349206349206349,57,63,0.38095238095238093,0.0,0.0,0.0,0.0,0,0,1
90143,0,39,121.875,0.15625,0.0625,39,32,0.5625,0.0,0.0,0.0,0.0,0,0,0
56832,0,143,166.27906976744185,0.23255813953488372,0.05813953488372093,53,86,0.43023255813953487,0.0,0.0,0.0,0.0,0,0,1
53649,0,226,159.1549295774648,0.176056338028169,0.07042253521126761,61,142,0.3591549295774648,0.0,0.0,0.0,0.0,0,0,1
85763,1,0,0.0,0.0,0.0,0,0,0.0,0.0,1.9444444444444444,5.0,0.1388888888888889,3,0,0
84027,-1,0,0.0,0.0,0.0,0,0,0.0,0.0,0.0,0.0,0.0,0,0,0
54369,1,0,0.0,0.0,0.0,0,0,0.0,0.0,0.8888888888888888,5.0,0.1111111111111111,2,0,0
62587,1,0,0.0,0.0,0.0,0,0,0.0,0.0,1.125,5.0,0.08333333333333333,2,0,0
96335,2,200,172.41379310344826,0.1206896551724138,0.1206896551724138,100,116,0.28448275862068967,0.0,1.6111111111111112,5.0,0.1111111111111111,2,1,2
102738,0,92,167.27272727272725,0.12727272727272726,0.10909090909090909,52,55,0.2909090909090909,0.0,0.0,0.0,0.0,0,0,1
108342,2,58,175.75757575757575,0.09090909090909091,0.15151515151515152,58,33,0.36363636363636365,0.0,2.0,5.0,0.07142857142857142,1,0,1
95329,1,0,0.0,0.0,0.0,0,0,0.0,0.07142857142857142,1.5681818181818181,5.0,0.14772727272727273,5,0,0
110107,-1,0,0.0,0.0,0.0,0,0,0.0,0.0,0.0,0.0,0.0,0,0,0
104817,0,108,156.52173913043478,0.17391304347826086,0.057971014492753624,56,69,0.3188405797101449,0.0,0.0,0.0,0.0,0,0,2
114312,1,0,0.0,0.0,0.0,0,0,0.0,0.0,1.1875,5.0,0.10416666666666667,3,0,0
58466,-1,0,0.0,0.0,0.0,0,0,0.0,0.0,0.0,0.0,0.0,0,0,0
70472,0,34,154.54545454545453,0.22727272727272727,0.045454545454545456,34,22,0.45454545454545453,0.0,0.0,0.0,0.0,0,0,0
114254,-1,0,0.0,0.0,0.0,0,0,0.0,0.0,0.0,0.0,0.0,0,0,0
50121,1,0,0.0,0.0,0.0,0,0,0.0,0.0,1.160621761658031,5.0,0.08808290155440414,3,0,0
110977,-1,0,0.0,0.0,0.0,0,0,0.0,0.0,0.0,0.0,0.0,0,0,0
77873,1,0,0.0,0.0,0.0,0,0,0.0,0.0,1.3333333333333333,5.0,0.08333333333333333,3,0,0
106850,1,0,0.0,0.0,0.0,0,0,0.0,0.0,1.0555555555555556,5.0,0.1111111111111111,2,0,0
101424,0,121,155.12820512820514,0.16666666666666666,0.05128205128205128,66,78,0.2948717948717949,0.0,0.0,0.0,0.0,0,0,2
56442,-1,0,0.0,0.0,0.0,0,0,0.0,0.0,0.0,0.0,0.0,0,0,0
102574,-1,0,0.0,0.0,0.0,0,0,0.0,0.0,0.0,0.0,0.0,0,0,0
69674,-1,0,0.0,0.0,0.0,0,0,0.0,0.0,0.0,0.0,0.0,0,0,0
105215,1,0,0.0,0.0,0.0,0,0,0.0,0.0,1.108695652173913,5.0,0.08695652173913043,3,0,0
79151,1,0,0.0,0.0,0.0,0,0,0.0,0.0,1.4659090909090908,5.0,0.09090909090909091,3,0,0
72363,0,324,183.05084745762713,0.23163841807909605,0.07909604519774012,89,177,0.3107344632768362,0.0,0.0,0.0,0.0,0,0,4
66691,-1,0,0.0,0.0,0.0,0,0,0.0,0.0,0.0,0.0,0.0,0,0,0
87569,1,0,0.0,0.0,0.0,0,0,0.0,0.0,1.4634146341463414,5.0,0.04878048780487805,1,0,0
110638,-1,0,0.0,0.0,0.0,0,0,0.0,0.0,0.0,0.0,0.0,0,0,0
48777,0,69,153.33333333333334,0.17777777777777778,0.06666666666666667,47,45,0.35555555555555557,0.0,0.0,0.0,0.0,0,0,0
110604,-1,0,0.0,0.0,0.0,0,0,0.0,0.0,0.0,0.0,0.0,0,0,0
66259,-1,0,0.0,0.0,0.0,0,0,0.0,0.0,0.0,0.0,0.0,0,0,0
106837,1,0,0.0,0.0,0.0,0,0,0.0,0.0,0.8,5.0,0.16,5,0,0
114297,-1,0,0.0,0.0,0.0,0,0,0.0,0.0,0.0,0.0,0.0,0,0,0
52656,0,10,66.66666666666666,0.06666666666666667,0.0,10,15,0.5333333333333333,0.0,0.0,0.0,0.0,0,0,0
108645,-1,0,0.0,0.0,0.0,0,0,0.0,0.0,0.0,0.0,0.0,0,0,0
61690,-1,0,0.0,0.0,0.0,0,0,0.0,0.0,0.0,0.0,0.0,0,0,0
101804,-1,0,0.0,0.0,0.0,0,0,0.0,0.0,0.0,0.0,0.0,0,0,0
104825,1,0,0.0,0.0,0.0,0,0,0.0,0.0,1.3076923076923077,5.0,0.15384615384615385,2,0,0
114290,-1,0,0.0,0.0,0.0,0,0,0.0,0.0,0.0,0.0,0.0,0,0,0
89105,0,125,178.57142857142858,0.12857142857142856,0.11428571428571428,61,70,0.2571428571428571,0.0,0.0,0.0,0.0,0,0,1
104818,-1,0,0.0,0.0,0.0,0,0,0.0,0.0,0.0,0.0,0.0,0,0,0
68405,0,48,145.45454545454547,0.15151515151515152,0.06060606060606061,29,33,0.3939393939393939,0.0,0.0,0.0,0.0,0,0,0
103611,-1,0,0.0,0.0,0.0,0,0,0.0,0.0,0.0,0.0,0.0,0,0,0
53330,2,29,126.08695652173914,0.17391304347826086,0.0,29,23,0.30434782608695654,0.0,1.0842105263157895,5.0,0.12631578947368421,4,0,0
89925,1,0,0.0,0.0,0.0,0,0,0.0,0.0,1.3888888888888888,5.0,0.08333333333333333,2,0,0
80247,1,0,0.0,0.0,0.0,0,0,0.0,0.0,1.5,5.0,0.1111111111111111,2,0,0
101328,1,0,0.0,0.0,0.0,0,0,0.0,0.0,2.0833333333333335,5.0,0.16666666666666666,2,0,0
110603,0,62,221.42857142857144,0.14285714285714285,0.17857142857142858,62,28,0.21428571428571427,0.0,0.0,0.0,0.0,0,0,1
69729,1,0,0.0,0.0,0.0,0,0,0.0,0.0,1.375,5.0,0.14583333333333334,4,0,0
101744,-1,0,0.0,0.0,0.0,0,0,0.0,0.0,0.0,0.0,0.0,0,0,0
68020,-1,0,0.0,0.0,0.0,0,0,0.0,0.0,0.0,0.0,0.0,0,0,0
111116,1,0,0.0,0.0,0.0,0,0,0.0,0.0,1.9166666666666667,5.0,0.08333333333333333,1,0,0
110974,-1,0,0.0,0.0,0.0,0,0,0.0,0.0,0.0,0.0,0.0,0,0,0
111042,1,0,0.0,0.0,0.0,0,0,0.0,0.0,0.8541666666666666,5.0,0.125,3,0,0
102751,-1,0,0.0,0.0,0.0,0,0,0.0,0.0,0.0,0.0,0.0,0,0,0
108673,-1,0,0.0,0.0,0.0,0,0,0.0,0.0,0.0,0.0,0.0,0,0,0
101791,0,94,218.60465116279067,0.11627906976744186,0.20930232558139536,61,43,0.3023255813953488,0.0,0.0,0.0,0.0,0,0,1
110679,-1,0,0.0,0.0,0.0,0,0,0.0,0.0,0.0,0.0,0.0,0,0,0
106914,-1,0,0.0,0.0,0.0,0,0,0.0,0.0,0.0,0.0,0.0,0,0,0
84659,-1,0,0.0,0.0,0.0,0,0,0.0,0.0,0.0,0.0,0.0,0,0,0
50309,-1,0,0.0,0.0,0.0,0,0,0.0,0.0,0.0,0.0,0.0,0,0,0
83741,2,155,212.32876712328766,0.1232876712328767,0.2054794520547945,100,73,0.3287671232876712,0.0,2.0,5.0,0.08333333333333333,1,1,2
104260,0,140,222.22222222222223,0.14285714285714285,0.2222222222222222,65,63,0.38095238095238093,0.0,0.0,0.0,0.0,0,0,2
101425,-1,0,0.0,0.0,0.0,0,0,0.0,0.0,0.0,0.0,0.0,0,0,0
114592,-1,0,0.0,0.0,0.0,0,0,0.0,0.0,0.0,0.0,0.0,0,0,0
88945,-1,0,0.0,0.0,0.0,0,0,0.0,0.0,0.0,0.0,0.0,0,0,0
58488,1,0,0.0,0.0,0.0,0,0,0.0,0.0,2.111111111111111,5.0,0.05555555555555555,1,0,0
116042,-1,0,0.0,0.0,0.0,0,0,0.0,0.0,0.0,0.0,0.0,0,0,0
63314,1,0,0.0,0.0,0.0,0,0,0.0,0.0,1.3043478260869565,5.0,0.043478260869565216,1,0,0
104755,-1,0,0.0,0.0,0.0,0,0,0.0,0.0,0.0,0.0,0.0,0,0,0
104757,-1,0,0.0,0.0,0.0,0,0,0.0,0.0,0.0,0.0,0.0,0,0,0
57022,-1,0,0.0,0.0,0.0,0,0,0.0,0.0,0.0,0.0,0.0,0,0,0
74477,-1,0,0.0,0.0,0.0,0,0,0.0,0.0,0.0,0.0,0.0,0,0,0
102870,-1,0,0.0,0.0,0.0,0,0,0.0,0.0,0.0,0.0,0.0,0,0,0
103088,-1,0,0.0,0.0,0.0,0,0,0.0,0.0,0.0,0.0,0.0,0,0,0
63101,-1,0,0.0,0.0,0.0,0,0,0.0,0.0,0.0,0.0,0.0,0,0,0
115076,-1,0,0.0,0.0,0.0,0,0,0.0,0.0,0.0,0.0,0.0,0,0,0
2281,0,854,126.14475627769572,0.15214180206794684,0.023633677991137372,75,677,0.38847858197932056,0.0,0.0,0.0,0.0,0,0,5
7130,0,50,151.5151515151515,0.15151515151515152,0.06060606060606061,50,33,0.3333333333333333,0.0,0.0,0.0,0.0,0,0,1
2232,2,1066,115.86956521739131,0.11739130434782609,0.02391304347826087,89,920,0.375,0.0,1.1126126126126126,5.0,0.08108108108108109,3,0,10
12049,2,195,140.28776978417267,0.12949640287769784,0.050359712230215826,77,139,0.26618705035971224,0.0,2.3333333333333335,5.0,0.16666666666666666,1,0,1
3947,0,162,154.2857142857143,0.11428571428571428,0.05714285714285714,50,105,0.23809523809523808,0.0,0.0,0.0,0.0,0,0,1
7987,1,0,0.0,0.0,0.0,0,0,0.0,0.0,0.8666666666666667,5.0,0.1,2,0,0
8244,0,9,90.0,0.1,0.0,9,10,0.4,0.0,0.0,0.0,0.0,0,0,0
2292,1,0,0.0,0.0,0.0,0,0,0.0,0.0,1.4210526315789473,5.0,0.05263157894736842,1,0,0
2024,2,462,124.19354838709677,0.12096774193548387,0.0456989247311828,86,372,0.40591397849462363,0.0,0.8939393939393939,5.0,0.07575757575757576,2,0,3
2230,0,28,84.84848484848484,0.030303030303030304,0.030303030303030304,28,33,0.5151515151515151,0.0,0.0,0.0,0.0,0,0,0
11984,2,364,138.93129770992368,0.08015267175572519,0.08778625954198473,71,262,0.3702290076335878,0.0,1.7391304347826086,5.0,0.17391304347826086,2,0,2
19647,-1,0,0.0,0.0,0.0,0,0,0.0,0.0,0.0,0.0,0.0,0,0,0
7704,2,48,104.34782608695652,0.06521739130434782,0.043478260869565216,48,46,0.4782608695652174,0.0,1.2,5.0,0.14285714285714285,3,0,0
7129,2,13,76.47058823529412,0.0,0.0,13,17,0.29411764705882354,0.0,1.2878787878787878,5.0,0.07575757575757576,3,0,0
7136,2,21,105.0,0.1,0.0,21,20,0.4,0.029411764705882353,1.0784313725490196,5.0,0.06372549019607843,2,0,0
15851,0,20,68.96551724137932,0.06896551724137931,0.0,20,29,0.6551724137931034,0.0,0.0,0.0,0.0,0,0,0
9235,2,168,143.5897435897436,0.19658119658119658,0.03418803418803419,71,117,0.3504273504273504,0.0,1.4761904761904763,5.0,0.07142857142857142,2,0,2
9587,0,395,133.89830508474577,0.15593220338983052,0.023728813559322035,56,295,0.3152542372881356,0.0,0.0,0.0,0.0,0,0,3
6259,0,159,151.42857142857142,0.1619047619047619,0.05714285714285714,75,105,0.3904761904761905,0.0,0.0,0.0,0.0,0,0,2
4175,-1,0,0.0,0.0,0.0,0,0,0.0,0.0,0.0,0.0,0.0,0,0,0
5966,2,25,227.27272727272728,0.18181818181818182,0.18181818181818182,25,11,0.2727272727272727,0.0,1.0625,5.0,0.041666666666666664,1,0,0
9801,-1,0,0.0,0.0,0.0,0,0,0.0,0.0,0.0,0.0,0.0,0,0,0
12020,1,0,0.0,0.0,0.0,0,0,0.0,0.0,1.125,5.0,0.075,2,0,0
2119,0,437,142.34527687296418,0.14006514657980457,0.05863192182410423,93,307,0.3745928338762215,0.0,0.0,0.0,0.0,0,0,4
6256,0,590,126.06837606837607,0.1346153846153846,0.03205128205128205,88,468,0.36538461538461536,0.0,0.0,0.0,0.0,0,0,5
9989,1,0,0.0,0.0,0.0,0,0,0.0,0.0,2.0,5.0,0.13636363636363635,2,0,0
8821,0,379,138.82783882783883,0.17216117216117216,0.029304029304029304,71,273,0.34798534798534797,0.0,0.0,0.0,0.0,0,0,4
45592,1,0,0.0,0.0,0.0,0,0,0.0,0.0,1.4680851063829787,5.0,0.07446808510638298,2,0,0
51453,-1,0,0.0,0.0,0.0,0,0,0.0,0.0,0.0,0.0,0.0,0,0,0
2041,1,0,0.0,0.0,0.0,0,0,0.0,0.014084507042253521,0.9061032863849765,5.0,0.07276995305164319,3,0,0
7781,2,1121,178.78787878787878,0.20893141945773525,0.07496012759170653,119,627,0.2822966507177033,0.0,1.75,5.0,0.08333333333333333,1,1,10
7630,0,199,110.55555555555556,0.10555555555555556,0.011111111111111112,42,180,0.36666666666666664,0.0,0.0,0.0,0.0,0,0,0
4380,2,20,166.66666666666669,0.25,0.08333333333333333,20,12,0.5,0.0,0.9375,5.0,0.07291666666666667,3,0,0
11374,2,28,155.55555555555557,0.1111111111111111,0.1111111111111111,28,18,0.3888888888888889,0.0,1.2272727272727273,5.0,0.09090909090909091,2,0,0
12402,-1,0,0.0,0.0,0.0,0,0,0.0,0.0,0.0,0.0,0.0,0,0,0
2101,1,0,0.0,0.0,0.0,0,0,0.0,0.0,1.3055555555555556,5.0,0.1388888888888889,4,0,0
54936,-1,0,0.0,0.0,0.0,0,0,0.0,0.0,0.0,0.0,0.0,0,0,0
7632,0,49,116.66666666666667,0.16666666666666666,0.0,34,42,0.4523809523809524,0.0,0.0,0.0,0.0,0,0,0
3329,-1,0,0.0,0.0,0.0,0,0,0.0,0.0,0.0,0.0,0.0,0,0,0
47252,-1,0,0.0,0.0,0.0,0,0,0.0,0.0,0.0,0.0,0.0,0,0,0
51109,-1,0,0.0,0.0,0.0,0,0,0.0,0.0,0.0,0.0,0.0,0,0,0
2000,2,34,103.03030303030303,0.09090909090909091,0.0,34,33,0.30303030303030304,0.0,1.1300813008130082,5.0,0.08536585365853659,4,0,0
9815,1,0,0.0,0.0,0.0,0,0,0.0,0.0,1.07035175879397,5.0,0.10050251256281408,4,0,0
17850,-1,0,0.0,0.0,0.0,0,0,0.0,0.0,0.0,0.0,0.0,0,0,0
1988,2,216,211.76470588235296,0.18627450980392157,0.17647058823529413,114,102,0.37254901960784315,0.0,1.0625,5.0,0.08333333333333333,2,1,2
7447,-1,0,0.0,0.0,0.0,0,0,0.0,0.0,0.0,0.0,0.0,0,0,0
48349,0,29,152.63157894736844,0.15789473684210525,0.10526315789473684,29,19,0.5263157894736842,0.0,0.0,0.0,0.0,0,0,0
47308,2,134,163.41463414634146,0.14634146341463414,0.07317073170731707,45,82,0.2804878048780488,0.0,1.0909090909090908,5.0,0.09090909090909091,3,0,0
2228,2,22,104.76190476190477,0.09523809523809523,0.047619047619047616,22,21,0.47619047619047616,0.0,0.6666666666666666,5.0,0.08333333333333333,2,0,0
7700,-1,0,0.0,0.0,0.0,0,0,0.0,0.0,0.0,0.0,0.0,0,0,0
2120,-1,0,0.0,0.0,0.0,0,0,0.0,0.0,0.0,0.0,0.0,0,0,0
44930,0,405,149.44649446494464,0.1033210332103321,0.07380073800738007,81,271,0.3025830258302583,0.0,0.0,0.0,0.0,0,0,3
4176,0,862,164.81835564053537,0.17782026768642448,0.08795411089866156,109,523,0.3881453154875717,0.0,0.0,0.0,0.0,0,1,9
8163,2,286,152.12765957446808,0.12234042553191489,0.0851063829787234,71,188,0.32978723404255317,0.0,1.9166666666666667,5.0,0.16666666666666666,2,0,2
3317,0,111,132.14285714285714,0.15476190476190477,0.023809523809523808,52,84,0.2976190476190476,0.0,0.0,0.0,0.0,0,0,1
4382,2,228,142.5,0.125,0.05,53,160,0.31875,0.0,0.9285714285714286,5.0,0.11904761904761904,3,0,1
9570,2,36,87.8048780487805,0.07317073170731707,0.024390243902439025,36,41,0.4634146341463415,0.0,1.3333333333333333,5.0,0.125,3,0,0
7634,-1,0,0.0,0.0,0.0,0,0,0.0,0.0,0.0,0.0,0.0,0,0,0
8040,1,0,0.0,0.0,0.0,0,0,0.0,0.0,1.25,5.0,0.041666666666666664,1,0,0
2166,1,0,0.0,0.0,0.0,0,0,0.0,0.06666666666666667,0.8444444444444444,5.0,0.1,3,0,0
47123,1,0,0.0,0.0,0.0,0,0,0.0,0.02631578947368421,1.043859649122807,5.0,0.07894736842105263,4,0,0
48431,1,0,0.0,0.0,0.0,0,0,0.0,0.013513513513513514,1.1905829596412556,5.0,0.08071748878923767,3,0,0
9257,-1,0,0.0,0.0,0.0,0,0,0.0,0.0,0.0,0.0,0.0,0,0,0
48249,1,0,0.0,0.0,0.0,0,0,0.0,0.0,1.1527777777777777,5.0,0.08333333333333333,2,0,0
6315,0,646,139.22413793103448,0.15948275862068967,0.03017241379310345,110,464,0.3125,0.0,0.0,0.0,0.0,0,1,6
49005,0,120,160.0,0.16,0.09333333333333334,56,75,0.41333333333333333,0.0,0.0,0.0,0.0,0,0,1
4169,1,0,0.0,0.0,0.0,0,0,0.0,0.0,1.1666666666666667,5.0,0.125,3,0,0
8270,-1,0,0.0,0.0,0.0,0,0,0.0,0.0,0.0,0.0,0.0,0,0,0
19627,1,0,0.0,0.0,0.0,0,0,0.0,0.0,1.625,5.0,0.08333333333333333,2,0,0
48373,1,0,0.0,0.0,0.0,0,0,0.0,0.0,1.3709677419354838,5.0,0.06451612903225806,2,0,0
52946,-1,0,0.0,0.0,0.0,0,0,0.0,0.0,0.0,0.0,0.0,0,0,0
46688,1,0,0.0,0.0,0.0,0,0,0.0,0.0,1.7777777777777777,5.0,0.05555555555555555,1,0,0
10406,0,263,106.47773279352226,0.13360323886639677,0.008097165991902834,71,247,0.41700404858299595,0.0,0.0,0.0,0.0,0,0,1
6405,0,31,106.89655172413792,0.13793103448275862,0.034482758620689655,31,29,0.5172413793103449,0.0,0.0,0.0,0.0,0,0,0
47184,1,0,0.0,0.0,0.0,0,0,0.0,0.0,1.1666666666666667,5.0,0.08333333333333333,2,0,0
1973,1,0,0.0,0.0,0.0,0,0,0.0,0.02857142857142857,0.8199052132701422,5.0,0.08530805687203792,5,0,0
48128,1,0,0.0,0.0,0.0,0,0,0.0,0.0,1.0138888888888888,5.0,0.1111111111111111,3,0,0
55402,-1,0,0.0,0.0,0.0,0,0,0.0,0.0,0.0,0.0,0.0,0,0,0
5413,1,0,0.0,0.0,0.0,0,0,0.0,0.0,1.3333333333333333,5.0,0.041666666666666664,1,0,0
15739,-1,0,0.0,0.0,0.0,0,0,0.0,0.0,0.0,0.0,0.0,0,0,0
12018,0,48,120.0,0.15,0.025,48,40,0.375,0.0,0.0,0.0,0.0,0,0,0
9505,2,214,160.90225563909775,0.12030075187969924,0.08270676691729323,73,133,0.24060150375939848,0.0,1.314102564102564,5.0,0.08333333333333333,3,0,2
54479,0,58,145.0,0.125,0.075,35,40,0.325,0.0,0.0,0.0,0.0,0,0,0
11271,1,0,0.0,0.0,0.0,0,0,0.0,0.0,1.2604166666666667,5.0,0.08333333333333333,2,0,0
2347,0,293,117.67068273092369,0.10441767068273092,0.040160642570281124,69,249,0.42570281124497994,0.0,0.0,0.0,0.0,0,0,3
7723,-1,0,0.0,0.0,0.0,0,0,0.0,0.0,0.0,0.0,0.0,0,0,0
12106,0,104,116.85393258426966,0.16853932584269662,0.011235955056179775,44,89,0.4606741573033708,0.0,0.0,0.0,0.0,0,0,0
11647,0,24,126.3157894736842,0.2631578947368421,0.0,24,19,0.5263157894736842,0.0,0.0,0.0,0.0,0,0,0
6253,2,577,139.3719806763285,0.12077294685990338,0.05555555555555555,73,414,0.34299516908212563,0.0,1.1923076923076923,5.0,0.10256410256410256,3,0,5
44908,1,0,0.0,0.0,0.0,0,0,0.0,0.3333333333333333,1.4285714285714286,5.0,0.09523809523809523,2,0,0
2121,0,121,137.5,0.18181818181818182,0.022727272727272728,45,88,0.375,0.0,0.0,0.0,0.0,0,0,0
7528,2,40,173.91304347826087,0.2608695652173913,0.043478260869565216,40,23,0.34782608695652173,0.0,1.8333333333333333,5.0,0.08333333333333333,1,0,0
4073,-1,0,0.0,0.0,0.0,0,0,0.0,0.0,0.0,0.0,0.0,0,0,0
8197,-1,0,0.0,0.0,0.0,0,0,0.0,0.0,0.0,0.0,0.0,0,0,0
49361,2,67,136.73469387755102,0.10204081632653061,0.061224489795918366,37,49,0.30612244897959184,0.0,1.5833333333333333,5.0,0.08333333333333333,1,0,0
50809,-1,0,0.0,0.0,0.0,0,0,0.0,0.0,0.0,0.0,0.0,0,0,0
19596,0,34,121.42857142857142,0.14285714285714285,0.03571428571428571,34,28,0.4642857142857143,0.0,0.0,0.0,0.0,0,0,0
12928,0,112,116.66666666666667,0.14583333333333334,0.020833333333333332,45,96,0.4895833333333333,0.0,0.0,0.0,0.0,0,0,0
51479,1,0,0.0,0.0,0.0,0,0,0.0,0.0,1.5416666666666667,5.0,0.041666666666666664,1,0,0
10557,-1,0,0.0,0.0,0.0,0,0,0.0,0.0,0.0,0.0,0.0,0,0,0
12810,-1,0,0.0,0.0,0.0,0,0,0.0,0.0,0.0,0.0,0.0,0,0,0
8814,-1,0,0.0,0.0,0.0,0,0,0.0,0.0,0.0,0.0,0.0,0,0,0
48520,-1,0,0.0,0.0,0.0,0,0,0.0,0.0,0.0,0.0,0.0,0,0,0
9022,1,0,0.0,0.0,0.0,0,0,0.0,0.02564102564102564,1.0510638297872341,5.0,0.1276595744680851,5,0,0
7786,-1,0,0.0,0.0,0.0,0,0,0.0,0.0,0.0,0.0,0.0,0,0,0
10421,-1,0,0.0,0.0,0.0,0,0,0.0,0.0,0.0,0.0,0.0,0,0,0
7979,-1,0,0.0,0.0,0.0,0,0,0.0,0.0,0.0,0.0,0.0,0,0,0
7708,0,97,142.64705882352942,0.17647058823529413,0.014705882352941176,57,68,0.3088235294117647,0.0,0.0,0.0,0.0,0,0,1
1934,0,942,123.78449408672797,0.15111695137976347,0.013140604467805518,74,761,0.3495400788436268,0.0,0.0,0.0,0.0,0,0,6
6769,1,0,0.0,0.0,0.0,0,0,0.0,0.0,1.2916666666666667,5.0,0.08333333333333333,2,0,0
7419,0,380,133.80281690140845,0.1619718309859155,0.035211267605633804,71,284,0.397887323943662,0.0,0.0,0.0,0.0,0,0,4
49092,0,134,109.8360655737705,0.05737704918032787,0.05737704918032787,34,122,0.45081967213114754,0.0,0.0,0.0,0.0,0,0,0
5649,1,0,0.0,0.0,0.0,0,0,0.0,0.0,1.3333333333333333,5.0,0.16666666666666666,4,0,0
10671,1,0,0.0,0.0,0.0,0,0,0.0,0.0,1.0833333333333333,5.0,0.1111111111111111,2,0,0
10439,-1,0,0.0,0.0,0.0,0,0,0.0,0.0,0.0,0.0,0.0,0,0,0
54389,1,0,0.0,0.0,0.0,0,0,0.0,0.0,1.5,5.0,0.08333333333333333,1,0,0
7668,-1,0,0.0,0.0,0.0,0,0,0.0,0.0,0.0,0.0,0.0,0,0,0
45159,-1,0,0.0,0.0,0.0,0,0,0.0,0.0,0.0,0.0,0.0,0,0,0
49330,-1,0,0.0,0.0,0.0,0,0,0.0,0.0,0.0,0.0,0.0,0,0,0
6343,-1,0,0.0,0.0,0.0,0,0,0.0,0.0,0.0,0.0,0.0,0,0,0
52541,-1,0,0.0,0.0,0.0,0,0,0.0,0.0,0.0,0.0,0.0,0,0,0
50377,1,0,0.0,0.0,0.0,0,0,0.0,0.0,0.8055555555555556,5.0,0.05555555555555555,2,0,0
4271,-1,0,0.0,0.0,0.0,0,0,0.0,0.0,0.0,0.0,0.0,0,0,0
15267,1,0,0.0,0.0,0.0,0,0,0.0,0.0,1.0666666666666667,5.0,0.13333333333333333,2,0,0
44946,2,212,140.3973509933775,0.1456953642384106,0.046357615894039736,73,151,0.3443708609271523,0.0,1.75,5.0,0.08333333333333333,1,0,2
8107,0,489,149.54128440366972,0.12538226299694188,0.0764525993883792,103,327,0.3333333333333333,0.0,0.0,0.0,0.0,0,1,3
7549,0,11,73.33333333333333,0.0,0.06666666666666667,11,15,0.6666666666666666,0.0,0.0,0.0,0.0,0,0,0
59324,1,0,0.0,0.0,0.0,0,0,0.0,0.0,0.8611111111111112,5.0,0.1388888888888889,3,0,0
47695,1,0,0.0,0.0,0.0,0,0,0.0,0.2,0.6,5.0,0.06666666666666667,1,0,0
11930,1,0,0.0,0.0,0.0,0,0,0.0,0.0,0.7916666666666666,5.0,0.08333333333333333,2,0,0
44691,2,163,134.71074380165288,0.08264462809917356,0.06611570247933884,84,121,0.30578512396694213,0.0,1.1428571428571428,5.0,0.09523809523809523,3,0,1
46695,1,0,0.0,0.0,0.0,0,0,0.0,0.0,1.84,5.0,0.08,1,0,0
48879,1,0,0.0,0.0,0.0,0,0,0.0,0.0,0.8333333333333334,5.0,0.10416666666666667,3,0,0
59325,1,0,0.0,0.0,0.0,0,0,0.0,0.0,1.3529411764705883,5.0,0.07352941176470588,2,0,0
45774,1,0,0.0,0.0,0.0,0,0,0.0,0.0,1.125,5.0,0.08333333333333333,2,0,0
49318,-1,0,0.0,0.0,0.0,0,0,0.0,0.0,0.0,0.0,0.0,0,0,0
45617,-1,0,0.0,0.0,0.0,0,0,0.0,0.0,0.0,0.0,0.0,0,0,0
7793,0,249,151.82926829268294,0.1951219512195122,0.054878048780487805,120,164,0.38414634146341464,0.0,0.0,0.0,0.0,0,1,2
48571,0,28,90.32258064516128,0.12903225806451613,0.0,28,31,0.4838709677419355,0.0,0.0,0.0,0.0,0,0,0
49042,0,36,156.52173913043478,0.17391304347826086,0.0,36,23,0.08695652173913043,0.0,0.0,0.0,0.0,0,0,0
8077,-1,0,0.0,0.0,0.0,0,0,0.0,0.0,0.0,0.0,0.0,0,0,0
50409,1,0,0.0,0.0,0.0,0,0,0.0,0.0,1.1666666666666667,5.0,0.11904761904761904,4,0,0
9925,-1,0,0.0,0.0,0.0,0,0,0.0,0.0,0.0,0.0,0.0,0,0,0
53565,1,0,0.0,0.0,0.0,0,0,0.0,0.0,1.0714285714285714,5.0,0.09523809523809523,2,0,0
48744,-1,0,0.0,0.0,0.0,0,0,0.0,0.0,0.0,0.0,0.0,0,0,0
47391,2,32,152.38095238095238,0.047619047619047616,0.14285714285714285,32,21,0.5238095238095238,0.058823529411764705,0.9439252336448598,5.0,0.08411214953271028,3,0,0
6354,0,32,91.42857142857143,0.08571428571428572,0.0,32,35,0.45714285714285713,0.0,0.0,0.0,0.0,0,0,0
12084,2,200,127.38853503184713,0.10191082802547771,0.050955414012738856,78,157,0.3885350318471338,0.0,0.5833333333333334,5.0,0.08333333333333333,2,0,2
53581,1,0,0.0,0.0,0.0,0,0,0.0,0.0,1.0,5.0,0.1111111111111111,2,0,0
7221,-1,0,0.0,0.0,0.0,0,0,0.0,0.0,0.0,0.0,0.0,0,0,0
8114,0,39,121.875,0.1875,0.0,39,32,0.4375,0.0,0.0,0.0,0.0,0,0,0
8399,-1,0,0.0,0.0,0.0,0,0,0.0,0.0,0.0,0.0,0.0,0,0,0
47207,1,0,0.0,0.0,0.0,0,0,0.0,0.0,1.3333333333333333,5.0,0.05555555555555555,1,0,0
12601,1,0,0.0,0.0,0.0,0,0,0.0,0.0,1.119047619047619,5.0,0.11904761904761904,3,0,0
48269,1,0,0.0,0.0,0.0,0,0,0.0,0.0,0.8095238095238095,5.0,0.09523809523809523,3,0,0
47289,1,0,0.0,0.0,0.0,0,0,0.0,0.0,1.0904761904761904,5.0,0.0761904761904762,3,0,0
35384,0,56,100.0,0.10714285714285714,0.017857142857142856,34,56,0.44642857142857145,0.0,0.0,0.0,0.0,0,0,0
53314,-1,0,0.0,0.0,0.0,0,0,0.0,0.0,0.0,0.0,0.0,0,0,0
48253,-1,0,0.0,0.0,0.0,0,0,0.0,0.0,0.0,0.0,0.0,0,0,0
13029,-1,0,0.0,0.0,0.0,0,0,0.0,0.0,0.0,0.0,0.0,0,0,0
10401,2,211,124.85207100591715,0.11834319526627218,0.01775147928994083,67,169,0.33136094674556216,0.0,0.8421052631578947,5.0,0.07017543859649122,2,0,1
24672,-1,0,0.0,0.0,0.0,0,0,0.0,0.0,0.0,0.0,0.0,0,0,0
58340,-1,0,0.0,0.0,0.0,0,0,0.0,0.0,0.0,0.0,0.0,0,0,0
58265,1,0,0.0,0.0,0.0,0,0,0.0,0.0,2.0,5.0,0.16666666666666666,1,0,0
9253,2,33,106.4516129032258,0.0,0.03225806451612903,33,31,0.22580645161290322,0.0,1.369047619047619,5.0,0.08333333333333333,2,0,0
53582,2,46,176.9230769230769,0.15384615384615385,0.07692307692307693,23,26,0.19230769230769232,0.0,1.2777777777777777,5.0,0.16666666666666666,2,0,0
7540,1,0,0.0,0.0,0.0,0,0,0.0,0.0,1.0833333333333333,5.0,0.08333333333333333,2,0,0
24667,-1,0,0.0,0.0,0.0,0,0,0.0,0.0,0.0,0.0,0.0,0,0,0
51158,-1,0,0.0,0.0,0.0,0,0,0.0,0.0,0.0,0.0,0.0,0,0,0
7642,-1,0,0.0,0.0,0.0,0,0,0.0,0.0,0.0,0.0,0.0,0,0,0
17752,0,70,132.0754716981132,0.16981132075471697,0.018867924528301886,45,53,0.32075471698113206,0.0,0.0,0.0,0.0,0,0,0
6377,0,76,180.95238095238096,0.11904761904761904,0.11904761904761904,76,42,0.2857142857142857,0.0,0.0,0.0,0.0,0,0,1
7519,2,45,115.38461538461537,0.07692307692307693,0.02564102564102564,27,39,0.358974358974359,0.0,0.9166666666666666,5.0,0.08333333333333333,1,0,0
45890,2,28,87.5,0.03125,0.0,28,32,0.25,0.0,1.6666666666666667,5.0,0.05555555555555555,1,0,0
15732,1,0,0.0,0.0,0.0,0,0,0.0,0.0,1.0972222222222223,5.0,0.08333333333333333,3,0,0
8021,-1,0,0.0,0.0,0.0,0,0,0.0,0.0,0.0,0.0,0.0,0,0,0
12619,0,41,141.3793103448276,0.06896551724137931,0.06896551724137931,41,29,0.20689655172413793,0.0,0.0,0.0,0.0,0,0,0
10485,-1,0,0.0,0.0,0.0,0,0,0.0,0.0,0.0,0.0,0.0,0,0,0
17780,1,0,0.0,0.0,0.0,0,0,0.0,0.0,1.011111111111111,5.0,0.08888888888888889,3,0,0
11920,0,366,136.56716417910448,0.1417910447761194,0.048507462686567165,92,268,0.3656716417910448,0.0,0.0,0.0,0.0,0,0,3
7133,-1,0,0.0,0.0,0.0,0,0,0.0,0.0,0.0,0.0,0.0,0,0,0
6335,1,0,0.0,0.0,0.0,0,0,0.0,0.0,0.6666666666666666,5.0,0.16666666666666666,3,0,0
53548,-1,0,0.0,0.0,0.0,0,0,0.0,0.0,0.0,0.0,0.0,0,0,0
10280,1,0,0.0,0.0,0.0,0,0,0.0,0.0,1.1666666666666667,5.0,0.0625,2,0,0
10787,0,128,170.66666666666669,0.30666666666666664,0.02666666666666667,83,75,0.37333333333333335,0.0,0.0,0.0,0.0,0,0,1
2066,-1,0,0.0,0.0,0.0,0,0,0.0,0.0,0.0,0.0,0.0,0,0,0
44876,-1,0,0.0,0.0,0.0,0,0,0.0,0.0,0.0,0.0,0.0,0,0,0
50886,0,33,122.22222222222223,0.14814814814814814,0.037037037037037035,33,27,0.4444444444444444,0.0,0.0,0.0,0.0,0,0,0
8161,1,0,0.0,0.0,0.0,0,0,0.0,0.0,1.4814814814814814,5.0,0.09259259259259259,2,0,0
9982,-1,0,0.0,0.0,0.0,0,0,0.0,0.0,0.0,0.0,0.0,0,0,0
12400,0,28,103.7037037037037,0.07407407407407407,0.0,28,27,0.3333333333333333,0.0,0.0,0.0,0.0,0,0,0
8539,0,37,176.19047619047618,0.09523809523809523,0.09523809523809523,37,21,0.14285714285714285,0.0,0.0,0.0,0.0,0,0,0
50810,1,0,0.0,0.0,0.0,0,0,0.0,0.02564102564102564,1.2136752136752136,5.0,0.06837606837606838,3,0,0
48863,1,0,0.0,0.0,0.0,0,0,0.0,0.0,1.125,5.0,0.08333333333333333,2,0,0
49193,2,81,137.28813559322032,0.1016949152542373,0.06779661016949153,36,59,0.3559322033898305,0.0,1.3333333333333333,5.0,0.07692307692307693,3,0,0
53754,-1,0,0.0,0.0,0.0,0,0,0.0,0.0,0.0,0.0,0.0,0,0,0
49034,-1,0,0.0,0.0,0.0,0,0,0.0,0.0,0.0,0.0,0.0,0,0,0
2314,2,51,121.42857142857142,0.023809523809523808,0.07142857142857142,51,42,0.30952380952380953,0.0,0.7916666666666666,5.0,0.08333333333333333,2,0,1
9946,-1,0,0.0,0.0,0.0,0,0,0.0,0.0,0.0,0.0,0.0,0,0,0
49403,-1,0,0.0,0.0,0.0,0,0,0.0,0.0,0.0,0.0,0.0,0,0,0
45487,1,0,0.0,0.0,0.0,0,0,0.0,0.045454545454545456,0.9197080291970803,5.0,0.0948905109489051,4,0,0
51187,1,0,0.0,0.0,0.0,0,0,0.0,0.0,0.75,5.0,0.08333333333333333,1,0,0
49314,0,30,166.66666666666669,0.1111111111111111,0.05555555555555555,30,18,0.16666666666666666,0.0,0.0,0.0,0.0,0,0,0
48998,-1,0,0.0,0.0,0.0,0,0,0.0,0.0,0.0,0.0,0.0,0,0,0
7128,-1,0,0.0,0.0,0.0,0,0,0.0,0.0,0.0,0.0,0.0,0,0,0
48263,-1,0,0.0,0.0,0.0,0,0,0.0,0.0,0.0,0.0,0.0,0,0,0
49750,-1,0,0.0,0.0,0.0,0,0,0.0,0.0,0.0,0.0,0.0,0,0,0
7575,-1,0,0.0,0.0,0.0,0,0,0.0,0.0,0.0,0.0,0.0,0,0,0
12548,-1,0,0.0,0.0,0.0,0,0,0.0,0.0,0.0,0.0,0.0,0,0,0
54137,-1,0,0.0,0.0,0.0,0,0,0.0,0.0,0.0,0.0,0.0,0,0,0
36039,1,0,0.0,0.0,0.0,0,0,0.0,0.0,1.875,5.0,0.125,1,0,0
11385,1,0,0.0,0.0,0.0,0,0,0.0,0.0,1.1666666666666667,5.0,0.0625,2,0,0
58116,2,81,117.3913043478261,0.043478260869565216,0.057971014492753624,34,69,0.3188405797101449,0.0,0.5,5.0,0.16666666666666666,1,0,0
8807,1,0,0.0,0.0,0.0,0,0,0.0,0.2,1.1333333333333333,5.0,0.1,2,0,0
61334,-1,0,0.0,0.0,0.0,0,0,0.0,0.0,0.0,0.0,0.0,0,0,0
61988,0,101,108.6021505376344,0.10752688172043011,0.021505376344086023,41,93,0.43010752688172044,0.0,0.0,0.0,0.0,0,0,0
35344,-1,0,0.0,0.0,0.0,0,0,0.0,0.0,0.0,0.0,0.0,0,0,0
9639,0,102,107.36842105263158,0.08421052631578947,0.021052631578947368,45,95,0.35789473684210527,0.0,0.0,0.0,0.0,0,0,0
10562,1,0,0.0,0.0,0.0,0,0,0.0,0.125,1.0416666666666667,5.0,0.08333333333333333,3,0,0
47186,-1,0,0.0,0.0,0.0,0,0,0.0,0.0,0.0,0.0,0.0,0,0,0
15813,-1,0,0.0,0.0,0.0,0,0,0.0,0.0,0.0,0.0,0.0,0,0,0
61489,1,0,0.0,0.0,0.0,0,0,0.0,0.0,1.0602409638554218,5.0,0.12048192771084337,4,0,0
45358,0,80,137.93103448275863,0.1206896551724138,0.05172413793103448,42,58,0.27586206896551724,0.0,0.0,0.0,0.0,0,0,0
4130,-1,0,0.0,0.0,0.0,0,0,0.0,0.0,0.0,0.0,0.0,0,0,0
57148,-1,0,0.0,0.0,0.0,0,0,0.0,0.0,0.0,0.0,0.0,0,0,0
34747,-1,0,0.0,0.0,0.0,0,0,0.0,0.0,0.0,0.0,0.0,0,0,0
8726,-1,0,0.0,0.0,0.0,0,0,0.0,0.0,0.0,0.0,0.0,0,0,0
6426,-1,0,0.0,0.0,0.0,0,0,0.0,0.0,0.0,0.0,0.0,0,0,0
44814,1,0,0.0,0.0,0.0,0,0,0.0,0.0,0.9523809523809523,5.0,0.09523809523809523,2,0,0
10386,-1,0,0.0,0.0,0.0,0,0,0.0,0.0,0.0,0.0,0.0,0,0,0
46591,-1,0,0.0,0.0,0.0,0,0,0.0,0.0,0.0,0.0,0.0,0,0,0
46206,1,0,0.0,0.0,0.0,0,0,0.0,0.0,0.8333333333333334,5.0,0.16666666666666666,2,0,0
12036,-1,0,0.0,0.0,0.0,0,0,0.0,0.0,0.0,0.0,0.0,0,0,0
8241,-1,0,0.0,0.0,0.0,0,0,0.0,0.0,0.0,0.0,0.0,0,0,0
51196,1,0,0.0,0.0,0.0,0,0,0.0,0.0,1.6666666666666667,5.0,0.16666666666666666,3,0,0
47065,0,66,165.0,0.25,0.05,51,40,0.425,0.0,0.0,0.0,0.0,0,0,1
11830,-1,0,0.0,0.0,0.0,0,0,0.0,0.0,0.0,0.0,0.0,0,0,0
26889,0,23,88.46153846153845,0.07692307692307693,0.0,23,26,0.46153846153846156,0.0,0.0,0.0,0.0,0,0,0
60529,-1,0,0.0,0.0,0.0,0,0,0.0,0.0,0.0,0.0,0.0,0,0,0
48381,1,0,0.0,0.0,0.0,0,0,0.0,0.0,1.2666666666666666,5.0,0.13333333333333333,3,0,0
21588,-1,0,0.0,0.0,0.0,0,0,0.0,0.0,0.0,0.0,0.0,0,0,0
8989,-1,0,0.0,0.0,0.0,0,0,0.0,0.0,0.0,0.0,0.0,0,0,0
55401,1,0,0.0,0.0,0.0,0,0,0.0,0.0,1.2857142857142858,5.0,0.07142857142857142,2,0,0
47340,-1,0,0.0,0.0,0.0,0,0,0.0,0.0,0.0,0.0,0.0,0,0,0
56415,-1,0,0.0,0.0,0.0,0,0,0.0,0.0,0.0,0.0,0.0,0,0,0
51220,1,0,0.0,0.0,0.0,0,0,0.0,0.0,1.0,5.0,0.16666666666666666,1,0,0
7432,-1,0,0.0,0.0,0.0,0,0,0.0,0.0,0.0,0.0,0.0,0,0,0
48359,0,50,142.85714285714286,0.17142857142857143,0.08571428571428572,50,35,0.5142857142857142,0.0,0.0,0.0,0.0,0,0,1
59394,1,0,0.0,0.0,0.0,0,0,0.0,0.0,1.375,5.0,0.10416666666666667,3,0,0
58185,2,26,216.66666666666666,0.25,0.08333333333333333,26,12,0.25,0.0,1.1354166666666667,5.0,0.10416666666666667,4,0,0
57609,-1,0,0.0,0.0,0.0,0,0,0.0,0.0,0.0,0.0,0.0,0,0,0
9707,0,30,103.44827586206897,0.06896551724137931,0.034482758620689655,30,29,0.41379310344827586,0.0,0.0,0.0,0.0,0,0,0
10145,-1,0,0.0,0.0,0.0,0,0,0.0,0.0,0.0,0.0,0.0,0,0,0
3328,1,0,0.0,0.0,0.0,0,0,0.0,0.0,0.9814814814814815,5.0,0.06481481481481481,2,0,0
17731,-1,0,0.0,0.0,0.0,0,0,0.0,0.0,0.0,0.0,0.0,0,0,0
54010,1,0,0.0,0.0,0.0,0,0,0.0,0.0,1.6111111111111112,5.0,0.12037037037037036,4,0,0
66142,1,0,0.0,0.0,0.0,0,0,0.0,0.0,1.5476190476190477,5.0,0.047619047619047616,1,0,0
47693,-1,0,0.0,0.0,0.0,0,0,0.0,0.0,0.0,0.0,0.0,0,0,0
48189,-1,0,0.0,0.0,0.0,0,0,0.0,0.0,0.0,0.0,0.0,0,0,0
59215,2,32,177.77777777777777,0.1111111111111111,0.16666666666666666,32,18,0.3888888888888889,0.0,1.1833333333333333,5.0,0.1,3,0,0
50884,0,80,131.14754098360655,0.16393442622950818,0.0,50,61,0.32786885245901637,0.0,0.0,0.0,0.0,0,0,1
4173,2,116,136.47058823529412,0.1411764705882353,0.03529411764705882,61,85,0.3058823529411765,0.0,1.0863309352517985,5.0,0.1079136690647482,3,0,1
47324,1,0,0.0,0.0,0.0,0,0,0.0,0.0,0.6481481481481481,5.0,0.12962962962962962,4,0,0
44660,-1,0,0.0,0.0,0.0,0,0,0.0,0.0,0.0,0.0,0.0,0,0,0
9492,-1,0,0.0,0.0,0.0,0,0,0.0,0.0,0.0,0.0,0.0,0,0,0
59266,1,0,0.0,0.0,0.0,0,0,0.0,0.0,2.1666666666666665,5.0,0.16666666666666666,1,0,0
61318,-1,0,0.0,0.0,0.0,0,0,0.0,0.0,0.0,0.0,0.0,0,0,0
8876,1,0,0.0,0.0,0.0,0,0,0.0,0.0,1.0,5.0,0.08333333333333333,1,0,0
44865,1,0,0.0,0.0,0.0,0,0,0.0,0.08333333333333333,1.0972222222222223,5.0,0.06944444444444445,2,0,0
58269,0,89,128.9855072463768,0.11594202898550725,0.028985507246376812,42,69,0.2898550724637681,0.0,0.0,0.0,0.0,0,0,0
48248,0,48,100.0,0.08333333333333333,0.0,31,48,0.3333333333333333,0.0,0.0,0.0,0.0,0,0,0
61411,-1,0,0.0,0.0,0.0,0,0,0.0,0.0,0.0,0.0,0.0,0,0,0
50618,-1,0,0.0,0.0,0.0,0,0,0.0,0.0,0.0,0.0,0.0,0,0,0
59259,0,49,122.50000000000001,0.15,0.0,49,40,0.275,0.0,0.0,0.0,0.0,0,0,0
52373,-1,0,0.0,0.0,0.0,0,0,0.0,0.0,0.0,0.0,0.0,0,0,0
24777,-1,0,0.0,0.0,0.0,0,0,0.0,0.0,0.0,0.0,0.0,0,0,0
60588,1,0,0.0,0.0,0.0,0,0,0.0,0.0,1.4166666666666667,5.0,0.041666666666666664,1,0,0
45258,2,23,127.77777777777777,0.16666666666666666,0.0,23,18,0.3333333333333333,0.09090909090909091,1.0984848484848484,5.0,0.07575757575757576,3,0,0
50837,1,0,0.0,0.0,0.0,0,0,0.0,0.0,0.75,5.0,0.041666666666666664,1,0,0
47079,0,81,144.64285714285714,0.14285714285714285,0.05357142857142857,49,56,0.3392857142857143,0.0,0.0,0.0,0.0,0,0,0
62033,1,0,0.0,0.0,0.0,0,0,0.0,0.07142857142857142,1.1428571428571428,5.0,0.05952380952380952,2,0,0
52521,0,30,130.43478260869566,0.08695652173913043,0.043478260869565216,30,23,0.30434782608695654,0.0,0.0,0.0,0.0,0,0,0
53753,-1,0,0.0,0.0,0.0,0,0,0.0,0.0,0.0,0.0,0.0,0,0,0
44829,2,18,90.0,0.0,0.05,18,20,0.4,0.0,1.1136363636363635,5.0,0.13636363636363635,4,0,0
61383,-1,0,0.0,0.0,0.0,0,0,0.0,0.0,0.0,0.0,0.0,0,0,0
50068,-1,0,0.0,0.0,0.0,0,0,0.0,0.0,0.0,0.0,0.0,0,0,0
68573,1,0,0.0,0.0,0.0,0,0,0.0,0.0,1.1666666666666667,5.0,0.09090909090909091,3,0,0
58365,-1,0,0.0,0.0,0.0,0,0,0.0,0.0,0.0,0.0,0.0,0,0,0
58276,-1,0,0.0,0.0,0.0,0,0,0.0,0.0,0.0,0.0,0.0,0,0,0
55245,-1,0,0.0,0.0,0.0,0,0,0.0,0.0,0.0,0.0,0.0,0,0,0
59118,-1,0,0.0,0.0,0.0,0,0,0.0,0.0,0.0,0.0,0.0,0,0,0
75249,1,0,0.0,0.0,0.0,0,0,0.0,0.0,1.0833333333333333,5.0,0.08333333333333333,2,0,0
67457,-1,0,0.0,0.0,0.0,0,0,0.0,0.0,0.0,0.0,0.0,0,0,0
53391,-1,0,0.0,0.0,0.0,0,0,0.0,0.0,0.0,0.0,0.0,0,0,0
58511,-1,0,0.0,0.0,0.0,0,0,0.0,0.0,0.0,0.0,0.0,0,0,0
49002,1,0,0.0,0.0,0.0,0,0,0.0,0.0,1.6111111111111112,5.0,0.05555555555555555,1,0,0
53978,1,0,0.0,0.0,0.0,0,0,0.0,0.0,1.4583333333333333,5.0,0.125,4,0,0
66143,1,0,0.0,0.0,0.0,0,0,0.0,0.0,1.0,5.0,0.1111111111111111,2,0,0
60691,-1,0,0.0,0.0,0.0,0,0,0.0,0.0,0.0,0.0,0.0,0,0,0
64707,-1,0,0.0,0.0,0.0,0,0,0.0,0.0,0.0,0.0,0.0,0,0,0
46717,1,0,0.0,0.0,0.0,0,0,0.0,0.0,0.75,5.0,0.08333333333333333,2,0,0
52222,-1,0,0.0,0.0,0.0,0,0,0.0,0.0,0.0,0.0,0.0,0,0,0
55321,-1,0,0.0,0.0,0.0,0,0,0.0,0.0,0.0,0.0,0.0,0,0,0
61993,-1,0,0.0,0.0,0.0,0,0,0.0,0.0,0.0,0.0,0.0,0,0,0
48671,0,79,114.4927536231884,0.10144927536231885,0.028985507246376812,30,69,0.36231884057971014,0.0,0.0,0.0,0.0,0,0,0
48148,-1,0,0.0,0.0,0.0,0,0,0.0,0.0,0.0,0.0,0.0,0,0,0
56438,-1,0,0.0,0.0,0.0,0,0,0.0,0.0,0.0,0.0,0.0,0,0,0
